ticker,year,date,Sector,Industry,Return_Total,Return_Price,ROE,NetMargin,GrossMargin,DebtToEquity,CurrentRatio,ROA,PE,FCF_Yield,MarketCap,DividendPayout,ClosePrice,PricePrevYear
A,2020,2020-10-31,Healthcare,Diagnostics & Research,,0.3790266204040084,,,,,,,,,28838872862.07337,,101.7242660522461,73.76526641845703
A,2021,2021-10-31,Healthcare,Diagnostics & Research,0.5557027825824483,0.5472668838132694,0.22453145295973279,0.1914859946194018,0.539167589808514,0.5064019298571163,2.2242388758782203,0.11303129378794956,38.752161790876826,,43285842394.65346,0.19504132231404958,152.6835174560547,98.67949676513672
A,2022,2022-10-31,Healthcare,Diagnostics & Research,-0.11014591377320442,-0.1159057034493378,0.23638077285579642,0.18311915887850466,0.5435163551401869,0.5219604147031103,2.030091348737238,0.11906570451955943,32.381873609917015,,38373549481.07089,0.19936204146730463,135.35623168945312,153.10157775878906
A,2023,2023-10-31,Healthcare,Diagnostics & Research,-0.24065271143713485,-0.24755850914701613,0.21214713430282292,0.18147226693985072,0.507097907214986,0.4679213002566296,2.611353711790393,0.11520951407600112,24.3073165274463,,28873854035.82422,0.21370967741935484,101.84765625,135.3562469482422
A,2024,2024-10-31,Healthcare,Diagnostics & Research,0.2849946867050208,0.27545808100613145,0.21854866056290267,0.19800307219662058,0.543010752688172,0.5747711088504578,2.0891820580474936,0.10881310146885025,29.178669328883327,,36645691898.1539,0.2125678820791311,129.26150512695312,101.34516143798828
AA,2024,2024-12-31,Basic Materials,Aluminum,0.13475109905920815,0.12430250505932154,0.011634671320535195,0.005044136191677175,0.15561160151324085,0.546441729687803,1.447422680412371,0.004266211604095563,143.85923238900992,,9684291059.298214,1.5,37.40340042114258,33.26809310913086
AA,2023,2023-12-31,Basic Materials,Aluminum,-0.2523743361171704,-0.2586991347369853,-0.15314043754410728,-0.06170031276656241,0.06994597668467444,0.4636556104446013,1.453795379537954,-0.04599081596608972,,,8438792364.348648,,32.59294128417969,43.96722412109375
AA,2022,2022-12-31,Basic Materials,Aluminum,-0.24135978810301642,-0.2462224569648727,-0.024231678486997636,-0.0098787246004337,0.1798249136615533,0.367612293144208,1.7476697736351532,-0.008335592301436703,,,11160945694.708736,,43.10664749145508,57.18749237060547
AA,2021,2021-12-31,Basic Materials,Aluminum,1.5937846117255035,1.5904605219106054,0.0918236301369863,0.03530283080974325,0.2467906517445688,0.3994006849315068,1.5594166925224946,0.02855241264559068,25.304201851903866,,14806684733.881214,0.04428904428904429,57.187496185302734,22.07618904113769
AA,2020,2020-12-31,Basic Materials,Aluminum,,0.07159466074720783,,,,,,,,,5715849876.641159,,22.076187133789062,20.601247787475582
AAL,2020,2020-12-31,Industrials,Airlines,-0.4458267963673222,-0.44810745348658926,,,,,,,,,10405500809.215664,,15.770000457763672,28.574403762817383
AAL,2021,2021-12-31,Industrials,Airlines,0.13887118345838945,0.13887118345838945,0.2715258855585831,-0.06669566963389331,0.0009035539789840038,-6.291144414168937,0.9121330106282227,-0.02998480448944589,,,11850525021.068672,,17.959999084472656,15.770000457763672
AAL,2022,2022-12-31,Industrials,Airlines,-0.29064585631674394,-0.29064585631674394,-0.021900327642697018,0.002593371587265933,0.18453778767025383,-7.533540265563028,0.7103181987346483,0.0019624204215340875,67.05263037430612,,8406219028.517168,0.0,12.739999771118164,17.959999084472656
AAL,2023,2023-12-31,Industrials,Airlines,,0.056603718415068296,-0.1580161476355248,0.015571720845646737,0.22372508903538682,-7.81680123029604,0.6151754147402774,0.013035618002473912,11.107437669738266,,8868099077.364807,,13.4399995803833,12.720000267028809
AAL,2024,2024-12-31,Industrials,Airlines,,0.2685589953075614,-0.21272315815941664,0.015605688882330155,0.21148844330486433,-9.440281619311039,0.5414282774233381,0.013693087095155626,14.056451859012727,,11500816551.393776,,17.43000030517578,13.739999771118164
AAP,2024,2024-12-31,Consumer Cyclical,Auto Parts,-0.19396692415879146,-0.21099388743889,-0.1547451498703652,-0.03692279813558497,0.3747962878396609,1.6988131480011908,1.31684241956189,-0.031096926322933025,,,2773598561.9082108,,46.238243103027344,58.6031494140625
AAP,2023,2023-12-31,Consumer Cyclical,Auto Parts,-0.5445381973564505,-0.5697725246926257,0.011800876920048513,0.003228880207838464,0.41916359677817805,1.5185246185302541,1.201532764128609,0.002422141608165179,118.97311401367188,,3568297969.2675323,7.038607701362031,59.48655700683594,138.26768493652344
AAP,2022,2022-12-31,Consumer Cyclical,Auto Parts,-0.31978096176851506,-0.3455232089482634,0.17867167950655435,0.05076056354038759,0.46266567885840376,1.4048985223100101,1.1095706190780747,0.03874392470095601,17.23203094002702,,8548388566.031815,0.7240063565617719,142.50889587402344,217.7447662353516
AAP,2021,2021-12-31,Consumer Cyclical,Auto Parts,0.5658251636876577,0.5467679814588859,0.19071595321534984,0.054247644728504456,0.4477136683806467,1.0778955666208803,1.2114100573576045,0.048926092705152094,22.800499082235767,,13061408262.154955,0.2697300604242267,217.7447662353516,140.77403259277344
AAP,2020,2020-12-31,Consumer Cyclical,Auto Parts,,-0.008970515963917706,,,,,,,,,8444321968.756134,,140.77401733398438,142.0482635498047
AAPL,2024,2024-09-30,Technology,Consumer Electronics,0.37392000797544456,0.3678655867485308,1.6459350307287095,0.23971255769943867,0.4620634981523393,1.872326602282704,0.8673125765340832,0.25682503150857583,38.144844456722865,,3441792958820.801,0.16252026969360758,231.920654296875,169.54930114746094
AAPL,2023,2023-09-30,Technology,Consumer Electronics,0.272135740219205,0.2646941952667281,1.5607601454639075,0.2530623426432028,0.4413112957720756,1.7875325845589418,0.9880116717592975,0.27509834563776475,28.069269326538286,,2553506080421.9053,0.1549048920047425,172.0646209716797,136.05235290527344
AAPL,2022,2022-09-30,Technology,Consumer Electronics,-0.010629372961354891,-0.017848592306784823,1.9695887275023682,0.2530964070519973,0.43309630561360085,2.6144616356173036,0.8793560286267226,0.2829244092925685,22.267160868293523,,2019069977531.8909,0.14870294480125848,136.05235290527344,138.5248260498047
AAPL,2021,2021-09-30,Technology,Consumer Electronics,0.23834085133423535,0.2296871839088361,1.5007132667617689,0.2588179335569424,0.4177935962516778,2.163924552226977,1.0745531195957954,0.26974205275183616,24.692482361819017,,2055762443261.261,0.15279890156316012,138.5248260498047,112.65045928955078
ABBV,2020,2020-12-31,Healthcare,Drug Manufacturers - General,,0.27718289045284955,,,,,,,,,155760133486.32013,,88.17152404785156,69.03594207763672
ABBV,2021,2021-12-31,Healthcare,Drug Manufacturers - General,0.383716962504351,0.32426016190095214,0.7490913811007269,0.2053846290727263,0.6895563820132747,4.976895119418484,0.7935443541512758,0.07876939035958752,18.102642916893775,,206266957436.38196,0.8023739386588113,116.76204681396484,88.1715316772461
ABBV,2022,2022-12-31,Healthcare,Drug Manufacturers - General,0.29467480999378876,0.2459854734307822,0.6859858583516866,0.20387914700106796,0.7000378957522306,3.667033731308682,0.9636062021802424,0.08527070350491697,21.94325718944429,,257005599028.2864,0.8485130111524164,145.48379516601562,116.76203155517578
ABBV,2023,2023-12-31,Healthcare,Drug Manufacturers - General,0.07007705232484078,0.028874783517370353,0.4694015444015444,0.0895283331492323,0.6241577377664862,5.732142857142857,0.8721228297349436,0.036099501896652834,54.7701499041389,,263172676100.87415,2.1671807526218383,148.9748077392578,144.79391479492188
ABBV,2024,2024-12-31,Healthcare,Drug Manufacturers - General,0.23179400325777189,0.18859026225077588,1.2866165413533834,0.0759399297049739,0.6999325451769801,20.193684210526317,0.6601976825208392,0.03165114197142667,71.83954087261375,,303311873830.3895,2.5771388499298737,171.69650268554688,144.4539031982422
ABNB,2024,2024-12-31,Consumer Cyclical,Travel Services,,-0.034743615019427666,0.3147883975273419,0.23851558277787785,0.8308412898576834,0.2727056585829767,1.6907784666863497,0.12634190562526837,31.973236900756536,,56385346288.11627,,131.41000366210938,136.13999938964844
ABNB,2023,2023-12-31,Consumer Cyclical,Travel Services,,0.5728654471057201,0.5868952847519902,0.483210648381567,0.8282746798426943,0.2821800367421923,1.6591959798994975,0.2321143133930734,18.5745850452402,,57702617126.61435,,134.47999572753906,85.5
ABNB,2022,2022-12-31,Consumer Cyclical,Travel Services,,-0.4900594706907807,0.3404676258992806,0.2253839742826527,0.8215263721871652,0.4210431654676259,1.8627475557783906,0.11803217358772915,30.430108073791722,,36428855128.92345,,84.9000015258789,166.49000549316406
ABNB,2021,2021-12-31,Consumer Cyclical,Travel Services,,0.13412807923760106,-0.073717277486911,-0.05874499332443257,0.8070761014686249,0.5063874345549738,1.947790533102689,-0.02567843594981033,,,71437457968.42441,,166.49000549316406,146.8000030517578
ABNB,2020,2020-12-31,Consumer Cyclical,Travel Services,,,,,,,,,,,62988880423.84689,,146.8000030517578,
ABT,2024,2024-12-31,Healthcare,Medical Devices,0.06893653067549702,0.048126173435526755,0.2811765693185633,0.3194755661501788,0.554088200238379,0.3151435045317221,1.6709754891573074,0.1646154224089223,14.529660609380114,,193202449863.58652,0.2862259364273989,111.00660705566406,105.90958404541016
ABT,2023,2023-12-31,Healthcare,Medical Devices,0.040289809644970795,0.02056235384336023,0.14825272647203586,0.14268618015906653,0.5518462190530804,0.40483900215009194,1.6378874358789104,0.07816810992433142,32.42267304402919,,183962887397.3047,0.6213524375327626,105.69791412353516,103.56830596923828
ABT,2022,2022-12-31,Healthcare,Medical Devices,-0.19377547705494838,-0.2083360503264248,0.18898217303603554,0.15882069960827436,0.5614963461846838,0.48290901161205907,1.6285105558783652,0.09313791343131196,26.437391588450087,,179911598302.354,0.47728256166161837,103.37020111083984,130.57333374023438
ABT,2021,2021-12-31,Healthcare,Medical Devices,0.32367477331343364,0.3052836698770262,0.19750293279705045,0.16415554265815438,0.5696575739988392,0.5308641975308642,1.8495993895459748,0.0940342571413373,33.140451653959786,,227257615368.11215,0.4528355253853769,130.57337951660156,100.03448486328124
ABT,2020,2020-12-31,Healthcare,Medical Devices,,0.28040721562653365,,,,,,,,,174105947448.4414,,100.03450012207033,78.1270980834961
ACGL,2024,2024-12-31,Financial Services,Insurance - Diversified,0.3799553194965857,0.30764337031400296,0.20710854947166185,0.254695806261075,,0.13102785782901058,,0.06081290722928948,8.252904242548802,,34466893673.761024,0.4420222634508349,92.3499984741211,70.62322998046875
ACGL,2023,2023-12-31,Financial Services,Insurance - Diversified,0.20520412257558945,0.20340881330475957,0.24208576254563285,0.3342109222205506,,0.1485315752193102,,0.07542525379418055,6.182477232100837,,26812289845.715218,0.009002925950934054,71.84038543701172,59.69740676879883
ACGL,2022,2022-12-31,Financial Services,Insurance - Diversified,0.4077099062406933,0.405174259279382,0.11432997676219984,0.15284249767008387,,0.21107668474051122,,0.030756407584913523,15.629768371582031,,22166717697.20936,0.02710027100271003,59.39311981201172,42.26744079589844
ACGL,2021,2021-12-31,Financial Services,Insurance - Diversified,0.23599770271989906,0.23232612851623682,0.15923642112710742,0.24170775437023756,,0.20112320366257055,,0.04782604887768981,8.081728641663181,,15775066722.74025,0.021789522484932777,42.26744079589844,34.29890823364258
ACGL,2020,2020-12-31,Financial Services,Insurance - Diversified,,-0.15901147953039535,,,,,,,,,12801048649.138012,,34.29890823364258,40.78403854370117
ACN,2024,2024-08-31,Technology,Information Technology Services,0.07649897274737068,0.05999437637940591,0.25680928666575276,0.11194426556121763,0.32609352953344267,0.14566087751248327,1.099159011741437,0.1298852151124028,29.344510698651934,,208181371694.80115,0.4461905077189462,335.7012023925781,316.700927734375
ACN,2023,2023-08-31,Technology,Information Technology Services,0.15720273867446227,0.14058135672004018,0.2674502806015326,0.10718093853162163,0.32336675596647696,0.12256465702369443,1.2983442535908913,0.1340914450601865,29.049642947169513,,194019540213.0282,0.41146336994657834,312.8646545410156,274.30279541015625
ACN,2022,2022-08-31,Technology,Information Technology Services,-0.11997060795992284,-0.1325022617944837,0.31109829111850906,0.11165267633103418,0.31985975002072026,0.15044519165911557,1.2332511161014903,0.14550731549302748,25.611838973870796,,170105831618.15698,0.3573135980808382,274.30279541015625,316.20001220703125
ACN,2021,2021-08-31,Technology,Information Technology Services,0.4376310412176987,0.4214218218574161,0.30245643324181004,0.1168892313951079,0.3238280337778256,0.1795561719237005,1.2519369474577637,0.1368081915621196,34.51965865089383,,196087963070.729,0.3785620967259988,316.2000732421875,222.453369140625
ACT,2024,2024-12-31,Financial Services,Insurance - Specialty,0.17387543061535535,0.14659710177104984,0.13772113266038122,0.5724683259951479,,0.14872612535868004,,0.10550712708411568,7.285009859901271,,4695913827.562084,0.16236621961782846,31.835493087768555,27.765195846557617
ACT,2023,2023-12-31,Financial Services,Insurance - Specialty,0.3131994489155513,0.24779440151604437,0.143666050924078,0.5768562676499498,,0.16091540638039423,,0.10750567848369584,6.701740441241113,,4062917121.690922,0.3200007212502874,27.544153213500977,22.07427215576172
ACT,2022,2022-12-31,Financial Services,Insurance - Specialty,0.34022667180217353,0.24464430383751123,0.17170758280849022,0.643140345957933,,0.18113793335524717,,0.12333834692350822,5.136504029453216,,3265528220.168724,0.3561364866073901,22.13833236694336,17.786874771118164
ACT,2021,2021-12-31,Financial Services,Insurance - Specialty,,,0.1331584307285576,0.48803099488030993,,0.18034632859199667,,0.0931991401644762,5.29371216183617,,2623663531.7627716,0.3663791763081116,17.78687286376953,
ACT,2020,2020-12-31,Financial Services,Insurance - Specialty,,,,,,,,,,,,,,
ADBE,2020,2020-11-30,Technology,Software - Application,,0.5457952479813272,,,,,,,,,200287542510.98633,,478.4700012207031,309.5299987792969
ADBE,2021,2021-11-30,Technology,Software - Application,,0.3999832254414563,0.3258768669324863,0.3054798859676908,0.8818498574596135,0.3158072582280192,1.2505770340450086,0.1770125913145626,66.85129496865645,,280399199780.27344,,669.8499755859375,478.4700012207031
ADBE,2022,2022-11-30,Technology,Software - Application,,-0.4850638124244749,0.3384812468863426,0.27013518118823127,0.8770305577643985,0.32972742153583373,1.106791338582677,0.17507822565801584,34.15148442334468,,144387694934.08203,,344.92999267578125,669.8499755859375
ADBE,2023,2023-11-30,Technology,Software - Application,,0.7714029592664244,0.32861121201113935,0.2796640733680251,0.878716059559998,0.24700326916091536,1.3433523209307963,0.18227610060781088,51.69289422721024,,255768790087.89062,,611.010009765625,344.92999267578125
ADBE,2024,2024-11-30,Technology,Software - Application,,-0.15718314872739694,0.3941864587025877,0.25854452452917925,0.89035108114392,0.4293512938674229,1.067579127459367,0.18392325504465762,41.763755032931336,,216081325109.86328,,516.2000122070312,612.469970703125
ADCT,2024,2024-12-31,Healthcare,Biotechnology,,0.19879521057280136,0.7789401999585476,-2.22829877041659,0.9160184649265215,-0.6069719011853416,3.8199803651095454,-0.4902354183489658,,,223873797.12287784,,1.9900000095367432,1.659999966621399
ADCT,2023,2023-12-31,Healthcare,Biotechnology,,-0.5598958085950769,1.6192554418579552,-3.4511199286926018,0.9636418528422324,-0.8389736187090638,4.969572927441998,-0.6766211363597928,,,190123983.98726702,,1.690000057220459,3.839999914169312
ADCT,2022,2022-12-31,Healthcare,Biotechnology,,-0.8222772386842769,-1.9776717725390491,-0.748556510471254,0.9842740629228043,1.4773256472542826,5.308583214342376,-0.3201082184496974,,,403872818.3940995,,3.5899999141693115,20.200000762939453
ADCT,2021,2021-12-31,Healthcare,Biotechnology,,-0.3689471470746419,-1.3849645970810656,-6.782026712268184,0.9589291505734587,0.8411083281152161,7.103293433421248,-0.37222722065077385,,,2272487864.830227,,20.200000762939453,32.0099983215332
ADCT,2020,2020-12-31,Healthcare,Biotechnology,,,,,,,,,,,3601105445.123501,,32.0099983215332,
ADI,2024,2024-10-31,Technology,Semiconductors,0.44925802210908156,0.42553789684011517,0.04648789695635276,0.17346406769294284,0.5708341337690674,0.21747066357174347,1.8353882500970458,0.03390693389274512,66.87097782041968,,107903934642.00214,1.0979567326067268,219.33680725097656,153.86248779296875
ADI,2023,2023-10-31,Technology,Semiconductors,0.14909123564802618,0.12385807416666009,0.09319745901616758,0.2693566693827877,0.640135958286752,0.19720101058559564,1.3695912896430489,0.06792938741961745,23.20870202916269,,74785588673.66785,0.5065819822064883,152.01699829101562,135.26351928710938
ADI,2022,2022-10-31,Technology,Semiconductors,-0.14345890962151173,-0.16288918656166382,0.07537465114459564,0.22878073520014602,0.6269771489866824,0.1810556566302731,2.0215675156745427,0.054640807039830146,25.764482770647323,,66543631112.42853,0.5619493254834075,135.26353454589844,161.5837860107422
ADI,2021,2021-10-31,Technology,Semiconductors,0.5226183071425152,0.5018391749573837,0.03659723532055317,0.18999284805212588,0.6183158187586547,0.17957342785855182,1.9414120142424391,0.026574292137633466,47.10428315090995,,80179300216.20782,0.7978469845845362,162.98081970214844,108.52082061767578
ADI,2020,2020-10-31,Technology,Semiconductors,,0.10598017891344179,,,,,,,,,53364887689.368256,,108.47504425048828,98.08045959472656
ADM,2024,2024-12-31,Consumer Defensive,Farm Products,-0.2449250616808864,-0.2752285130312085,0.0811981234211476,0.02104524728165556,0.06755524377411434,0.5204799711295561,1.3902096499147356,0.0337894914681534,13.433558842907214,,23558369850.722347,0.5472222222222223,49.03248977661133,67.65234375
ADM,2023,2023-12-31,Consumer Defensive,Farm Products,-0.1743103975167847,-0.19823059536946824,0.14433117851815017,0.03707883110661628,0.0799808378133816,0.3976462787999337,1.595059479155503,0.06375501089125223,10.600028030609083,,32747584829.702812,0.28050531151306346,68.1581802368164,85.00970458984375
ADM,2022,2022-12-31,Consumer Defensive,Farm Products,0.38236566400433986,0.3515554054438578,0.17871849777631363,0.042735042735042736,0.07454015518531648,0.42365343436007247,1.4637675168451076,0.07260681901830227,10.645903749379357,,39436485322.212654,0.20714285714285716,82.07991790771484,60.7299690246582
ADM,2021,2021-12-31,Consumer Defensive,Farm Products,0.4125062042392227,0.37325500832751657,0.12052320149486141,0.03177749885629157,0.07022956281012094,0.4707478756061752,1.453845452888646,0.04825780247969218,12.678490401807558,,29178593170.038418,0.3078626799557032,60.7299690246582,44.22337341308594
ADM,2020,2020-12-31,Consumer Defensive,Farm Products,,0.12440858399336657,,,,,,,,,21247760243.43428,,44.22337341308594,39.33034133911133
ADP,2021,2021-06-30,Technology,Software - Application,,0.3634604664265191,,,,,,,,,73716550379.4497,,181.9759521484375,133.46624755859375
ADP,2022,2022-06-30,Technology,Software - Application,0.09996660662693362,0.07746148785449698,0.9143025454996434,0.17873962771921956,0.42649242649242647,1.0411434595231452,0.9935857806656067,0.04675731985374563,28.010301862444187,,79426757371.2999,0.5625826579402489,196.07211303710932,181.9759826660156
ADP,2023,2023-06-30,Technology,Software - Application,0.0921493912531701,0.06818265123470217,0.972329087230344,0.1894271660319117,0.4474078680005774,0.9514975349804793,0.9860408346505298,0.06694002471993879,25.510448311772038,,84842264459.97736,0.5579132473622509,209.44078063964844,196.0720672607422
ADP,2024,2024-06-30,Technology,Software - Application,0.12242825787578868,0.09669697673961158,0.8250505761280675,0.1953902075760574,0.45441242331767573,0.7300334242237664,1.010259538598048,0.06901791117806878,25.240994966947117,,93046248154.12329,0.5818496801705757,229.69305419921875,209.44076538085935
ADP,2025,2025-06-30,Technology,Software - Application,0.34427909043377247,0.31882348905419045,0.6592921784098255,0.19842030261321245,0.46027168071436564,1.4649967679379443,1.0478193142643957,0.07644282387065222,30.74212695410352,,124284067019.91052,0.5880089222246734,306.8064270019531,232.63645935058597
ADSK,2025,2025-01-31,Technology,Software - Application,,0.2206060587207623,0.42426554750095385,0.18137334855651607,0.9057250040776382,0.9763449065242273,0.6759852455833819,0.10264931228653189,60.80859303474426,,66315419219.9707,,311.3399963378906,255.07000732421875
ADSK,2024,2024-01-31,Technology,Software - Application,,0.17963372949733217,0.4884097035040431,0.16481717300345644,0.9070402037474986,1.415633423180593,0.8225695242472995,0.09140435835351089,60.575178414938826,,54061529479.98045,,253.8099975585937,215.16000366210935
ADSK,2023,2023-01-31,Technology,Software - Application,,-0.13863641680935979,0.7187772925764192,0.16443556443556442,0.9040959040959041,2.3283842794759826,0.83525,0.08720067810976902,56.92063588944691,,45829080780.02928,,215.16000366210932,249.7899932861328
ADSK,2022,2022-01-31,Technology,Software - Application,,-0.09962873560664344,0.585394581861013,0.11331509347925217,0.9046967624259006,3.6054181389870434,0.689448740334248,0.05774369699082142,111.5133898598807,,53205268569.94629,,249.7899932861328,277.42999267578125
ADSK,2021,2021-01-31,Technology,Software - Application,,0.45450850112574764,,,,,,,,,60986161560.05859,,286.32000732421875,196.8500061035156
ADT,2024,2024-12-31,Industrials,Security & Protection Services,0.08207590930665536,0.04530466515598106,0.13182826462106276,0.10228815424320284,0.8270647466563886,2.0277496769759846,0.7951700454192977,0.03121639413774518,13.019211475665752,,5181317752.497811,0.36376590899565514,6.769989967346191,6.476571083068848
ADT,2023,2023-12-31,Industrials,Security & Protection Services,-0.1900433896854491,-0.20998236928792885,0.12220962317408383,0.09951139351069373,0.838446070601424,2.065518129695939,0.6787519051376564,0.029003149192180902,13.868755102157593,,5094844325.320401,0.2777203034930207,6.6570024490356445,8.426397323608398
ADT,2022,2022-12-31,Industrials,Security & Protection Services,0.10511605422711566,0.08347198564651868,0.03909732201483696,0.030275195440155694,0.8405300526894245,2.8955660053731815,0.6470985903213817,0.007444096470076486,43.7626838684082,,6363700783.076835,0.9582551276542819,8.314909934997559,7.674319267272949
ADT,2021,2021-12-31,Industrials,Security & Protection Services,0.11019100051515084,0.08862619445250498,-0.10490904261033349,-0.0810950424284446,0.8161227851561952,2.995041737989651,0.5826952261579421,-0.020173607142411093,,,5873434711.363213,,7.674320697784424,7.049546241760254
ADT,2020,2020-12-31,Industrials,Security & Protection Services,,0.010151897537148305,,,,,,,,,5395271897.745487,,7.049545764923096,6.97869873046875
AEE,2020,2020-12-31,Utilities,Utilities - Regulated Electric,,0.0425655044278785,,,,,,,,,18360454241.046066,,67.89859771728516,65.12645721435547
AEE,2021,2021-12-31,Utilities,Utilities - Regulated Electric,0.20170507692624945,0.17093241778708157,0.10206185567010309,0.15483265561463871,0.4677822959024085,1.403298969072165,0.6963906581740976,0.027703931719602632,20.704340934753418,,21498851076.137146,0.5707070707070707,79.50466918945312,67.89859771728516
AEE,2022,2022-12-31,Utilities,Utilities - Regulated Electric,0.04883799426835903,0.020464385007114592,0.10220784164446137,0.13497549327636044,0.4201332160361945,1.4365245527217358,0.7926322043969103,0.028334740396791895,19.597024963673764,,21938811841.769836,0.5679702048417132,81.13168334960938,79.50466918945312
AEE,2023,2023-12-31,Utilities,Utilities - Regulated Electric,-0.111360834505933,-0.14138974381626104,0.10150674068199841,0.1536,0.46226666666666666,1.4544012688342585,0.6520179372197309,0.028214548126377664,15.98150871660067,,18928426061.686554,0.5746527777777778,69.99900817871094,81.52593994140625
AEE,2024,2024-12-31,Utilities,Utilities - Regulated Electric,0.3132483475230111,0.27466171336127,0.09757305596830114,0.15505706414797324,0.47920766102584283,1.5454845633151726,0.663346029885731,0.02650343064711422,19.73382941198565,,23586106513.59494,0.6040609137055838,87.22352600097656,68.42876434326172
AEP,2024,2024-12-31,Utilities,Utilities - Regulated Electric,0.22865044811854704,0.18181231434712472,0.11012180909893927,0.15045154224113014,0.631799120747618,1.6984538186892717,0.44497398015266004,0.02878499776868003,16.097992380887376,,48038900872.227585,0.6416703178187456,89.82679748535156,76.0076675415039
AEP,2023,2023-12-31,Utilities,Utilities - Regulated Electric,-0.049725047231930546,-0.0882793428820051,0.08746093548859851,0.11632415460718669,0.5862145261638474,1.7272950524226929,0.5250612935529542,0.022838318646311695,18.358930551780844,,41629422032.70193,0.7972465015171414,77.84186553955078,85.37907409667969
AEP,2022,2022-12-31,Utilities,Utilities - Regulated Electric,0.14264516537403718,0.10287367687520868,0.09656223057413345,0.11747753252374042,0.5749739046309733,1.7402002226556288,0.5107301960606951,0.024701482709925667,18.999367354972854,,45621822106.26938,0.7130721220527045,85.30715942382812,77.34989166259766
AEP,2021,2021-12-31,Utilities,Utilities - Regulated Electric,0.14746608134212139,0.10680987298723235,0.1109115061605121,0.14817174845164363,0.607664363982849,1.6341360126954692,0.6284210611023039,0.028380710561466065,15.594736222297914,,41366316979.77459,0.6107069651541337,77.34989166259766,69.88543701171875
AEP,2020,2020-12-31,Utilities,Utilities - Regulated Electric,,-0.09010102932559272,,,,,,,,,37374361643.67332,,69.88542938232422,76.80570220947266
AES,2024,2024-12-31,Utilities,Utilities - Diversified,-0.2654844289568844,-0.3039353866060972,0.4607574094401756,0.13674865613292067,0.1884671770646685,7.963227222832053,0.7969898494924746,0.03541745770577564,5.203161401263738,,8743584784.971878,0.2876712328767123,12.279460906982422,17.641265869140625
AES,2023,2023-12-31,Utilities,Utilities - Diversified,-0.2810938337583519,-0.3055266119409388,0.10008038585209003,0.019655825702557625,0.19766340385222608,10.803054662379422,0.6832802384133183,0.00555815978035224,50.63927241734096,,12620185146.1157,1.783132530120482,17.723745346069336,25.521129608154297
AES,2022,2022-12-31,Utilities,Utilities - Diversified,0.21763582448767987,0.18937726549178718,-0.22404595814526057,-0.043274946500752955,0.20194975033684712,9.642183011899878,1.1774765059312895,-0.01423246357167062,,,17761599454.18612,,24.9443302154541,20.972597122192383
AES,2021,2021-12-31,Utilities,Utilities - Diversified,0.08790491230192266,0.059456046514137724,-0.1461758398856326,-0.036711246746252583,0.24333542769948838,6.682987848463188,1.1318681318681318,-0.012407851227133452,,,14933525920.551218,,20.97259330749512,19.795623779296875
AES,2020,2020-12-31,Utilities,Utilities - Diversified,,0.22147169183337834,,,,,,,,,14095465281.156372,,19.795623779296875,16.206371307373047
AFL,2020,2020-12-31,Financial Services,Insurance - Life,,-0.1359988563645944,,,,,,,,,21283083627.546005,,39.79399871826172,46.05780792236328
AFL,2021,2021-12-31,Financial Services,Insurance - Life,0.3856602289464545,0.3454874711410044,0.12723664030313053,0.19637055601967882,,0.2392566084263074,,0.02685633037539196,8.379079254580216,,28636116877.927895,0.20207988655164263,53.54231643676758,39.79399108886719
AFL,2022,2022-12-31,Financial Services,Insurance - Life,0.2919731503621934,0.2577855566174433,0.21936444885799405,0.23069291420813534,,0.3695134061569017,,0.033536261367259255,9.717858164513439,,36018096772.82623,0.22159348121321865,67.34475708007812,53.54232025146485
AFL,2023,2023-12-31,Financial Services,Insurance - Life,0.21141232541907415,0.1847266791141515,0.2119172162838299,0.2472798683721671,,0.3349556515806231,,0.036764937975442696,10.306732452314126,,42886200279.62959,0.20734063103670317,80.1863784790039,67.68344116210938
AFL,2024,2024-12-31,Financial Services,Insurance - Life,0.30643364511304444,0.28084786122910543,0.20856004291516592,0.28455667084901715,,0.28730170894321405,,0.04629739890784751,10.56537964881271,,54416219236.10542,0.1997060444607753,101.7446060180664,79.43535614013672
AIG,2024,2024-12-31,Financial Services,Insurance - Diversified,0.12582893379330892,0.09751569671807847,-0.0330189788575057,-0.05148514851485148,,0.20982573316714095,,-0.00870309071298397,,,39693662383.18634,,71.64871215820312,65.28263092041016
AIG,2023,2023-12-31,Financial Services,Insurance - Diversified,0.14670438803227717,0.11555870451629657,0.08032898943793963,0.13029793626381486,,0.2338647438865736,,0.006754977693554308,13.319864234771115,,36748695216.3517,0.28163601427395,66.33292388916016,59.46161651611328
AIG,2022,2022-12-31,Financial Services,Insurance - Diversified,0.16698810234093067,0.13207324222114125,0.24962167439589944,0.34118432026688905,,0.6633878447644618,,0.019583400353868425,4.57265373359692,,32780484984.296608,0.0988559694925198,59.17013931274414,52.26705932617188
AIG,2021,2021-12-31,Financial Services,Insurance - Diversified,0.598310734992275,0.5392009655690256,0.15718054460549458,0.19942291045493893,,0.4573200315361756,,0.017391027189521433,4.373812495913965,,28956152094.87763,0.10726343204398572,52.26705932617188,33.95726776123047
AIG,2020,2020-12-31,Financial Services,Insurance - Diversified,,-0.23083311198789072,,,,,,,,,18812454961.84559,,33.9572639465332,44.14810943603516
AIV,2024,2024-12-31,Real Estate,REIT - Residential,0.1609195391823088,0.1609195391823088,-0.8333645095439869,-0.4910316802361522,0.5640002108501574,9.69855315272819,1.5109097079432257,-0.05236214235708336,,,864504992.6954336,,6.073895454406738,5.231969356536865
AIV,2023,2023-12-31,Real Estate,REIT - Residential,0.09971909253669352,0.09971909253669352,-0.47531831649754613,-0.8887724270702425,0.6058076419155592,3.621995584180843,1.7936488282443064,-0.07953959726725612,,,744672618.1422925,,5.231969356536865,4.7575507164001465
AIV,2022,2022-12-31,Real Estate,REIT - Residential,-0.07415797934946451,-0.07831157435404866,0.13822346181085401,0.39783759929391,0.6228302441894675,2.1225148397742455,2.725103189493433,0.0347172205684609,9.68201306401467,,675245871.6233064,0.040184348836595093,4.744186401367188,5.14727783203125
AIV,2021,2021-12-31,Real Estate,REIT - Residential,0.4621209443016135,0.4621209443016135,-0.011806658475922207,-0.03479827598389034,0.6018924138580749,3.2282061270764038,3.187227926078029,-0.0024280011388188084,,,732618369.5429077,,5.14727783203125,3.520418643951416
AIV,2020,2020-12-31,Real Estate,REIT - Residential,,0.061724637371656274,,,,,,,,,501065471.21287227,,3.520418405532837,3.3157546520233154
AIZ,2024,2024-12-31,Financial Services,Insurance - Property & Casualty,0.30430487987425087,0.2854648839899831,0.148863258072728,0.06400336771206062,,0.4079150919380422,,0.02170722374830814,14.578632233383578,,10637156008.15947,0.20507761115495923,210.80702209472656,163.99282836914062
AIZ,2023,2023-12-31,Financial Services,Insurance - Property & Casualty,0.41164684978679084,0.3863371851997433,0.13358977024638735,0.05771856696252111,,0.4325605572304813,,0.01910201217771858,13.834836313415273,,8342234350.034546,0.23704280155642024,165.3262939453125,119.2540283203125
AIZ,2022,2022-12-31,Financial Services,Insurance - Property & Casualty,-0.14823548513305032,-0.16861896671003293,0.06541017333932414,0.02713626998920828,,0.5036772530564949,,0.008352130155538042,24.041405101813893,,6126207180.482964,0.5430224150397687,121.40909576416016,146.0330352783203
AIZ,2021,2021-12-31,Financial Services,Insurance - Property & Casualty,0.19020706523225392,0.1645570498218562,0.24922677110594607,0.1336723075110919,,0.4030855950659761,,0.040146695518357575,14.316967234892005,,7368713279.972122,0.11918049640182111,146.03306579589844,125.39794921875
AIZ,2020,2020-12-31,Financial Services,Insurance - Property & Casualty,,0.06094815805341004,,,,,,,,,6327481193.622964,,125.39794158935548,118.19422149658205
AJG,2024,2024-12-31,Financial Services,Insurance Brokers,0.28269318951231764,0.273442818231982,0.07257796412533803,0.12658698906957222,0.422184527776095,0.6691244696950902,1.5075903597987752,0.02276391638342111,43.405188927283646,,72328648918.27391,0.3591987420523689,282.1337280273437,221.55194091796875
AJG,2023,2023-12-31,Financial Services,Insurance Brokers,0.21580353108691067,0.2057548716564553,0.08997429305912596,0.0962579056583167,0.42149941917612366,0.7718764210741232,1.0338454902188015,0.018783008303658956,50.1516212705034,,56828028770.26367,0.4884992264053636,221.670166015625,183.84347534179688
AJG,2022,2022-12-31,Financial Services,Insurance Brokers,0.12699323948483812,0.11674680709789918,0.12185572422240692,0.13030664514770893,0.4207190138703717,0.7015945579421672,1.0443609233970363,0.02904709268374072,35.182160541041966,,46810707916.24451,0.3854783701310357,182.5954132080078,163.5065460205078
AJG,2021,2021-12-31,Financial Services,Insurance Brokers,0.40317043243357376,0.3901698324171649,0.10657702975882657,0.11045874241722903,0.3624747240967671,0.7748695406892012,1.0558948311921124,0.027194481931324038,37.41568907993064,,41917032569.244385,0.4322893692104102,163.50656127929688,117.61624908447266
AJG,2020,2020-12-31,Financial Services,Insurance Brokers,,0.3212378819154448,,,,,,,,,30152454464.042664,,117.61624908447266,89.01973724365234
AKAM,2024,2024-12-31,Technology,Software - Infrastructure,,-0.19180394795869696,0.10350165024822906,0.1265088314999519,0.5939050924441166,0.9500339971018931,1.2327588803833744,0.04869596582434683,29.25076499262352,,13714825971.988953,,95.6500015258789,118.3499984741211
AKAM,2023,2023-12-31,Technology,Software - Infrastructure,,0.3864767855542893,0.11912345787775265,0.14366224894541332,0.603595301055636,0.9866926392518851,2.158819335963198,0.05531585387004109,33.204544674266465,,16758900118.819883,,116.87999725341795,84.30000305175781
AKAM,2022,2022-12-31,Technology,Software - Infrastructure,,-0.2740088811001503,0.12010310566955042,0.14479460849724635,0.6173758949570515,0.7280919373412196,2.40522526219122,0.06306717730086471,26.064417552362922,,12183468489.191162,,84.97000122070312,117.04000091552734
AKAM,2021,2021-12-31,Technology,Software - Infrastructure,,0.11477286691055456,0.143849886556642,0.18826929094138112,0.6333792997446278,0.6311099700795627,2.4298802668721478,0.08006735250328893,29.78117071641917,,16781842328.393372,,117.04000091552734,104.98999786376952
AKAM,2020,2020-12-31,Technology,Software - Infrastructure,,0.21544340358977226,,,,,,,,,15054046278.415464,,104.98999786376952,86.37999725341797
ALB,2020,2020-12-31,Basic Materials,Specialty Chemicals,,1.0538507908774513,,,,,,,,,16411897282.516296,,139.45860290527344,67.90103912353516
ALB,2021,2021-12-31,Basic Materials,Specialty Chemicals,0.6083894069845153,0.5975525733790875,0.02198509368268096,0.03716153784438921,0.29987496833642985,0.44819853852244496,1.0636737829683593,0.011269425023496194,210.1815565577093,,26218868737.717163,1.4381023998965003,222.79244995117188,139.45860290527344
ALB,2022,2022-12-31,Basic Materials,Specialty Chemicals,-0.06940586490693387,-0.07644007285016405,0.336958748041215,0.3674559814997164,0.4200195789568017,0.41544832296435746,1.8923344089689402,0.17402466091660207,9.008853197515323,,24214699818.228516,0.06856565653561433,205.76220703125,222.79248046875
ALB,2023,2023-12-31,Basic Materials,Specialty Chemicals,-0.3091116409737652,-0.31675786073933065,0.16717444842746315,0.16361056327915716,0.12331121636924998,0.4547771079601113,1.465236533910487,0.08612040774461689,10.63863560111223,,16726530689.046753,0.1189646362575597,142.13217163085938,208.02606201171875
ALB,2024,2024-12-31,Basic Materials,Specialty Chemicals,-0.3760402064387825,-0.3949603408619716,-0.11840054080116512,-0.21932929752454938,0.011629697373848122,0.362964697043633,1.953893892794376,-0.07100986902251817,,,9954174781.497345,,84.5846939086914,139.8002471923828
ALGN,2024,2024-12-31,Healthcare,Medical Instruments & Supplies,,-0.23901461858818981,0.10938827643409826,0.10536652553180635,0.6999626407722708,0.03096507385153369,1.2229676054340792,0.06780195024619444,37.10142251011317,,15114132193.500492,,208.509994506836,274.0
ALGN,2023,2023-12-31,Healthcare,Medical Instruments & Supplies,,0.2751067862037389,0.12258761836215452,0.11523123766913672,0.7008495026228166,0.03487656896908378,1.1838793077168368,0.07315285959923253,46.285716596856176,,19493035055.887695,,268.9200134277344,210.8999938964844
ALGN,2022,2022-12-31,Healthcare,Medical Instruments & Supplies,,-0.6769834731045671,0.10039907168351495,0.09681615472462503,0.705229560586242,0.03523892931499729,1.258843847016985,0.060789546376253854,46.04772207793858,,15387406110.555664,,212.27999877929688,657.1799926757812
ALGN,2021,2021-12-31,Healthcare,Medical Instruments & Supplies,,0.22979899448127428,0.2131054231716884,0.1953203271581325,0.7426420286071087,0.03460803143720426,1.2962489429963864,0.12992354567653577,67.82043268067919,,47636590791.333984,,657.1799926757812,534.3800048828125
ALGN,2020,2020-12-31,Healthcare,Medical Instruments & Supplies,,0.9150658992213446,,,,,,,,,38735265685.77734,,534.3800048828125,279.0400085449219
ALK,2024,2024-12-31,Industrials,Airlines,,0.6572818148390651,0.0903476669716377,0.03365999147848317,0.18048572645930977,1.462259835315645,0.611879576891782,0.01998178874949413,21.022727272727273,,7466351702.25,,64.75,39.06999969482422
ALK,2023,2023-12-31,Industrials,Airlines,,-0.10712619052716633,0.05713591052759543,0.022539804335315557,0.17926338001150968,0.9282761974228058,0.6066382596994842,0.01608157120372271,20.95081975551251,,4421002708.9349785,,38.34000015258789,42.93999862670898
ALK,2022,2022-12-31,Industrials,Airlines,-0.1907869274055034,-0.1907869274055034,0.01519916142557652,0.006012855069458843,0.17229939871449304,0.9905660377358491,0.6766080569775206,0.004088537995206542,93.68888854980469,,4861488596.5650215,0.0,42.15999984741211,52.09999847412109
ALK,2021,2021-12-31,Industrials,Airlines,0.0019230475792516662,0.0019230475792516662,0.1257563799000263,0.07739637305699482,0.2192357512953368,1.0749802683504341,0.9822099724379855,0.0342627768618737,13.819628242472437,,6007674321.150214,0.0,52.09999847412109,52.0
ALK,2020,2020-12-31,Industrials,Airlines,-0.2223267815764549,-0.22811960790264882,,,,,,,,,5996143452.0,,52.0,67.36795043945312
ALL,2024,2024-12-31,Financial Services,Insurance - Property & Casualty,0.4363843108026601,0.40607650508235105,0.2176569349874079,0.07347870581752342,,0.3770637067437739,,0.04181262710877375,11.181320899931944,,50058277494.07872,0.23119777158774374,189.9706420898437,135.10690307617188
ALL,2023,2023-12-31,Financial Services,Insurance - Property & Casualty,0.12363299040050194,0.09279898983182504,-0.010579628587507035,-0.0033220830167341097,,0.4469330332020259,,-0.001818850254445541,,,36575486044.846924,,138.8035888671875,127.0165786743164
ALL,2022,2022-12-31,Financial Services,Insurance - Property & Casualty,0.22946374767010846,0.19299947597036154,-0.07370768526989936,-0.02546575261275856,,0.4553979871912168,,-0.01315453775423772,,,33731167589.28656,,128.00942993164062,107.3004913330078
ALL,2021,2021-12-31,Financial Services,Insurance - Property & Casualty,0.1374634292147597,0.09864553589444307,0.0641010365781008,0.033155299917830734,,0.31677191310218833,,0.016230893000804505,21.633163575203184,,28274251807.068325,0.6189591078066915,107.3004913330078,97.6661605834961
ALL,2020,2020-12-31,Financial Services,Insurance - Property & Casualty,,-0.00116750119243046,,,,,,,,,25735552254.66562,,97.66615295410156,97.78031158447266
ALLE,2024,2024-12-31,Industrials,Security & Protection Services,0.06226023844137466,0.04655934316222148,0.39814753115212903,0.15839563119664918,0.44231482954244206,1.332378223495702,2.0408953938872147,0.13313873167253443,19.012921017286015,,11131556971.795654,0.2794979079497908,129.66812133789062,123.89944458007812
ALLE,2023,2023-12-31,Industrials,Security & Protection Services,0.2178519868638982,0.19960177409070187,0.4099218690738072,0.14802235126547605,0.4331927248822176,1.5284836531897141,1.2604427155691396,0.12533920909196336,19.85509535845588,,10431483945.644531,0.29367135455218357,121.51318359375,101.29460144042967
ALLE,2022,2022-12-31,Industrials,Security & Protection Services,-0.16050083706697982,-0.17386223466909967,0.48630282437884903,0.13997982823435923,0.4041688315657569,2.223932894457422,1.7262649232518477,0.11475245540188414,19.969690282450472,,8897364480.213926,0.31419213973799126,103.64269256591795,125.4544906616211
ALLE,2021,2021-12-31,Industrials,Security & Protection Services,0.16434176621560698,0.15056046501653067,0.6362798050322751,0.16844528143963172,0.42020645881286184,1.8997497035963642,1.85894876912841,0.1583087512291052,23.493351739890567,,10769832096.629639,0.2670807453416149,125.45449829101562,109.03772735595705
ALLE,2020,2020-12-31,Industrials,Security & Protection Services,,-0.054097886402340804,,,,,,,,,9360509442.217714,,109.03772735595705,115.27379608154295
AMAT,2020,2020-10-31,Technology,Semiconductor Equipment & Materials,,0.10302550779680285,,,,,,,,,45979597479.02132,,57.71673202514648,52.32583618164063
AMAT,2021,2021-10-31,Technology,Semiconductor Equipment & Materials,1.393905544793615,1.3753415946394794,0.48077080101249287,0.25530069808784633,0.4732255127260114,0.469747693312648,2.5389344262295084,0.22799612778315587,21.030824184417725,,107225899648.54292,0.14232336956521738,134.59727478027344,56.66438674926758
AMAT,2022,2022-10-31,Technology,Semiconductor Equipment & Materials,-0.34012766282675133,-0.3484397523881282,0.5350992291290799,0.2530541012216405,0.465115377157262,0.47802197802197804,2.158151511044857,0.24414427897927113,11.545752453547651,,68431901745.64742,0.13379310344827586,85.90039825439453,131.83799743652344
AMAT,2023,2023-10-31,Technology,Semiconductor Equipment & Materials,0.5276114673320131,0.5133637252449922,0.4193528656186923,0.2585511181506204,0.4670211562393936,0.36693375741635575,2.5972599023331524,0.22311171857203294,16.02941247302713,,103562348553.31982,0.14221120186697783,129.99853515625,85.900390625
AMAT,2024,2024-10-31,Technology,Semiconductor Equipment & Materials,0.3636204148235981,0.3523605625781175,0.37771696226514395,0.26409331763320576,0.47457315278186635,0.34766591232040417,2.5059045819555976,0.20857915080356884,20.872260081504972,,143164737462.70898,0.1660861084018392,179.7101593017578,132.8862762451172
AMCR,2025,2025-06-30,Consumer Cyclical,Packaging & Containers,0.027386274986309418,-0.011969462593276246,0.04357094133697135,0.034046238923312676,0.1888200413085482,1.2796725784447476,1.207098897953342,0.013786219176603895,28.718748688697815,,21213826889.16362,1.6536203522504893,9.1899995803833,9.301331520080566
AMCR,2024,2024-06-30,Consumer Cyclical,Packaging & Containers,0.04876685100580161,0.014028725162055672,0.18809585158464312,0.053519061583577714,0.19882697947214076,1.851842308683329,1.1652194320582023,0.044178165093197774,18.079489528542698,,21075654537.615555,0.989041095890411,9.130142211914062,9.003829956054688
AMCR,2023,2023-06-30,Consumer Cyclical,Packaging & Containers,-0.1322753156698374,-0.16144547729675487,0.26030799801291604,0.07132162787532326,0.1854498434735266,1.7906110283159464,1.1858802502234138,0.06163618185026172,12.771388655858683,,20784078184.708843,0.6898854961832062,9.003829002380371,10.73732089996338
AMCR,2022,2022-06-30,Consumer Cyclical,Packaging & Containers,0.16088155277482535,0.12758040682002664,0.19720725134737874,0.05534928492849285,0.19389438943894388,1.7106810387065163,1.1469723691945914,0.046195340296109264,20.29739120281486,,24785599237.713943,0.9093167701863354,10.737319946289062,9.522442817687988
AMCR,2021,2021-06-30,Consumer Cyclical,Packaging & Containers,,0.16887013546480864,,,,,,,,,21981221137.96694,,9.522440910339355,8.146705627441406
AMD,2024,2024-12-31,Technology,Semiconductors,,-0.18058477773055304,0.028505419677598665,0.06364165212332752,0.49350397517936784,0.03842412451361868,2.6162615025408598,0.02370496634212579,120.79000091552734,,196023290680.06778,,120.79000091552734,147.41000366210938
AMD,2023,2023-12-31,Technology,Semiconductors,,1.1395709281064106,0.015279467544550203,0.037654320987654324,0.46119929453262787,0.05372861948042654,2.506802212587831,0.012580098696324666,261.4717015680277,,224893681393.13556,,138.5800018310547,64.7699966430664
AMD,2022,2022-12-31,Technology,Semiconductors,,-0.5551077181482043,0.02410958904109589,0.055929833481632135,0.4492606245498072,0.05229223744292238,2.358140995446695,0.01953240603728914,76.2142817179362,,103894447522.0015,,64.0199966430664,143.89999389648438
AMD,2021,2021-12-31,Technology,Semiconductors,,0.5690763857051216,0.4217687074829932,0.1924059875867105,0.4824753559693319,0.08816860077364279,2.024292452830189,0.254609871970368,55.99221552392388,,233527196942.0482,,143.89999389648438,91.70999908447266
AMD,2020,2020-12-31,Technology,Semiconductors,,0.9997818984714926,,,,,,,,,148830993232.43222,,91.70999908447266,45.86000061035156
AME,2020,2020-12-31,Industrials,Specialty Industrial Machinery,,0.22189824757917476,,,,,,,,,27078935968.824463,,117.24819946289062,95.95578002929688
AME,2021,2021-12-31,Industrials,Specialty Industrial Machinery,0.23003346447388434,0.22321654226495702,0.14407300821725164,0.1785000452536494,0.3448317267386326,0.3959168984808242,1.3617002086592969,0.08321040844289974,33.74586756089155,,33123402423.999634,0.18644961431357715,143.41993713378906,117.24819946289062
AME,2022,2022-12-31,Industrials,Specialty Industrial Machinery,-0.03171398945293295,-0.037817500210390986,0.15509130460835213,0.1885271675774283,0.34879416895779713,0.325201511078963,1.6161966293355974,0.09327735553996744,27.544136580354916,,31870751364.249268,0.1743524598505272,137.99612426757812,143.41990661621094
AME,2023,2023-12-31,Industrials,Specialty Industrial Machinery,0.18078131924224544,0.17351296847822015,0.1504191603597218,0.19905986857562966,0.3614496092891412,0.38652098218698766,0.9799120438580393,0.0874087340174911,28.398288410597168,,37187812929.23279,0.17539682056186928,161.01829528808594,137.2104949951172
AME,2024,2024-12-31,Industrials,Specialty Industrial Machinery,0.1069769493560299,0.1001034130422492,0.14252518615674867,0.19825505173471947,0.3567789626547648,0.22106574790395,1.240373641883801,0.09405427549910741,30.2417722962558,,41417830420.58472,0.18805136746397855,179.33370971679688,163.01531982421875
AMG,2024,2024-12-31,Financial Services,Asset Management,0.2218624965928917,0.22153694656567044,0.15293097778973486,0.2506737223773825,0.5515213876231074,0.7832481391803425,2.2160851196995774,0.05793294001743877,12.220112661297401,,5253114981.402176,0.002736512900703675,184.8903045654297,151.35874938964844
AMG,2023,2023-12-31,Financial Services,Asset Management,-0.05362230845871157,-0.053955771597228,0.18754703308341927,0.32699970842647486,0.5589950432500729,0.7072382173416204,2.6141607000795544,0.07427480241953287,8.598128799455994,,4255541853.643936,0.002229157378510923,149.77940368652344,158.32177734375
AMG,2022,2022-12-31,Financial Services,Asset Management,-0.023383944609435055,-0.023726592556596867,0.35473485434789337,0.4918870192307692,0.5400497939560439,0.784849704361824,1.8785815238339971,0.12902826258304245,6.329400478265224,,4558724092.316788,0.0013962823981150188,160.45030212402344,164.34976196289062
AMG,2021,2021-12-31,Financial Services,Asset Management,0.6185836788718907,0.617994626176139,0.20302182026988227,0.23449676670535566,0.5659509202453987,0.8937697387309791,1.7820301609428464,0.06373079176242621,12.593851491409243,,4669515790.924652,0.003005126392080608,164.34976196289062,101.57621002197266
AMG,2020,2020-12-31,Financial Services,Asset Management,,0.20530190724717715,,,,,,,,,2885989244.9118423,,101.5761947631836,84.27448272705078
AMGN,2024,2024-12-31,Healthcare,Drug Manufacturers - General,-0.03480513567046154,-0.06771930488185518,0.6959332993023651,0.12236716132120631,0.6153063666826233,10.226135783563043,1.256764362093597,0.044534457038948594,33.62750502490493,,136864469823.88031,1.1814180929095355,254.22393798828125,272.6903381347656
AMGN,2023,2023-12-31,Healthcare,Drug Manufacturers - General,0.20676894854360908,0.1715562710527014,1.077824133504493,0.23827598439162823,0.7002128414331323,10.367939666238767,1.64919530230535,0.06913765773925933,22.542968456796686,,151582065075.69162,0.6782789935983325,281.5616760253906,240.33132934570312
AMGN,2022,2022-12-31,Healthcare,Drug Manufacturers - General,0.23883589136849587,0.19977948077816368,1.7896749521988529,0.24890779926300194,0.7566386810014056,10.63780387872166,1.414292088990884,0.10061270557884554,19.770887329202367,,128897526046.37279,0.6404151404151404,239.42544555664065,199.5578765869141
AMGN,2021,2021-12-31,Healthcare,Drug Manufacturers - General,0.04642077883786708,0.008741220040733216,0.8795522388059701,0.2268370607028754,0.7515685746179607,4.971492537313432,1.5910210111621799,0.09634594948091228,19.41224331985652,,107434339606.2107,0.6809774308501612,199.557861328125,197.8285980224609
AMGN,2020,2020-12-31,Healthcare,Drug Manufacturers - General,,-0.019890155738572907,,,,,,,,,106503361997.35709,,197.82858276367188,201.84327697753903
AMP,2024,2024-12-31,Financial Services,Asset Management,0.4373833613465166,0.4209821217555427,0.6505355776587605,0.19699953660797034,,1.046671767406274,,0.018748311769926626,15.961424673198753,,49730615382.05658,0.16877389003234342,527.5250854492188,371.2397766113281
AMP,2023,2023-12-31,Financial Services,Asset Management,0.2567484766555751,0.23726326286495658,0.5404948192006767,0.1645317026070164,,1.216959187989004,,0.014589790571433465,15.624544360073545,,34923650409.3869,0.21517996870109546,370.45794677734375,299.417236328125
AMP,2022,2022-12-31,Financial Services,Asset Management,0.0672203866138037,0.04736074279780683,0.8280305022350776,0.22085846542292045,,1.415987378385485,,0.01982348349406995,10.784638883404783,,28162168558.306274,0.16957764369641157,298.7344970703125,285.2259826660156
AMP,2021,2021-12-31,Financial Services,Asset Management,0.6091906418464371,0.5791794885225293,0.5751556976939909,0.2554384391119085,,0.8746002356505639,,0.01942470581547382,10.014955113443095,,26888694010.708466,0.14954638571846648,285.2259216308594,180.6165313720703
AMP,2020,2020-12-31,Financial Services,Asset Management,,0.19815381095971665,,,,,,,,,17027003077.316666,,180.6165313720703,150.74569702148438
AMT,2024,2024-12-31,Real Estate,REIT - Specialty,-0.08939839270163921,-0.12163712112330621,0.6667257997752942,0.2226676672722964,0.7457935065960977,12.995712849624505,0.4492622533778054,0.036920366616784606,37.119413510397756,,83777436285.07195,1.3635920177383591,178.9155731201172,203.6920928955078
AMT,2023,2023-12-31,Real Estate,REIT - Specialty,0.1005943651075155,0.0680116640002578,0.35331808870468295,0.14814925790535546,0.7441621222109027,11.030203420513553,0.5117735505497083,0.022464848033246703,64.92348437039358,,96673593458.90237,1.9883368165576754,206.4566802978516,193.30938720703125
AMT,2022,2022-12-31,Real Estate,REIT - Specialty,-0.22522243968336791,-0.24682297826769864,0.3168832101069557,0.18307172330852012,0.7336346859642938,8.44357906826502,0.4357968695484787,0.026278936520102093,51.27574661015216,,91717937042.63458,1.489636425416242,195.87335205078125,260.0628356933594
AMT,2021,2021-12-31,Real Estate,REIT - Specialty,0.3536441138112649,0.32886191856612,0.5053333858143746,0.2744178093171884,0.7133666064615417,10.235495552231756,0.41130215168793355,0.03674026548229379,45.947497472324976,,121774741390.38925,0.8844491178876037,260.0628356933594,195.70343017578125
AMT,2020,2020-12-31,Real Estate,REIT - Specialty,,-0.0048225554562452335,,,,,,,,,91638378061.4582,,195.7034454345703,196.6518096923828
AMTM,2021,2021-09-30,Industrials,Specialty Business Services,,,,0.03908091123330715,0.15455616653574233,,,,,,,,,
AMTM,2022,2022-09-30,Industrials,Specialty Business Services,,,-0.02577477753912243,-0.010943199583116207,0.10044293903074518,0.03712795335992636,1.9060308555399719,-0.01990521327014218,,,,,,
AMTM,2023,2023-09-30,Industrials,Specialty Business Services,,,-0.8373333333333334,-0.03992371265098538,0.09942784488239034,11.552,1.403343023255814,-0.04896304381724622,,,,,,
AMTM,2024,2024-09-30,Industrials,Specialty Business Services,,,-0.018385650224215247,-0.00977587029089175,0.09513590844062947,1.1073991031390134,1.5694656488549619,-0.006848171037247369,,,7847348801.25,,32.25,
AMZN,2020,2020-12-31,Consumer Cyclical,Internet Retail,,0.7625606069163974,,,,,,,,,1736743571351.7742,,162.84649658203125,92.39199829101562
AMZN,2021,2021-12-31,Consumer Cyclical,Internet Retail,,0.023767773568753824,0.2413396506202756,0.07101412875514557,0.420325144416396,0.8419472675322797,1.1357597739445826,0.07933439385184604,51.44792323383978,,1778022099302.652,,166.7169952392578,162.84649658203125
AMZN,2022,2022-12-31,Consumer Cyclical,Internet Retail,,-0.48523544602238794,-0.018638346240490815,-0.005295895000418302,0.43805339865326287,0.9594297569893798,0.9446435811136924,-0.0058831793375479545,,,915262752909.8671,,85.81999969482422,166.7169952392578
AMZN,2023,2023-12-31,Consumer Cyclical,Internet Retail,,0.784880865187872,0.15071207430340558,0.05293283575597832,0.46982088955000567,0.6717572755417957,1.0450772206625152,0.057639044129626754,51.699997474407326,,1598990192591.0608,,149.92999267578125,84.0
AMZN,2024,2024-12-31,Consumer Cyclical,Internet Retail,,0.44392520642648686,0.2071825715984194,0.09287117197186653,0.48854393464156787,0.45774032241144175,1.063734806137178,0.09481288026449286,39.67269428384239,,2339775058451.4844,,219.38999938964844,151.94000244140625
AN,2024,2024-12-31,Consumer Cyclical,Auto & Truck Dealerships,,0.13090960594566498,0.2816912871851219,0.02586174688216877,0.17879052806982149,3.522036381394213,0.7442729951522449,0.05323919179799565,10.03782484266493,,6403989789.196442,,169.83999633789062,150.17999267578125
AN,2023,2023-12-31,Consumer Cyclical,Auto & Truck Dealerships,,0.4043802251218821,0.46174369177896357,0.03789022928579645,0.19041593534429976,3.633128334991408,0.7715002239140171,0.08523372287145242,6.626649183878904,,5681919793.785706,,150.69000244140625,107.3000030517578
AN,2022,2022-12-31,Consumer Cyclical,Auto & Truck Dealerships,,-0.08241332802028864,0.6726242797148159,0.0510431721326663,0.1951195108393552,3.1151967965621643,0.9213964823677951,0.13692257224370508,4.414162256924789,,4042839188.767853,,107.22000122070312,116.8499984741211
AN,2021,2021-12-31,Consumer Cyclical,Auto & Truck Dealerships,,0.6743085963783607,0.5776188472864956,0.05312645101377496,0.19163442191611205,2.084097602019352,0.9189162690371919,0.15351759917706517,6.382920412225835,,4405948028.915184,,116.8499984741211,69.79000091552734
AN,2020,2020-12-31,Consumer Cyclical,Auto & Truck Dealerships,,0.43512233976251924,,,,,,,,,2631502960.9508896,,69.79000091552734,48.630001068115234
ANET,2024,2024-12-31,Technology,Computer Hardware,,0.8772876116913778,0.2853535841162316,0.4072532544659215,0.6413264838402627,,4.359387707148247,0.20308103413569473,49.56502187412416,,138921329027.6705,,110.52999877929688,58.87749862670898
ANET,2023,2023-12-31,Technology,Computer Hardware,,0.9081994270315202,0.2891403159331431,0.35618791133633027,0.6194841171788932,,4.3763211570071405,0.20964120910327635,35.19148899066774,,72759936138.96025,,57.88999938964844,30.337499618530277
ANET,2022,2022-12-31,Technology,Computer Hardware,,-0.15888693104619564,0.2768104432828062,0.30868530188459614,0.6107068433870235,0.00899828483243345,4.29115962431515,0.19961094605344917,28.316160108222338,,37991899454.87212,,30.227500915527344,35.9375
ANET,2021,2021-12-31,Technology,Computer Hardware,,0.9788690694370722,0.21134419142411903,0.2852250497534461,0.6379767282432344,0.014207761524154225,4.33641218602145,0.14663255923126783,54.657794676806084,,45168599629.6875,,35.9375,18.160625457763672
ANET,2020,2020-12-31,Technology,Computer Hardware,,0.428564483989599,,,,,,,,,22825461435.170437,,18.160625457763672,12.712499618530272
ANF,2025,2025-01-31,Consumer Cyclical,Apparel Retail,,0.12009753426963905,0.423937653298673,0.11442114688495929,0.641528783873053,0.712483565783287,1.4849282661782661,0.17158860288246233,11.167445954482503,,5619194743.558883,,119.37999725341795,106.58000183105467
ANF,2024,2024-01-31,Consumer Cyclical,Apparel Retail,,2.5186465727657477,0.3169780517021523,0.07665212768914824,0.6292023434610927,1.012759380192434,1.5900219275563185,0.11032188802961974,16.382636901266707,,4796414526.022842,,101.9000015258789,28.959999084472656
ANF,2023,2023-01-31,Consumer Cyclical,Apparel Retail,-0.2574359209109575,-0.2574359209109575,0.004052725731498286,0.0007615439763250689,0.5691399988804006,1.761830404365891,1.3611372201285745,0.0010379270944675832,579.1999816894531,,1363141886.1862946,0.0,28.959999084472656,39.0
ANF,2022,2022-01-31,Consumer Cyclical,Apparel Retail,0.6905071745080992,0.6905071745080992,0.3183793533392245,0.0708393306557264,0.6227146430910846,1.4812683848006876,1.4851256845671958,0.08947467435688695,9.285714285714285,,1835722902.0,0.0,39.0,23.06999969482422
ANF,2021,2021-01-31,Consumer Cyclical,Apparel Retail,0.4436616355806396,0.42711720565856337,,,,,,,,,1083076522.9534266,,23.01000022888184,16.1234130859375
AON,2024,2024-12-31,Financial Services,Insurance Brokers,0.25359266247917917,0.2445069695531586,0.4335892827969286,0.16906612307300292,0.4723531660084087,2.9230517889233787,1.0190041313328984,0.05420198100684162,28.583198590122098,,76979590063.60669,0.21175584024114544,357.004150390625,286.8639221191406
AON,2023,2023-12-31,Financial Services,Insurance Brokers,-0.025401994200671726,-0.033125260281854266,-3.1041162227602905,0.1916866028708134,0.4840011961722488,-14.566585956416464,1.0024479238834234,0.07550281221472953,22.694385995110164,,61217850421.357086,0.19071762870514822,283.9067687988281,293.6334533691406
AON,2022,2022-12-31,Financial Services,Insurance Brokers,0.011069245010288458,0.003711831306746149,-4.89413988657845,0.2074685471592275,0.48096802628415736,-22.073724007561438,1.020535802225943,0.07916462818003914,24.129251043329127,,63163306648.26956,0.17883352645809192,292.9291076660156,291.8458251953125
AON,2021,2021-12-31,Financial Services,Insurance Brokers,0.44408595388704175,0.43390072393731216,1.182846371347785,0.10292790945624539,0.4473878454851144,9.823751178133836,0.9978503643894511,0.03932073816461447,52.58482786986205,,62929715555.120575,0.3561752988047809,291.8457946777344,203.53277587890625
AON,2020,2020-12-31,Financial Services,Insurance Brokers,,0.023657815067183785,,,,,,,,,43887076550.53148,,203.5327606201172,198.8289031982422
AOS,2020,2020-12-31,Industrials,Specialty Industrial Machinery,,0.1746170802540073,,,,,,,,,5754675635.830112,,50.36495590209961,42.87776565551758
AOS,2021,2021-12-31,Industrials,Specialty Industrial Machinery,0.622341233702461,0.5927826606803929,0.2658552559764218,0.13764164005764504,0.37042583853739863,0.11952843576028818,1.5664998212370398,0.1401968685240617,26.563055783707576,,9165947570.590118,0.3492096078833915,80.22042846679688,50.36495590209961
AOS,2022,2022-12-31,Industrials,Specialty Industrial Machinery,-0.28147405248740187,-0.3008064744688698,0.13486296275104423,0.062788033778204,0.3541916406936786,0.20993305487211764,1.748769000214087,0.07073192689733818,37.145440310042424,,6408772415.731674,0.7518031395842172,56.08961486816406,80.22044372558594
AOS,2023,2023-12-31,Industrials,Specialty Industrial Machinery,0.47845429406234946,0.4489812948612851,0.3017783561049664,0.14446636212624583,0.3853820598006645,0.08414660594231187,1.5871152015233259,0.17318522667164504,21.422093258036604,,9021411963.986443,0.3296802012217032,78.95545196533203,54.49031829833984
AOS,2024,2024-12-31,Industrials,Specialty Industrial Machinery,-0.13839871311918575,-0.159248050839635,0.28330236262277675,0.1397553757104319,0.38136769597443754,0.11505176533050172,1.5524966562639322,0.16469135802469137,18.522507179181606,,7677901968.230202,0.3568215892053973,67.1970443725586,79.92493438720703
APA,2024,2024-12-31,Energy,Oil & Gas E&P,-0.3044180598042476,-0.3343643405467366,0.15227272727272728,0.08257163397350313,0.44181986238061005,1.1670454545454545,1.1519458544839256,0.04146467251160392,9.660923323442232,,7846362952.632637,0.43905472636815923,21.930295944213867,32.94639587402344
APA,2023,2023-12-31,Energy,Oil & Gas E&P,-0.18674606649772527,-0.20732574449685026,1.0753295668549905,0.34484841164391833,0.5105689092885615,1.9977401129943504,1.024126455906822,0.18728680136447126,3.5846046241554053,,11863337740.529785,0.10788091068301225,33.1575927734375,41.83003616333008
APA,2022,2022-12-31,Energy,Oil & Gas E&P,0.6731477186121179,0.6487439654491338,8.520094562647754,0.3254176072234763,0.5647855530474041,13.286052009456265,0.9286694101508917,0.2741309804518141,3.547002096574233,,13985143947.67952,0.0574361820199778,39.08796310424805,23.70772171020508
APA,2021,2021-12-31,Energy,Oil & Gas E&P,0.9192892842032598,0.9075949433139425,-0.7115987460815048,0.14214151534126487,0.443331246086412,-4.770532915360501,1.1242324043457723,0.08531910095467188,9.15356124229873,,8482302507.782936,0.04581497797356828,23.70772361755371,12.428070068359377
APA,2020,2020-12-31,Energy,Oil & Gas E&P,,-0.43706172512059627,,,,,,,,,4446596218.025532,,12.428072929382324,22.077150344848636
APD,2024,2024-09-30,Basic Materials,Specialty Chemicals,0.09858680381833008,0.07245846300532387,0.22470577876911338,0.3163644777944895,0.3249343007784738,0.8808205910838494,1.5223944875107667,0.0967337635756268,16.79953951497017,,64232561139.956055,0.4087821952876025,288.6160888671875,269.1163330078125
APD,2023,2023-09-30,Basic Materials,Specialty Chemicals,0.2589060861492088,0.22775215438552357,0.1607081723480217,0.18255555555555555,0.298968253968254,0.7707452717478638,1.3348991221315263,0.0718756347160378,25.654795555269846,,58979838827.12402,0.6506390748630554,265.0140380859375,215.85304260253903
APD,2022,2022-09-30,Basic Materials,Specialty Chemicals,-0.041390453688938456,-0.06822141084540541,0.17164485696895923,0.17766525443749703,0.2646039720914117,0.6335133901399879,1.812828207051763,0.08296742496120268,21.287285317565797,,48038887128.06824,0.6131377155267941,215.8530731201172,231.65704345703125
APD,2021,2021-09-30,Basic Materials,Specialty Chemicals,-0.10026833509061686,-0.12167777219300244,0.15503297709698147,0.20334205172914852,0.30387484258452,0.6070444692275309,2.992497588510593,0.07815199261333175,24.565965929567373,,51556121648.899536,0.5986851507789053,231.6570587158203,263.74951171875
APH,2024,2024-12-31,Technology,Electronic Components,0.42299811607409016,0.41302403953974687,0.24754901960784315,0.15923587799798986,0.3376339282781635,0.7032373366013072,2.3718105685880797,0.11305864684098096,35.96482674280803,,84307615149.60324,0.245503300330033,69.0524673461914,48.86857223510742
APH,2023,2023-12-31,Technology,Electronic Components,0.2955223379886816,0.28448919544081,0.23099502785598755,0.1535679864911149,0.3253044676495655,0.5196549451866052,2.168078155232023,0.11666182592700165,30.69757541276251,,58280339300.22203,0.25964730290456434,47.7347297668457,37.16242218017578
APH,2022,2022-12-31,Technology,Electronic Components,-0.10728821574067411,-0.1165520599653062,0.27115285934203776,0.1507011011645409,0.3191158995484433,0.6525029933291522,2.4210978662979707,0.12412078662682205,24.372108309876683,,45527324979.313675,0.25095936497923566,37.28932571411133,42.20885467529297
APH,2021,2021-12-31,Technology,Electronic Components,0.3585065220109022,0.3494280590007684,0.25242780069819104,0.14626297546040473,0.3127718065886377,0.7616470961599492,2.4348003759552124,0.10837693481578374,33.23532464936024,,51533691059.08508,0.21794065878803118,42.2088623046875,31.279075622558597
APH,2020,2020-12-31,Technology,Electronic Components,,0.2208875384718352,,,,,,,,,38189276773.98061,,31.27906990051269,25.61994361877441
APO,2024,2024-12-31,Financial Services,Asset Management,0.8216210825482222,0.7987544515348195,0.26528719642960646,0.17526997013096424,0.9563452554185494,0.6136903726888078,0.8000445079094264,0.012111830005689411,22.30649066003901,,93530133128.1089,0.2597771466025781,163.50657653808594,90.89988708496094
APO,2023,2023-12-31,Financial Services,Asset Management,0.4942613234696117,0.46454470415989424,0.3593705497009399,0.15460727851978925,0.9685393946820242,0.5761891199088579,0.8159532444731918,0.016099499821364775,10.493001949099124,,50959337208.52745,0.20487418268278185,89.08558654785156,60.82817840576172
APO,2022,2022-12-31,Financial Services,Asset Management,-0.08477237851889172,-0.10976895044525245,-0.2953313253012048,-0.1787928519328957,0.9154814004376368,0.9822289156626506,0.7262587410690551,-0.007623912882896542,,,34260788727.134514,,59.89368438720703,67.27880859375
APO,2021,2021-12-31,Financial Services,Asset Management,0.5545482636480047,0.5324879283406874,0.48535233570863023,0.3090236934968913,0.8692656696353555,3.612562681446292,0.627708789870952,0.0602911284505934,9.191096154718451,,38485285943.00804,0.3012506797172376,67.27882385253906,43.90169906616211
APO,2020,2020-12-31,Financial Services,Asset Management,,0.0799788819521396,,,,,,,,,25112943395.660442,,43.90169525146485,40.6505126953125
APP,2024,2024-12-31,Communication Services,Advertising Agencies,,7.126223311716397,1.449577819415719,0.3354624772362806,0.7522309294392651,3.263301762312606,2.1865259789384495,0.2691610644546441,71.48564824994826,,99621882537.7305,,323.8299865722656,39.84999847412109
APP,2023,2023-12-31,Communication Services,Advertising Agencies,,2.6828109936100204,0.2839311995504362,0.10865109575226,0.6773795516232132,2.529127322540513,1.7118158458334833,0.06656065556212164,39.57142732581315,,11930138169.40732,,38.77999877929688,10.529999732971191
APP,2022,2022-12-31,Communication Services,Advertising Agencies,,-0.8861659314761243,-0.10130253322029961,-0.06842102647513824,0.5541217113740647,1.723996768763169,3.3492636771579285,-0.03296017029176213,,,3300938141.4652443,,10.729999542236328,94.26000213623048
APP,2021,2021-12-31,Communication Services,Advertising Agencies,,,0.016578347964772297,0.01269054070310307,0.6462376624715729,1.5577141280301579,5.054021499866426,0.005750879480899003,1047.3333570692275,,28997805176.162197,,94.26000213623048,
APP,2020,2020-12-31,Communication Services,Advertising Agencies,,,,,,,,,,,,,,
APTV,2024,2024-12-31,Consumer Cyclical,Auto Parts,-0.32590282301199514,-0.32590282301199514,0.20316052751250568,0.09065083954750672,0.1882514077005022,1.0104592996816735,1.525238744884038,0.07617870236166766,8.689655106643151,,13170113269.59747,0.0,60.47999954223633,89.72000122070312
APTV,2023,2023-12-31,Consumer Cyclical,Auto Parts,-0.0302056079501821,-0.03178351950787793,0.2544163491513682,0.1465263577876415,0.17151264276095957,0.5877208174575684,1.7152662229617304,0.1202767429483768,8.678536878628039,,19635401759.13988,0.010891763104152484,90.16999816894533,93.12999725341795
APTV,2022,2022-12-31,Consumer Cyclical,Auto Parts,-0.4347419929933518,-0.43649591592652204,0.06743103644000455,0.033964206072388356,0.1506661329978844,0.7902145532977637,1.6,0.02714311825991592,47.42346783073582,,20240773767.8998,0.10606060606060606,92.9499969482422,164.9499969482422
APTV,2021,2021-12-31,Consumer Cyclical,Auto Parts,0.2682424978549985,0.26602199284784483,0.07068407811189649,0.037776924061979765,0.15597387629658085,0.5346831196837187,2.0052293796054195,0.032765035819403564,85.02577162280525,,35919480159.899796,0.10677966101694915,164.9499969482422,130.2899932861328
APTV,2020,2020-12-31,Consumer Cyclical,Auto Parts,,0.3753960611063061,,,,,,,,,28371924313.17955,,130.2899932861328,94.72907257080078
ARE,2024,2024-12-31,Real Estate,REIT - Office,-0.1487549058090405,-0.19435265551751219,0.018052895174599064,0.1058951256285032,0.7018515883170378,0.7128107251355327,0.4002596753853375,0.008605674209296773,51.66395399305556,,15876223400.157227,2.7823495350659084,92.9951171875,115.42906188964844
ARE,2023,2023-12-31,Real Estate,REIT - Office,-0.0337949653635219,-0.07288333443570923,0.005610850419640332,0.03646107450739783,0.6977332278846181,0.6333395141348614,0.3906656265600974,0.0028184674601202317,218.0404239230686,,20101007837.68655,8.177259525854167,117.74182891845705,126.99785614013672
ARE,2022,2022-12-31,Real Estate,REIT - Office,-0.30991816168396846,-0.3334652296124524,0.027495749480547702,0.20250461949348614,0.6959856989798295,0.5569389871711978,0.5821598461146704,0.014684968631520875,39.508738007935335,,21449014013.844513,1.4525591381359506,125.63778686523438,188.4939727783203
ARE,2021,2021-12-31,Real Estate,REIT - Office,0.30699665955248195,0.2808865502154971,0.03528493888214997,0.2709580319971692,0.7042308569813148,0.5699117986166625,0.4080873930998827,0.018903337273079756,49.34398391483966,,32179895446.917603,1.1483088751450774,188.4940185546875,147.15902709960938
ARE,2020,2020-12-31,Real Estate,REIT - Office,,0.1327277220326816,,,,,,,,,25123147803.303345,,147.1590576171875,129.9156494140625
ATI,2024,2024-12-31,Industrials,Metal Fabrication,,0.2104684283682593,0.19876783398184175,0.08431718667614223,0.20590999747827882,1.0242650237786424,2.4369052544476624,0.07031698084349788,21.58431408452053,,7586280671.469086,,55.040000915527344,45.470001220703125
ATI,2023,2023-12-31,Industrials,Metal Fabrication,,0.4835900311972223,0.29919883466860886,0.09842585715312552,0.19229939861513765,1.5874726875455207,2.801862654794801,0.08240556859441135,15.76512428365144,,6105963342.442429,,44.29999923706055,29.86000061035156
ATI,2022,2022-12-31,Industrials,Metal Fabrication,,0.8556182611206926,0.3093029926379195,0.08433263816475495,0.1861835245046924,1.6712878860311693,2.5691461769893142,0.07276858016915602,30.79166611035665,,4074317748.3097,,29.559999465942383,15.93000030517578
ATI,2021,2021-12-31,Industrials,Metal Fabrication,,-0.050089453169872414,0.2692532088681447,0.06593328094863919,0.11900850060718622,2.6880105017502918,2.693484353106025,0.043078502753663775,,,2195665904.823028,,15.93000030517578,16.770000457763672
ATI,2020,2020-12-31,Industrials,Metal Fabrication,,-0.1882865158944182,,,,,,,,,2311444916.734543,,16.770000457763672,20.65999984741211
ATO,2024,2024-09-30,Utilities,Utilities - Regulated Gas,0.37645170729438454,0.3459795392860682,0.08578083512554915,0.25038371626532013,0.5791713553317054,0.6686489819717908,0.9389978231574583,0.04139381407781431,19.859964083089313,,21773987781.57129,0.4726746220856366,135.6435546875,100.7768325805664
ATO,2023,2023-09-30,Utilities,Utilities - Regulated Gas,0.06323321358681447,0.03485458110701203,0.08149556433154395,0.207201878112167,0.48142833452270767,0.6552772826360544,0.6548670996131871,0.03934197534943426,16.026399956374874,,15692951202.756386,0.48579236946612453,97.76103973388672,94.4683837890625
ATO,2022,2022-09-30,Utilities,Utilities - Regulated Gas,0.21396875633435783,0.18460334047702487,0.0822157891881499,0.18430754306272137,0.430507023173211,0.8886224796002077,0.8459704102592572,0.034893812636053664,16.869354248046875,,15164402312.418823,0.4854273900500776,94.4683837890625,79.7468490600586
ATO,2021,2021-09-30,Utilities,Utilities - Regulated Gas,-0.029302057093793393,-0.05325705221996771,0.08417507821344147,0.19532353726643364,0.4976548720612533,0.9565190557246978,0.8086689237983054,0.03394229550185525,15.575554966926575,,12801247762.420944,0.486661668392023,79.74684143066406,84.23283386230469
AVB,2024,2024-12-31,Real Estate,REIT - Residential,0.25270913663200634,0.21443195635003554,0.0906109759475934,0.3713398200330364,0.6315900742580799,0.6909360550944587,0.35787400255934393,0.05152171564264626,28.203155116031052,,30518943460.69999,0.8890197172997263,214.343978881836,176.497314453125
AVB,2023,2023-12-31,Real Estate,REIT - Residential,0.25364355840108904,0.2094622866596298,0.07882542081950092,0.33556919681969316,0.6430041594575544,0.6903873764588209,0.7644617985066676,0.044918047564456,27.041598064143486,,25257734805.65857,0.9933593518692972,177.39288330078125,146.67086791992188
AVB,2022,2022-12-31,Real Estate,REIT - Residential,-0.3111818106396419,-0.339329006322788,0.1010154551358176,0.4383260727233187,0.6456012579402077,0.7534308510543765,1.1139946291210876,0.05556692314956806,18.06067856661792,,20880856028.727783,0.782570869345297,146.6527099609375,221.97540283203125
AVB,2021,2021-12-31,Real Estate,REIT - Residential,0.6672616818715124,0.6216807248779842,0.09186339077872847,0.43763165348497723,0.6278876615029305,0.7564622525057565,0.9084838703588349,0.05046217428425341,30.872798065482655,,31605530837.484467,0.8845413567075144,221.9754180908203,136.87985229492188
AVB,2020,2020-12-31,Real Estate,REIT - Residential,,-0.20273782531072626,,,,,,,,,19489367020.66461,,136.87985229492188,171.6873779296875
AVGO,2024,2024-10-31,Technology,Semiconductors,1.0460625588349861,1.0210793840633876,0.08710363781435622,0.11430177996664986,0.6303369915073487,0.998345104760779,1.1735641133137689,0.03558815539255637,136.68382846243014,,793929244642.9546,1.6648006785411364,168.12110900878906,83.18382263183594
AVGO,2023,2023-10-31,Technology,Semiconductors,0.873497159051382,0.8372496050531333,0.5870435217608805,0.39314330383316115,0.6892989754041151,1.6353593463398366,2.8152599594868333,0.1932721208877177,24.88036470893226,,387495752990.9421,0.5428916347109786,82.0554428100586,44.662109375
AVGO,2022,2022-10-31,Technology,Semiconductors,-0.05872058196116894,-0.08909128353488295,0.5061869743273592,0.3462036562961178,0.6654519169954523,1.7400590074419833,2.6239364719228586,0.15693047004054664,16.876761213516716,,210910837164.41708,0.6117442366246194,44.6621208190918,49.03029251098633
AVGO,2021,2021-10-31,Technology,Semiconductors,0.6005391375848166,0.5584408100923559,0.26955860578654606,0.24539162112932605,0.6136247723132969,1.589899555804554,2.6406623149180066,0.08913590048961229,32.54566877806495,,229962444803.2404,0.922209026128266,48.69645690917969,31.24690818786621
AVGO,2020,2020-10-31,Technology,Semiconductors,,0.24036598665797393,,,,,,,,,148243060570.33047,,31.39169883728028,25.30841636657715
AVY,2024,2024-12-31,Consumer Cyclical,Packaging & Containers,-0.041307373631995443,-0.05947535552341423,0.30484798685291703,0.08050755507840607,0.289034571764679,1.3632314146088311,1.0754908125480334,0.08387472930201566,21.101830341561968,,14365689618.257908,0.39367286139878,184.218978881836,195.86831665039065
AVY,2023,2023-12-31,Consumer Cyclical,Packaging & Containers,0.14169138419080726,0.1225896435191043,0.2363832886883782,0.06013653264469233,0.2722881771337709,1.5246487146952394,1.0357473606223375,0.06126824039562474,31.202555010395663,,15085994854.816711,0.510337972166998,193.45584106445312,172.32997131347656
AVY,2022,2022-12-31,Consumer Cyclical,Packaging & Containers,-0.12514372199394763,-0.14024341679694577,0.37255191418167505,0.08375648556857279,0.2659719226046265,1.5264737722665092,0.9936424030287878,0.09522671530092447,18.93964139956993,,13602648954.628326,0.3155461629903579,174.43409729003906,202.8877716064453
AVY,2021,2021-12-31,Consumer Cyclical,Packaging & Containers,0.43384436997185816,0.4141271348116359,0.3845874038661401,0.08802017054577026,0.2750615463292223,1.6133340261899813,1.0732760312414145,0.09284208941743188,22.97709584911169,,15821510643.073853,0.2980678286718011,202.88775634765625,143.47207641601562
AVY,2020,2020-12-31,Consumer Cyclical,Packaging & Containers,,0.20864977747681251,,,,,,,,,11188182403.3154,,143.4720916748047,118.70443725585938
AWK,2024,2024-12-31,Utilities,Utilities - Regulated Water,-0.01167699313968602,-0.03533143343795809,0.10172280294231514,0.2243808710503843,0.60333048676345,1.3656600851722802,0.38571428571428573,0.03201340237587572,22.687073320095084,,23857301391.31714,0.5566127497621313,122.2833251953125,126.7620086669922
AWK,2023,2023-12-31,Utilities,Utilities - Regulated Water,-0.08762008325122866,-0.10661915657683253,0.09635602735531285,0.22295701464336326,0.593764761454889,1.2699806063080534,0.6457461645746164,0.031157172090567033,26.16770841637436,,25015883698.949768,0.5635593220338984,128.22177124023438,143.52420043945312
AWK,2022,2022-12-31,Utilities,Utilities - Regulated Water,-0.15617750093973795,-0.16987125320714713,0.1065904068633823,0.21624472573839662,0.5809599156118144,1.618614324710776,0.44468160796869444,0.029510202612732572,32.17431045160061,,28309999858.468872,0.5695121951219512,145.10614013671875,174.799560546875
AWK,2021,2021-12-31,Utilities,Utilities - Regulated Water,0.2639789793022253,0.24831245086858136,0.17306111263359825,0.32137404580152673,0.5478371501272264,1.5157577418470813,0.7258290518449323,0.048437200383509106,25.151009319497525,,34103134669.221893,0.3388756927949327,174.7995147705078,140.02865600585938
AWK,2020,2020-12-31,Utilities,Utilities - Regulated Water,,0.26875360110769814,,,,,,,,,27319387008.682587,,140.0286407470703,110.3670883178711
AXON,2024,2024-12-31,Industrials,Aerospace & Defense,,1.3006233817844557,0.1619794944719279,0.18104647913159308,0.596093398113637,0.3100411786060279,1.3692801907174252,0.08426116549724802,123.81666819254558,,46656759355.78369,,594.3200073242188,258.3299865722656
AXON,2023,2023-12-31,Industrials,Aerospace & Defense,,0.5164829505807591,0.10879242959217461,0.1126309429300589,0.6121955610915365,0.4398306684449781,3.143164040187042,0.05156175660145244,108.93073804450758,,19754072620.52246,,251.6300048828125,165.92999267578125
AXON,2022,2022-12-31,Industrials,Aerospace & Defense,,0.07159239167620422,0.11583054195891024,0.12376773480532674,0.6116474594888737,0.5605952269271126,2.995586131825317,0.051520147663272196,82.87684999663256,,13207587416.837769,,168.24000549316406,157.0
AXON,2021,2021-12-31,Industrials,Aerospace & Defense,,0.281318873452297,-0.05727733671550004,-0.06951508082758365,0.6265020888808069,0.01950662738619782,2.6509780871210764,-0.03555126435692242,,,12325197080.0,,157.0,122.52999877929688
AXON,2020,2020-12-31,Industrials,Aerospace & Defense,,0.6720797055186927,,,,,,,,,9619148937.369385,,122.52999877929688,73.27999877929688
AXP,2024,2024-12-31,Financial Services,Credit Services,0.6190455402630948,0.6032010146843971,0.33468807824477925,0.15358837889884608,,1.6881112873380915,,0.037312910510165366,20.958379164157293,,202265369981.34146,0.19735413170105637,293.6268920898437,183.150390625
AXP,2023,2023-12-31,Financial Services,Credit Services,0.31152134905772455,0.293367631344689,0.2984638414655879,0.13837891431876395,,1.7521117724631998,,0.03207102042066884,16.422720236186997,,126816689572.09894,0.21256269405302125,184.09869384765625,142.340576171875
AXP,2022,2022-12-31,Financial Services,Credit Services,-0.07446846393098694,-0.0890700726191792,0.304075108251386,0.14214369490371154,,1.7773865889684757,,0.03290505092969687,14.38920074307979,,97633443464.61052,0.2082778812882619,141.73362731933594,155.5922393798828
AXP,2021,2021-12-31,Financial Services,Credit Services,0.3873391714629765,0.3688460753923158,0.3634395995851558,0.18680325399216632,,1.8450647066780899,,0.04274773532469186,15.528164557116236,,107179950268.71983,0.17965260545905706,155.5922088623047,113.66669464111328
AXP,2020,2020-12-31,Financial Services,Credit Services,,-0.01141871799979377,,,,,,,,,78299479983.53506,,113.66667938232422,114.97959899902344
AYI,2021,2021-08-31,Industrials,Electrical Equipment & Parts,0.7010143277775346,0.6952240870737291,0.14981658107116655,0.08850043340075123,0.4261774053741693,0.27238933724627046,2.231002600404507,0.08567592514894688,,,5591957522.910645,0.0623571661769507,182.4763641357422,107.64144134521484
AYI,2022,2022-08-31,Industrials,Electrical Equipment & Parts,-0.10588946364342032,-0.1091262547693024,0.20085783031697876,0.09585382292004693,0.4175382541624023,0.3118003975311225,1.9983642311886587,0.11033848629389116,14.671788404994922,,4981728558.181641,0.047135416666666666,162.56341552734375,182.47637939453125
AYI,2023,2023-08-31,Industrials,Electrical Equipment & Parts,-0.009789514485034512,-0.01316183824388678,0.17167807879329167,0.08754617681291432,0.4334800870401295,0.2931428004366379,2.343298622774605,0.10151092856095056,14.909272034372096,,4916159391.275391,0.048554913294797684,160.42376708984375,162.5634002685547
AYI,2024,2024-08-31,Industrials,Electrical Equipment & Parts,0.5028482721496547,0.49921998421417707,0.1776525979485455,0.11002343139807341,0.46386357719343924,0.24108794350092483,2.7205989242622475,0.11078487914853458,18.259063221159437,,7520297230.519043,0.043066729768102226,245.4018096923828,163.6863250732422
AYI,2025,2025-08-31,Industrials,Electrical Equipment & Parts,,0.3115715269258545,,,,,,,26.586039696135526,,10208500742.018555,,333.1230773925781,253.98773193359372
AZO,2021,2021-08-31,Consumer Cyclical,Auto Parts,,0.2949402316612402,-1.2073827728624071,0.14835102977972375,0.5275464068187854,-4.578023472130739,0.8704907925013508,0.14950979936276707,,,25816585156.86035,,1549.1500244140625,1196.31005859375
AZO,2022,2022-08-31,Consumer Cyclical,Auto Parts,,0.36798239520994885,-0.6865396238901607,0.14949357718909959,0.5213223046929559,-2.6268939078185873,0.7717373902195672,0.15905709725334324,18.08353921783002,,35316633999.02344,,2119.2099609375,1549.1500244140625
AZO,2023,2023-08-31,Consumer Cyclical,Auto Parts,,0.19446875240487524,-0.5812615203956694,0.14483563781587308,0.5195803063364826,-2.5126513427683523,0.7964685962732452,0.15816622646563422,19.12458505685252,,42184615751.953125,,2531.330078125,2119.2099609375
AZO,2024,2024-08-31,Consumer Cyclical,Auto Parts,,0.23492857293072378,-0.5605564999597862,0.14399071987490933,0.530930757736989,-2.6037840127639846,0.8384846509329611,0.15500370330738358,20.99411515797392,,52322599248.046875,,3139.669921875,2542.389892578125
AZO,2025,2025-08-31,Consumer Cyclical,Auto Parts,,0.3138035975112924,,,,,,,28.852349304548905,,69657030996.09375,,4179.83984375,3181.47998046875
BA,2020,2020-12-31,Industrials,Aerospace & Defense,-0.33425186507626387,-0.338980923292657,,,,,,,,,161863114345.61185,,214.0599975585937,323.83331298828125
BA,2021,2021-12-31,Industrials,Aerospace & Defense,,-0.05951597860262382,0.2801520101340089,-0.06746299328902161,0.04895161031371416,-3.8915927728515234,1.325324421894819,-0.030327963508285698,,,152229672695.66437,,201.32000732421875,214.05999755859372
BA,2022,2022-12-31,Industrials,Aerospace & Defense,,-0.029455631426737655,0.31070956368444247,-0.0740901993754504,0.05299663704059573,-3.606182711074734,1.2162195176120463,-0.03599562363238512,,,147745651564.52795,,195.38999938964844,201.32000732421875
BA,2023,2023-12-31,Industrials,Aerospace & Defense,,0.32164411384759306,0.12893866419079672,-0.028562614083348332,0.09928786281718384,-3.05245749434225,1.14033623091613,-0.01621755758619683,,,190370257139.50177,,251.759994506836,190.4900054931641
BA,2024,2024-12-31,Industrials,Aerospace & Defense,,-0.32095450965525535,3.023797338792221,-0.17765383285475894,-0.029932197784025137,-13.86591606960082,1.318506767753765,-0.0755741447784962,,,133839912015.0,,177.0,260.6600036621094
BAC,2024,2024-12-31,Financial Services,Banks - Diversified,0.3787267094478648,0.33853336534129275,0.09179893016284396,0.2662950131027511,,1.1052615552224767,,0.008318823223166873,13.45120011089004,,316472362615.8403,0.35025062656641603,43.17835235595703,32.257957458496094
BAC,2023,2023-12-31,Financial Services,Banks - Diversified,0.09570897903984703,0.05542032225792162,0.09091501340666425,0.26896663657297043,,1.146259506387881,,0.008337654406976272,10.544906963001598,,238047262788.3772,0.34271167263812935,32.47831344604492,30.77287101745605
BAC,2022,2022-12-31,Financial Services,Banks - Diversified,-0.20029434317622855,-0.22925918972979611,0.10076245346764423,0.2899210110584518,,1.1087749865481686,,0.009021506697800172,9.760262300975644,,228203286927.5856,0.3115373437954083,31.135236740112305,40.3965072631836
BAC,2021,2021-12-31,Financial Services,Banks - Diversified,0.5367918213871511,0.49609038333831473,0.11840809283656588,0.35884775509746053,,1.1251694030348136,,0.010089304447553947,11.315550390077906,,296083102108.83716,0.251891925698918,40.396514892578125,27.00138664245605
BAC,2020,2020-12-31,Financial Services,Banks - Diversified,,-0.11632914199793744,,,,,,,,,197904611289.67664,,27.001394271850582,30.55594062805176
BALL,2024,2024-12-31,Consumer Cyclical,Packaging & Containers,-0.013595322791253178,-0.02955756995344995,0.6837256908904811,0.3398050021195422,0.2069520983467571,0.9677584442169908,0.9987621208995254,0.2273655547991831,4.192911001352163,,14834249246.067352,0.06087824351297405,54.507843017578125,56.16803359985352
BALL,2023,2023-12-31,Consumer Cyclical,Packaging & Containers,0.1495838460227808,0.1307658298214008,0.1875829132395861,0.05861382855247886,0.1913447189520809,2.2735473600424516,0.7894907033144705,0.036626431124695644,24.950999101715773,,15142562641.331806,0.3564356435643564,55.64072799682617,49.20623397827149
BALL,2022,2022-12-31,Consumer Cyclical,Packaging & Containers,-0.44339054941629835,-0.45358900454661905,0.20774342675527305,0.05376906969787616,0.16826204008375711,2.58537994799191,0.7832477168949772,0.036114320156713044,22.224380493164062,,13608766334.866848,0.3532684283727399,50.00485610961914,91.51509857177734
BALL,2021,2021-12-31,Consumer Cyclical,Packaging & Containers,0.05078466561124919,0.04121107241806666,0.2420733388475324,0.06357251466222576,0.19737890087611323,2.248966087675765,0.8773727532336637,0.04453687734604849,34.53399658203124,,24905730875.793987,0.2608200455580866,91.5150909423828,87.89292907714844
BALL,2020,2020-12-31,Consumer Cyclical,Packaging & Containers,,0.4519067244960743,,,,,,,,,23919963526.659317,,87.89292907714844,60.53620910644531
BAX,2024,2024-12-31,Healthcare,Medical Instruments & Supplies,-0.1928495212993932,-0.22395693981271925,-0.09319356691556577,-0.06101918014291087,0.37457690861226023,1.931217690982194,1.359698970972201,-0.02517260103948491,,,14718849309.670357,,28.657020568847656,36.92710113525391
BAX,2023,2023-12-31,Healthcare,Medical Instruments & Supplies,-0.19109218906025616,-0.21522055810713772,0.31611521066412757,0.25637065637065637,0.40057915057915056,1.6797191144965484,1.4762417345840382,0.09393124911585797,7.068302699497768,,19059752942.92234,0.22063253012048192,37.10858917236328,47.28537368774414
BAX,2022,2022-12-31,Healthcare,Medical Instruments & Supplies,-0.3807289138098918,-0.3949835490480713,-0.4171095491170924,-0.24192105001491498,0.3528885353485135,2.9492542430996056,1.6883034773445733,-0.08601124191324637,,,24320119077.261585,,47.35031509399414,78.26285552978516
BAX,2021,2021-12-31,Healthcare,Medical Instruments & Supplies,0.09908225547751869,0.0847795288738387,0.1414564283353531,0.10571381524781821,0.38860530215708877,2.017186295031398,2.0944287063267235,0.038304346529041494,30.933934992009945,,40197450894.09797,0.4127725856697819,78.26285552978516,72.14632415771484
BAX,2020,2020-12-31,Healthcare,Medical Instruments & Supplies,,-0.029515913646643195,,,,,,,,,37055867642.517715,,72.14631652832031,74.34054565429688
BBWI,2025,2025-01-31,Consumer Cyclical,Specialty Retail,-0.09666197618538304,-0.1172051308197267,-0.5761732851985559,0.10921034624332832,0.44258929793348845,-3.5805054151624547,1.4809098294069862,0.16379310344827586,10.218713818494633,,7606168313.783936,0.22180451127819548,36.889556884765625,41.787235260009766
BBWI,2024,2024-01-31,Consumer Cyclical,Specialty Retail,-0.03191040872711642,-0.05232740355955839,-0.5396435156730178,0.11818548929869431,0.4355902544083995,-3.4253226797787337,1.6408068269976726,0.1607175544572579,10.66950261592865,,8447688504.975311,0.2072892938496583,40.970890045166016,43.23316955566406
BBWI,2023,2023-01-31,Consumer Cyclical,Specialty Retail,-0.14533211912768804,-0.16280088151292355,-0.3626473254759746,0.10582010582010581,0.4305555555555556,-2.743880326382593,1.6432197244379985,0.1456133964324718,12.604422610980775,,8914142433.47937,0.2325,43.23316955566406,51.6402473449707
BBWI,2022,2022-01-31,Consumer Cyclical,Specialty Retail,0.7324530000467974,0.7131455609979568,-0.878129117259552,0.16911951281400658,0.48908906368941896,-3.961133069828722,2.332558139534884,0.22120809824095586,10.58201868025983,,10647578210.643127,0.0900225056264066,51.64025115966797,30.14352798461914
BBWI,2021,2021-01-31,Consumer Cyclical,Specialty Retail,,0.8297405303931334,,,,,,,,,6382953267.235795,,30.95702171325684,16.918804168701172
BBY,2021,2021-01-31,Consumer Cyclical,Specialty Retail,,0.3057936752392767,,,,,,,,,18517745102.61429,,88.13723754882812,67.49706268310547
BBY,2022,2022-01-31,Consumer Cyclical,Specialty Retail,-0.027373194274212777,-0.06414094368273143,0.8125827814569536,0.04741021232201851,0.22487973570835185,1.3039735099337748,0.9873524451939292,0.1401965265082267,8.470481004172225,,17511842337.488937,0.280358598207009,83.34953308105469,89.06205749511719
BBY,2023,2023-01-31,Consumer Cyclical,Specialty Retail,-0.02101790033666728,-0.06607312965037586,0.5076923076923077,0.03064927210678647,0.21409132143937104,1.4232558139534883,0.9802873371199465,0.08979307726381067,12.375574157423738,,16354778611.27327,0.5560253699788583,77.84236145019531,83.34952545166016
BBY,2024,2024-01-31,Consumer Cyclical,Specialty Retail,-0.09278261199903735,-0.14175911373135394,0.40648542417294464,0.028560250391236306,0.22100248550124274,1.3042908614477564,0.9984827411809332,0.08291574797888689,11.761885629573339,,14036342441.493301,0.645447219983884,66.80751037597656,77.84237670898438
BBY,2025,2025-01-31,Consumer Cyclical,Specialty Retail,0.24594590626535512,0.190553679984614,0.3301282051282051,0.0223222885763822,0.22599210171450587,1.4433760683760684,1.0259481037924152,0.06271140576376674,19.288624558493353,,17344975716.955948,0.8705501618122977,82.55531311035156,69.34194946289062
BC,2024,2024-12-31,Consumer Cyclical,Recreational Vehicles,-0.29900595688515114,-0.31754112766795517,0.0687523120012683,0.024841992705886846,0.2579290065112371,1.3273265338476985,1.6515352761934525,0.022914208218116492,32.79324269665338,,4134848945.335388,0.8631821675634127,63.290958404541016,92.73959350585938
BC,2023,2023-12-31,Consumer Cyclical,Recreational Vehicles,0.3695097180916589,0.3442034979690587,0.2013988694069177,0.06567313400193707,0.2791576842565689,1.2420235699913769,1.4323954112208208,0.06747452050397239,15.278880228132207,,5949161551.712035,0.2664129400570885,91.06212615966795,67.74430084228516
BC,2022,2022-12-31,Consumer Cyclical,Recreational Vehicles,-0.25291640072667726,-0.2708020148775474,0.33148900749155363,0.09938052317900238,0.2858401103901823,1.2900161582529501,1.808980468487818,0.10709822346669198,7.530276828342014,,4427631084.753418,0.1604135893648449,67.77249145507812,92.9411392211914
BC,2021,2021-12-31,Consumer Cyclical,Recreational Vehicles,0.35997981820585667,0.338183366059291,0.3099467140319716,0.10148472512059116,0.28497143443604395,1.0018284400794066,1.4731659963943975,0.10936405529953917,12.277565355187518,,6071920971.969604,0.16669475813247936,92.94116973876952,69.45323944091797
BC,2020,2020-12-31,Consumer Cyclical,Recreational Vehicles,,0.29164228590952096,,,,,,,,,4537436193.701172,,69.4532470703125,53.771270751953125
BDX,2024,2024-09-30,Healthcare,Medical Instruments & Supplies,-0.03681966954270006,-0.052221776609263325,0.06585808644598092,0.08449796808405194,0.452225195757756,0.7767777820696049,1.168825368468066,0.02976294382571658,39.82417346253162,,67689183124.37366,0.6451612903225806,236.1573486328125,249.1694183349609
BDX,2023,2023-09-30,Healthcare,Medical Instruments & Supplies,0.19214175693091964,0.17377831307720365,0.05752606892274295,0.07660540986991535,0.42174272145364444,0.6155366903128271,1.306429754555037,0.028116710875331564,50.2889285686045,,71206090272.84406,0.7506738544474394,248.42730712890625,211.6475524902344
BDX,2022,2022-09-30,Healthcare,Medical Instruments & Supplies,-0.04137181581175079,-0.058170241351032895,0.07036626849141682,0.09427662957074721,0.44923158452570217,0.6354323233921367,1.0422481116374345,0.03360788906940718,35.99448431105841,,60664006663.908615,0.6082068577852726,211.64756774902344,224.7195587158203
BDX,2021,2021-09-30,Healthcare,Medical Instruments & Supplies,0.08829168857268228,0.07086805919375676,0.08835578831777674,0.10935131462024986,0.45115257958287597,0.7437597668623559,1.3338364020525204,0.03882702301410542,32.80577053988937,,64410789602.33629,0.5009560229445507,224.7195281982422,209.84800720214844
BEAM,2024,2024-12-31,Healthcare,Biotechnology,,-0.0889052217979542,-0.5135908499137749,-5.931263578828049,,0.22006148225398578,4.823245416497314,-0.34130622273116,,,2508818167.619499,,24.799999237060547,27.21999931335449
BEAM,2023,2023-12-31,Healthcare,Biotechnology,,-0.2991562408680382,-0.13504849036357838,-0.35087064380250405,,0.17597462217054627,5.891289859655097,-0.09078970264038023,,,2772851117.2239,,27.40999984741211,39.11000061035156
BEAM,2022,2022-12-31,Healthcare,Biotechnology,,-0.5316852986387529,-0.39413530677297354,-4.745370978332239,,0.24405091387015762,4.887837384556899,-0.21546171538792916,,,3775366779.4477997,,37.31999969482422,79.69000244140625
BEAM,2021,2021-12-31,Healthcare,Biotechnology,,-0.02388531311637219,-0.44831373421809567,-7.149101149602654,,0.17218272294245576,5.964377913650526,-0.2513732211199679,,,8061602098.917603,,79.69000244140625,81.63999938964844
BEAM,2020,2020-12-31,Healthcare,Biotechnology,,,,,,,,,,,8258867740.895599,,81.63999938964844,
BEN,2024,2024-09-30,Financial Services,Asset Management,-0.07998631656687714,-0.13744365336815945,0.0371599203715992,0.05482425100259495,0.8010615711252654,1.0462740144386438,3.2365875109938433,0.014317177224352754,22.328560773064105,,9853954559.141777,1.4122203098106711,18.97927665710449,22.00352096557617
BEN,2023,2023-09-30,Financial Services,Asset Management,0.24234564984329526,0.17872753965494226,0.07407966837012982,0.11246719494483655,0.808966290417102,0.9861960744824577,4.127763422337066,0.02930826129105082,12.600175724473111,,11252161259.004211,0.6879247847757136,21.67230224609375,18.38618469238281
BEN,2022,2022-09-30,Financial Services,Asset Management,-0.19780126164998732,-0.24398116348513182,0.1125878026249281,0.1561151861563931,0.8276316266479765,0.8159325815278964,3.6959418164038627,0.04603964277314099,7.267268938509372,,9546026865.659761,0.45135072374022756,18.38619041442871,24.319751739501957
BEN,2021,2021-09-30,Financial Services,Asset Management,0.5849275929509266,0.5176549761923017,0.16315911399397687,0.21734021719779242,0.8304432971337012,0.6761587397758255,3.5099659136865213,0.07576835868323926,6.812255389216236,,12626705056.272797,0.3056465705548274,24.31975173950196,16.024559020996094
BF-B,2021,2021-04-30,Consumer Defensive,Beverages - Wineries & Distilleries,,0.23836331863519647,,,,,,,,,21244768817.09099,,69.97413635253906,56.50533676147461
BF-B,2022,2022-04-30,Consumer Defensive,Beverages - Wineries & Distilleries,-0.0839354025257367,-0.1230509098089319,0.3061746437705517,0.213068904144419,0.6079328756674295,0.8290098648154914,3.6518375241779495,0.13149223285736703,35.266529828652565,,18630582716.7902,0.9916467780429594,61.36376190185547,69.9741439819336
BF-B,2023,2023-04-30,Consumer Defensive,Beverages - Wineries & Distilleries,-0.0011757860831477268,-0.020827211868048024,0.23959608323133416,0.18519394512771997,0.5898770104068117,0.8913708690330477,3.506457564575646,0.10068149672110069,38.05879230148222,,18834628996.654034,0.4827586206896552,62.035831451416016,63.3553466796875
BF-B,2024,2024-04-30,Consumer Defensive,Beverages - Wineries & Distilleries,-0.23529666278971673,-0.25674651587227404,0.2911572362809212,0.24509334609861178,0.6045955002393489,0.8814330395223201,2.588838999358563,0.12539799167278962,21.545955622307606,,13998902763.197899,0.39453125,46.10834503173828,62.03582763671875
BF-B,2025,2025-04-30,Consumer Defensive,Beverages - Wineries & Distilleries,-0.22632668881226498,-0.2563290377360785,0.21763085399449036,0.21861635220125786,0.5894339622641509,0.6844477836213373,3.884259259259259,0.10746970071728915,18.635565301646356,,10410578349.84827,0.48331415420023016,34.2894401550293,46.10834884643555
BG,2024,2024-12-31,Consumer Defensive,Farm Products,-0.18759536643539376,-0.20738227653431104,0.11469787148189246,0.021409203886420126,0.06388867967161256,0.7181478866135378,2.1463349024882312,0.0456644845174505,9.472534026908635,,15141803241.246094,0.3324538258575198,75.685546875,95.4880828857422
BG,2023,2023-12-31,Consumer Defensive,Farm Products,0.06439294727247606,0.043583880480814574,0.2067090590728965,0.03767215317433658,0.08137386630836413,0.5304580223020919,2.126967607649278,0.08840454043827842,6.456511342934338,,19207618978.10405,0.1707534551939367,96.0083236694336,91.99866485595705
BG,2022,2022-12-31,Consumer Defensive,Farm Products,0.06748487901112996,0.046764080960641406,0.17454466608846486,0.02394693003331747,0.05476558781532603,0.6096053772766695,1.745625,0.06550040683482507,8.3849484981751,,17630627129.569,0.21677018633540374,88.12580871582031,84.18879699707031
BG,2021,2021-12-31,Consumer Defensive,Farm Products,0.48669124171011907,0.4587172341834789,0.27096101186595384,0.03512983500135245,0.056853529889099266,0.889294562524449,1.7653367653367653,0.0872412779713674,6.172199193333601,,16842980620.226227,0.1554379210779596,84.18879699707031,57.71426773071289
BG,2020,2020-12-31,Consumer Defensive,Farm Products,,0.18924828517593223,,,,,,,,,11546432869.598701,,57.71426773071289,48.5300407409668
BHF,2024,2024-12-31,Financial Services,Insurance - Life,-0.05849006991983114,-0.09221461493325721,0.07824158096390402,0.08880750743877318,,0.6362169792296835,,0.001626582039683571,9.848040255509355,,2745599955.1645584,0.26288659793814434,48.040000915527344,52.91999816894531
BHF,2023,2023-12-31,Financial Services,Insurance - Life,0.06523706268357479,0.03042717689414003,-0.224964596398948,-0.28151898734177216,,0.638478656686223,,-0.004705085893204705,,,3019359864.579117,,52.83000183105469,51.27000045776367
BHF,2022,2022-12-31,Financial Services,Insurance - Life,0.020457504404752618,-0.014671782485074997,0.7010663292969456,0.5850678733031675,,0.5703958069763239,,0.017251731177200497,0.9949317917256792,,2917057068.1645584,0.026811033771590616,51.040000915527344,51.79999923706055
BHF,2021,2021-12-31,Financial Services,Insurance - Life,0.4737532735709235,0.43074151684282797,0.10178416553091314,0.45829846582984657,,0.1955767562879445,,0.006323121921182266,,,2960492774.1962013,0.054169202678027994,51.79999923706055,36.20500183105469
BHF,2020,2020-12-31,Financial Services,Insurance - Life,,-0.07710929764158746,,,,,,,,,2069201696.7041168,,36.20500183105469,39.22999954223633
BIIB,2024,2024-12-31,Healthcare,Drug Manufacturers - General,,-0.40905049015994693,0.09764297678870543,0.16868715054930292,0.7612211783916741,0.39664393395549175,1.3487194327883085,0.0581904004734521,13.67799625840298,,22420304057.700653,,152.9199981689453,258.7699890136719
BIIB,2023,2023-12-31,Healthcare,Drug Manufacturers - General,,-0.033258780608356846,0.07845588334662217,0.11805075440237504,0.7424254748058075,0.4958444261253835,1.997292024575605,0.04325232447252354,33.58971034568107,,39250192777.769714,,267.7099914550781,276.9200134277344
BIIB,2022,2022-12-31,Healthcare,Drug Manufacturers - General,,0.1363371413950815,0.22741623687294277,0.29949672675801603,0.7760532368726286,0.493659454093552,2.9916890735761426,0.1240892559694715,13.063248916282342,,39971538568.63159,,272.6300048828125,239.9199981689453
BIIB,2021,2021-12-31,Healthcare,Drug Manufacturers - General,,-0.02017480368003167,0.14281125530001285,0.14169937259258586,0.8078894888769498,0.6978120812760412,1.8278581731887766,0.06517068512771544,23.069230593167816,,35175774083.70065,,239.9199981689453,244.8600006103516
BIIB,2020,2020-12-31,Healthcare,Drug Manufacturers - General,,-0.17480540712266024,,,,,,,,,35900050555.76646,,244.8600006103516,296.7300109863281
BIO,2024,2024-12-31,Healthcare,Medical Devices,,0.017405292397495005,-0.2807300625637435,-0.7185661406584843,0.5372686538086888,0.20926126071270912,6.477768277041471,-0.19694364647964033,,,7224692987.338623,,328.510009765625,322.8900146484375
BIO,2023,2023-12-31,Healthcare,Medical Devices,,-0.21998145532178268,-0.07290760993913879,-0.23858191075172208,0.5341793950284517,0.16079028051068503,5.830719204284621,-0.051816799603223,,,7213256558.161377,,327.989990234375,420.489990234375
BIO,2022,2022-12-31,Healthcare,Medical Devices,,-0.4409121741454799,-0.3772652032416831,-1.2945185925344371,0.5593105417172222,0.14436418307081292,5.5528953346884515,-0.26867054776795696,,,9290210084.933535,,422.4299926757813,755.5700073242188
BIO,2021,2021-12-31,Healthcare,Medical Devices,,0.29613683082276426,0.31086471581491176,1.455668603905158,0.5605032600011292,0.016322407593117136,2.9231427824559653,0.23901135280287367,5.375426916080099,,16616727561.066467,,755.5700073242188,582.9400024414062
BIO,2020,2020-12-31,Healthcare,Medical Devices,,0.5753857913263374,,,,,,,,,12820195496.272156,,582.9400024414062,370.0299987792969
BK,2024,2024-12-31,Financial Services,Banks - Diversified,0.563471573584167,0.5190044651137957,0.109637446149378,0.24811041735129807,,0.7594752892201946,,0.010887748038763268,13.023459335853314,,52674998797.50824,0.3403973509933775,75.53606414794922,49.72734832763672
BK,2023,2023-12-31,Financial Services,Banks - Diversified,0.24349009575505942,0.1926693734772143,0.08099092469953396,0.18881518755718207,,0.7784155015943095,,0.008056075359193124,12.51065444946289,,34897169478.71399,0.45033313143549364,50.04261779785156,41.95849990844727
BK,2022,2022-12-31,Financial Services,Banks - Diversified,-0.13952353685825172,-0.1775494263503547,0.0627485638532921,0.15791424688001976,,0.7574753277360436,,0.00629893317364207,14.716369365823681,,29761091836.574554,0.5383411580594679,42.67747116088867,51.890621185302734
BK,2021,2021-12-31,Financial Services,Banks - Diversified,0.45690551376310423,0.4055180386249478,0.08734953757494074,0.2404528881212819,,0.6199749035646234,,0.008457872639153268,12.533964627030969,,36185867472.59903,0.35195530726256985,51.8906135559082,36.91920852661133
BK,2020,2020-12-31,Financial Services,Banks - Diversified,,-0.12906919726478996,,,,,,,,,25745570486.64856,,36.91920471191406,42.3905143737793
BKNG,2024,2024-12-31,Consumer Cyclical,Travel Services,0.42342960208419494,0.4130705253395064,-1.4631840796019902,0.24777791819368972,,-4.249004975124378,1.3095801112034255,0.2122852605745633,28.613185114945857,,160144078245.1172,0.1995919755185311,4941.2109375,3496.7900390625
BKNG,2023,2023-12-31,Consumer Cyclical,Travel Services,0.7270851328034278,0.7270851328034278,-1.5630466472303206,0.2007488883688275,,-5.387390670553936,1.2778694673668418,0.17619751869197273,29.225535612090074,,111200839544.69604,0.0,3431.077880859375,1986.6292724609373
BKNG,2022,2022-12-31,Consumer Cyclical,Travel Services,-0.15297410538387732,-0.15297410538387732,1.0992092020129403,0.1789350497366881,,4.686196980589504,1.8642907717724806,0.1205788415283309,26.238619561435822,,64927325558.302,0.0,2003.318603515625,2365.120849609375
BKNG,2021,2021-12-31,Consumer Cyclical,Travel Services,,0.07720643628447757,0.18857235351246357,0.10631502098923161,,1.825348009064422,2.1045469100224143,0.04927879531322702,83.95884293463791,,76653286834.37256,,2365.12060546875,2195.605712890625
BKNG,2020,2020-12-31,Consumer Cyclical,Travel Services,,0.08450000211034449,,,,,,,,,71159320747.5586,,2195.60546875,2024.532470703125
BKR,2024,2024-12-31,Energy,Oil & Gas Equipment & Services,0.2570084474082712,0.2311369817750938,0.1763243563184374,0.10704660605842826,0.20985303101081607,0.3564960047351287,1.324840274035871,0.07765294684982926,13.541029603689308,,39782458843.15498,0.2806310842564619,40.35226821899414,32.776424407958984
BKR,2023,2023-12-31,Energy,Oil & Gas Equipment & Services,0.2059594569798538,0.177116167866973,0.12643154606975535,0.07617815415980554,0.20587312789147652,0.3917881311816762,1.2547917789238703,0.052591690350521046,17.0349181010461,,32077246957.603745,0.40452907874420996,32.53669357299805,27.641021728515625
BKR,2022,2022-12-31,Energy,Oil & Gas Equipment & Services,0.259919067532838,0.22636056105474284,-0.04175350840628039,-0.028408016638305916,0.20797882397428624,0.4625538418785605,1.3174431202600216,-0.017582867675024136,,,26530911556.117634,,26.91091728210449,21.943723678588867
BKR,2021,2021-12-31,Energy,Oil & Gas Equipment & Services,0.23148958289365323,0.19028011566733743,-0.014767363452461227,-0.010681884694176177,0.19749292751926642,0.45360755225893457,1.6504163014899211,-0.006202560326271666,,,21633859077.54525,,21.943723678588867,18.43576431274414
BKR,2020,2020-12-31,Energy,Oil & Gas Equipment & Services,,-0.1514963122199314,,,,,,,,,18175435170.918655,,18.43576431274414,21.72738265991211
BLDR,2020,2020-12-31,Industrials,Building Products & Equipment,,0.6060606697503512,,,,,,,,,4511420405.923107,,40.810001373291016,25.40999984741211
BLDR,2021,2021-12-31,Industrials,Building Products & Equipment,,1.100220441074707,0.35927596590179117,0.0867310992901527,0.29410869365898695,0.7083320058944533,1.8641652154754684,0.16103796565034365,10.107311212791586,,9474977354.801262,,85.70999908447266,40.810001373291016
BLDR,2022,2022-12-31,Industrials,Building Products & Equipment,,-0.23754522025237088,0.5540216492838584,0.12097678569495642,0.34076549150860463,0.7031479279066515,1.8980284667884755,0.2594929194084846,3.885255557319922,,7224241772.16877,,65.3499984741211,85.70999908447266
BLDR,2023,2023-12-31,Industrials,Building Products & Equipment,,1.5490137466690483,0.3255369265720146,0.0901050046995642,0.35165338681536823,0.7846751012340378,1.77131182862635,0.1467271815710001,13.850921681977598,,18282251988.559937,,165.3800048828125,64.87999725341797
BLDR,2024,2024-12-31,Industrials,Building Products & Equipment,,-0.14382418482383932,0.2508799083899108,0.06572351609939507,0.3282245435075972,1.0084615975440303,1.7674457990767893,0.10185101018738768,15.775937381432808,,15800472038.160095,,142.92999267578125,166.94000244140625
BLK,2020,2020-12-31,Financial Services,Asset Management,,0.47205139628808623,,,,,,,,,99746737390.13672,,643.1124267578125,436.88177490234375
BLK,2021,2021-12-31,Financial Services,Asset Management,0.31945042013891467,0.29391574309765883,0.15655426737059933,0.3045834623722515,0.5067616393104161,0.24720770434828748,14.454545454545455,0.038657565117132225,21.859627327747013,,129063837084.96094,0.43162175902389427,832.133056640625,643.1122436523438
BLK,2022,2022-12-31,Financial Services,Asset Management,-0.17697230102621075,-0.20013912613851398,0.13718736752861382,0.2897107368656633,0.48587254517988027,0.2249099194573972,14.08114374034003,0.04402013126126433,19.5934889700471,,103233136230.46875,0.5774430281962147,665.5908203125,832.1332397460938
BLK,2023,2023-12-31,Financial Services,Asset Management,0.19146491104541322,0.16192396517180427,0.13983276996975627,0.30807995968419283,0.4805420236295425,0.2465753424657534,15.62741935483871,0.0446551038462475,21.080862571363156,,119374621563.7207,0.5516175936023264,769.6622924804688,662.4033203125
BLK,2024,2024-12-31,Financial Services,Asset Management,0.31852486613226816,0.29291581475639283,0.13409832613959363,0.31209878963100895,0.4942421718037928,0.2994420465312138,16.397135416666668,0.045947408289146195,24.02780192774042,,156559174438.47656,0.4868896216046475,1009.407958984375,780.7221069335938
BMY,2024,2024-12-31,Healthcare,Drug Manufacturers - General,0.2094055166748776,0.15805613170103577,-0.5477808386899296,-0.18525879917184265,0.710807453416149,3.1343740434649527,1.2526289223521494,-0.09662753906460914,,,109672724830.70587,,53.88169097900391,46.52770233154297
BMY,2023,2023-12-31,Healthcare,Drug Manufacturers - General,-0.20358174786820002,-0.24057787023944893,0.2726809378185525,0.17830955872550328,0.7624094565169088,1.4089024804621135,1.4270954990566884,0.08433253817295264,12.394442582995163,,97380437534.28195,0.5911526479750778,47.84254837036133,62.99862289428711
BMY,2022,2022-12-31,Healthcare,Drug Manufacturers - General,0.23793428338807612,0.19493658702184505,0.20369595312449695,0.13706969388418294,0.7803895231699127,1.310872154792183,1.2459113750571038,0.06534806858087172,21.44747976529396,,128782158399.72452,0.7324166271534692,63.27006530761719,52.94847106933594
BMY,2021,2021-12-31,Healthcare,Drug Manufacturers - General,0.07076257096368786,0.028798541550266957,0.19456963222611695,0.15078150264093995,0.7857065861808774,1.2684582429199354,1.5210353027254435,0.06398082587774667,16.970663804274338,,107773215581.83255,0.6285387474978553,52.94847106933594,51.46631622314453
BMY,2020,2020-12-31,Healthcare,Drug Manufacturers - General,,0.004094198112242145,,,,,,,,,104756392255.0007,,51.4663200378418,51.256465911865234
BR,2021,2021-06-30,Technology,Information Technology Services,,0.30032960885008997,,,,,,,,,17551406139.474426,,150.37203979492188,115.6414794921875
BR,2022,2022-06-30,Technology,Information Technology Services,-0.08623697045185755,-0.10279974765547809,0.2808982909545644,0.094428193585679,0.27888809094253036,2.118695289704043,1.011497753750095,0.06599500538634806,29.651388650412088,,15747124419.42041,0.5392320534223706,134.913818359375,150.3720245361328
BR,2023,2023-06-30,Technology,Information Technology Services,0.20548005114931753,0.18446033804995435,0.2814424707667589,0.1040439538682374,0.29457671302941807,1.6301883424082835,0.5807406789557094,0.07659233347908469,30.15095260908019,,18651842203.612793,0.5248969235648588,159.800048828125,134.91380310058594
BR,2024,2024-06-30,Technology,Information Technology Services,0.22615708218596503,0.2064164047783103,0.3219572937324171,0.10728776049671113,0.2972121472920637,1.6496333533182677,1.0836908362050777,0.0846962049888382,32.89853248986775,,22501888413.774902,0.5274316000572984,192.785400390625,159.800048828125
BR,2025,2025-06-30,Technology,Information Technology Services,0.270744135307597,0.2529055687873654,0.3161720397710154,0.1218591688319229,0.31017113991668,1.3027267249171437,0.9762531563960672,0.09824458747805734,34.096142406194986,,28255852831.644108,0.4792138177486599,242.0826110839844,193.2169647216797
BRK-B,2024,2024-12-31,Financial Services,Insurance - Diversified,,0.2709022433833731,0.13704863806039103,0.2097790831431858,,0.19212834633058604,,0.0771266707745426,10.98416257111449,,624867165563.125,,453.2799987792969,356.6600036621094
BRK-B,2023,2023-12-31,Financial Services,Insurance - Diversified,,0.1733894419452215,0.1714370725119505,0.2190186576591546,,0.22853584619249456,,0.08992988640887943,8.186618576927284,,499667640532.37524,,362.4599914550781,308.8999938964844
BRK-B,2022,2022-12-31,Financial Services,Insurance - Diversified,,0.03648830656223871,-0.04807318598127683,-0.09721041683573879,,0.2592686471323803,,-0.023995613965723563,,,427225084030.8749,,309.9100036621094,299.0
BRK-B,2021,2021-12-31,Financial Services,Insurance - Diversified,,0.28951570404305604,0.17767123206485988,0.25353863675446187,,0.22572545579900394,,0.09380319237701087,7.5309764298824415,,412185146061.0,,299.0,231.8699951171875
BRK-B,2020,2020-12-31,Financial Services,Insurance - Diversified,,0.0237085877138521,,,,,,,,,319643370583.7501,,231.8699951171875,226.5
BRO,2024,2024-12-31,Financial Services,Insurance Brokers,0.44987683829943786,0.44324312019343076,0.15467289719626168,0.2110520722635494,0.48862911795961744,0.632398753894081,1.096610706366804,0.056382012264365206,29.35756837701522,,33504504858.071136,0.15508559919436052,101.57718658447266,70.3812026977539
BRO,2023,2023-12-31,Financial Services,Insurance Brokers,0.2582594755909007,0.2509478568988908,0.15612116866822012,0.20743034055727555,0.47916170516789713,0.7205592400071698,1.0351089588377724,0.05852314721494322,22.958979372118343,,23097205666.086,0.1549942594718714,70.02488708496094,55.97746276855469
BRO,2022,2022-12-31,Financial Services,Insurance Brokers,-0.18313469865805987,-0.18843900338568198,0.14587765380106804,0.18860510805500982,0.490036486107213,0.9080449789432553,1.0868903102293,0.04809102944859914,23.486514835921017,,18360053691.21698,0.17857142857142858,55.66304016113281,68.5876235961914
BRO,2021,2021-12-31,Financial Services,Insurance Brokers,0.5002230742584264,0.49314777605734805,0.13988896566513379,0.19264971287940935,0.46287120590648073,0.5352283828540113,1.2485191572317613,0.05993629662902995,33.134121365017364,,22623137151.866272,0.1825924033384432,68.58763122558594,45.9349250793457
BRO,2020,2020-12-31,Financial Services,Insurance Brokers,,0.21064933344017275,,,,,,,,,15151304857.18071,,45.9349250793457,37.94238662719727
BSX,2024,2024-12-31,Healthcare,Medical Devices,0.5450613660786252,0.5450613660786252,0.08516306844281121,0.11070639517525527,0.686093031587747,0.5120349104271934,1.0814189717143303,0.04706180987434953,71.45599975585938,,132350055496.68529,0.0,89.31999969482422,57.810001373291016
BSX,2023,2023-12-31,Healthcare,Medical Devices,0.2504624191555917,0.2500540216200253,0.08262019604792283,0.11186797752808988,0.6949438202247191,0.4922981173175665,1.3204946280154064,0.04533811475409836,54.05607490896064,,85704514736.65735,0.017576898932831136,57.84000015258789,46.27000045776367
BSX,2022,2022-12-31,Healthcare,Medical Devices,0.08397168194720031,0.08309790059642361,0.03971776487993627,0.055038637438889766,0.6881406718183252,0.5281666097644248,1.514593741782803,0.021497428316240106,102.24444071451822,,68175390193.26908,0.07879656160458452,46.0099983215332,42.47999954223633
BSX,2021,2021-12-31,Healthcare,Medical Devices,0.18267362646200186,0.18164113047887873,0.06262407507670095,0.08756729475100943,0.6878364737550471,0.5685495999518739,1.4780065512400562,0.03230010239225542,61.56521672787874,,62944808734.02793,0.052833813640730067,42.47999954223633,35.95000076293945
BSX,2020,2020-12-31,Healthcare,Medical Devices,,-0.20499779317828892,,,,,,,,,53268972372.78678,,35.95000076293945,45.220001220703125
BTU,2024,2024-12-31,Energy,Thermal Coal,-0.11496084060767528,-0.1280180705885385,0.10160252020271196,0.0875445511837043,0.19255552670710693,0.12798246815504724,2.15190332326284,0.06229739489729076,7.6479834097403065,,2510985913.0859375,0.10137503370180642,20.649555206298828,23.68117332458496
BTU,2023,2023-12-31,Energy,Thermal Coal,-0.05776145239946558,-0.06764060730741518,0.2141528051874824,0.15355691673236704,0.3156852042775992,0.11254581336340569,2.0630234933605722,0.1274047734858523,4.749866485595704,,2887918823.242188,0.04028436018957346,23.74933242797852,25.47229385375977
BTU,2022,2022-12-31,Energy,Thermal Coal,1.4925529390223877,1.4925529390223877,0.4014173861913162,0.26036251229450613,0.33944880467291594,0.11190542506112092,2.582453466855339,0.23117915448777357,2.9121112020150566,,2942676721.1914067,0.0,24.19964408874512,9.708778381347656
BTU,2021,2021-12-31,Energy,Thermal Coal,3.17842322374155,3.17842322374155,0.20439323419230332,0.10851942259590755,0.23060000602718259,0.670564195708934,1.9337769668348181,0.0727504141581478,3.593948451667147,,1180587915.0390625,0.0,9.708782196044922,2.323551654815674
BTU,2020,2020-12-31,Energy,Thermal Coal,,-0.7357456322306954,,,,,,,,,282543852.2338867,,2.3235514163970947,8.792859077453613
BUD,2024,2024-12-31,Consumer Defensive,Beverages - Brewers,-0.18904740298686304,-0.21371416640293067,0.07483671408668532,0.09796212019809931,0.5525364743675546,0.9224535705612434,0.6955482973447046,0.028334712563577676,16.85486231764702,,85173547576.2836,0.4563620836891546,49.2161979675293,62.59326553344727
BUD,2023,2023-12-31,Consumer Defensive,Beverages - Brewers,0.11447971431199232,0.08415069674197201,0.06525510702766103,0.08994610980127989,0.5386325362074773,0.9550386081516958,0.628889008504683,0.024350323698367832,23.484855507904633,,107703655146.16884,0.564126568058416,62.23486709594727,57.404258728027344
BUD,2022,2022-12-31,Consumer Defensive,Beverages - Brewers,0.01848505378113983,-0.006126024827053937,0.08132374179132947,0.10329491572353165,0.5447859343093483,1.0898253358402137,0.6743448797370794,0.02803097542534857,19.581982851847748,,98615761056.66086,0.4091137543977216,56.98357009887695,57.33480453491211
BUD,2021,2021-12-31,Consumer Defensive,Beverages - Brewers,-0.10581125071428364,-0.1266195191506567,0.06800739780687064,0.08599734826163818,0.57467221567472,1.29359681952555,0.7005909197285279,0.02145873444012002,25.1468440942597,,99223607338.64728,0.5062098501070664,57.33480453491211,65.6469955444336
BUD,2020,2020-12-31,Consumer Defensive,Beverages - Brewers,,-0.13967016741794655,,,,,,,,,113608684318.3792,,65.6469955444336,76.30445098876953
BWA,2024,2024-12-31,Consumer Cyclical,Auto Parts,-0.08860314065277407,-0.10154429771521399,0.06109906001446132,0.02399545648161295,0.187988073264234,0.7850686912509038,1.7885353812397147,0.024154934610162222,20.961165110270187,,6803770203.783335,0.28994082840236685,31.44174766540528,34.995323181152344
BWA,2023,2023-12-31,Consumer Cyclical,Auto Parts,0.045198064531659615,0.027601569953888443,0.10724090597117364,0.044020284547119315,0.18087054514720383,0.674159231297186,1.6503849216883462,0.043243617242095064,13.13976902193791,,7591750931.049713,0.208,35.08318328857422,34.14084243774414
BWA,2022,2022-12-31,Consumer Cyclical,Auto Parts,-0.07152976384035285,-0.09132236315411274,0.13067552602436322,0.07471309853581322,0.18749505342303127,0.5962070874861573,1.5620868744098206,0.05554901730022361,8.560852777390252,,7391505138.513138,0.1705508474576271,34.15780258178711,37.59067153930664
BWA,2021,2021-12-31,Consumer Cyclical,Auto Parts,0.20743956533861585,0.18386231197615963,0.07728842832469776,0.04549690756587308,0.18410573582987377,0.6508347725964306,1.7369668246445498,0.03239819004524887,16.784680232565442,,8134352699.688599,0.3016759776536313,37.590667724609375,31.75256729125977
BWA,2020,2020-12-31,Consumer Cyclical,Auto Parts,,-0.09190193592082328,,,,,,,,,6871028531.065918,,31.7525634765625,34.966007232666016
BX,2020,2020-12-31,Financial Services,Asset Management,,0.19776116830967966,,,,,,,,,40552838157.92705,,55.01736068725586,45.93349838256836
BX,2021,2021-12-31,Financial Services,Asset Management,1.184551767585869,1.0710560525923676,0.6216134471653239,0.35174594866514647,,0.924787748306173,,0.1421822261785542,14.015258751525502,,83987212563.488,0.785771222268185,113.94405364990234,55.01736831665039
BX,2022,2022-12-31,Financial Services,Asset Management,-0.3067505479592795,-0.38436695214167854,0.2282721154935056,0.24501908972732647,,1.7464986204776936,,0.041097302015625115,29.723610312251722,,51705300189.53351,3.7300694482988686,70.14772033691406,113.9440460205078
BX,2023,2023-12-31,Financial Services,Asset Management,0.8751952862371165,0.7904832120791468,0.20403714471222412,0.19850858805685856,,1.8034687253458295,,0.03452383404989087,66.52050018310547,,90218339842.53351,3.068882290348556,122.39772033691406,68.36016082763672
BX,2024,2024-12-31,Financial Services,Asset Management,0.398752902335617,0.35070688598852645,0.33809053494133995,0.25401379986716116,,1.4961297786581893,,0.06387200331263893,46.61296612649991,,124376064808.44574,1.5934342706738105,168.7389373779297,124.9263916015625
BXP,2024,2024-12-31,Real Estate,REIT - Office,0.19114698153005769,0.12280612294976201,0.0026318308060295334,0.004188138752050858,0.6120202399317549,3.1319505771974505,2.509236913056423,0.0005471347879124308,795.1719495985243,,11334219032.80983,48.33730381165919,71.56547546386719,63.73805236816406
BXP,2023,2023-12-31,Real Estate,REIT - Office,0.21592308147215408,0.1403061963243157,0.03232156572213122,0.0581063053810688,0.6284874398553995,2.8248807153003868,4.185572643211577,0.007308611043454796,54.18580772070649,,10372192177.107315,3.6159556291564807,65.49113464355469,57.43293762207031
BXP,2022,2022-12-31,Real Estate,REIT - Office,-0.34811979518446035,-0.39438591440054527,0.1382755232809276,0.27309791831063757,0.6347053526995114,2.393400180990994,3.159375803873623,0.03506934104229532,10.484644571940104,,8966759311.83403,0.8069043179373977,56.61708068847656,93.487060546875
BXP,2021,2021-12-31,Real Estate,REIT - Office,0.32040541527134386,0.26211993725623023,0.08645287792363185,0.17489141012268483,0.641992147810322,2.283800808681242,2.582131073477267,0.022588382392011754,29.49118388564053,,14806060151.638224,1.353443719751779,93.48705291748048,74.07144927978516
BXP,2020,2020-12-31,Real Estate,REIT - Office,,-0.2832634808872132,,,,,,,,,11731106343.10093,,74.07146453857422,103.345458984375
C,2024,2024-12-31,Financial Services,Banks - Diversified,0.4791918855312808,0.41933507597118874,0.060796364298794814,0.15639605865160502,,1.609818886087115,,0.005389841241507982,11.599027588712646,,123279591983.03223,0.40995111181201704,68.89822387695312,48.542606353759766
C,2023,2023-12-31,Financial Services,Banks - Diversified,0.2982345163024196,0.2268371010312531,0.044915382106856555,0.11980681346073951,,1.5773729271414874,,0.0038261339710776113,12.389229311801417,,89558913950.72935,0.564802774165583,50.05248641967773,40.79798889160156
C,2022,2022-12-31,Financial Services,Banks - Diversified,-0.15806023253736887,-0.21145352852575583,0.0737863402074666,0.19931525241675618,,1.5840925696732924,,0.006142734897023846,5.899155752999442,,73887515721.89331,0.337015830245874,41.294090270996094,52.36735153198242
C,2021,2021-12-31,Financial Services,Banks - Diversified,0.06530157288078015,0.009310682603259093,0.10868833303626245,0.305368147231071,,1.397951201156596,,0.009580114977090555,5.164433089939094,,93700902096.17615,0.2367893586005831,52.36735153198242,51.884273529052734
C,2020,2020-12-31,Financial Services,Banks - Diversified,,-0.19704386036169638,,,,,,,,,92836537451.17188,,51.88427734375,64.6165771484375
CAG,2025,2025-05-31,Consumer Defensive,Packaged Foods,-0.14769154252371608,-0.19790032675320357,0.1290091461708106,0.09923532653623587,0.2586370212179664,0.9031535817837831,0.7113736391012278,0.05504946522148286,9.312066237131756,,10690661197.518408,0.5807011454356127,22.34895896911621,27.86306953430176
CAG,2024,2024-05-31,Consumer Defensive,Packaged Foods,-0.04539058769415121,-0.09038558327845009,0.041135491208947446,0.02881112613995635,0.27661004572272613,1.0001066300175347,0.9715281633660312,0.01664246032316667,38.6987050374349,,13328344122.647003,1.898905529953917,27.863067626953125,30.63173484802246
CAG,2023,2023-05-31,Consumer Defensive,Packaged Foods,0.14571170329051827,0.09950728403137071,0.07824375057229191,0.05568135537997882,0.26592815834487255,1.0781064005127736,0.7622672101245299,0.03099861240851419,21.85366858898754,,14844308288.605528,0.9125219426565243,31.032209396362305,28.22374153137207
CAG,2022,2022-05-31,Consumer Defensive,Packaged Foods,-0.06588710394470504,-0.10447827764911105,0.1010730907973645,0.07699442609592663,0.2460839639733354,1.0445509063805092,0.862140502444015,0.03958974998997107,15.338989962702211,,13500873076.691683,0.6550326503039856,28.22374153137207,31.51653480529785
CAG,2021,2021-05-31,Consumer Defensive,Packaged Foods,,0.12934988132184297,,,,,,,,,15107645844.939577,,31.582719802856445,27.96539878845215
CAH,2025,2025-06-30,Healthcare,Medical Distribution,0.7609092875427207,0.7392470485896945,-0.5613088816972313,0.007013271751925168,0.03669724770642202,-3.06616325062927,0.9351106769159575,0.02938518881066225,25.882748152858525,,39662938067.77905,0.3164638052530429,166.9437255859375,95.9862060546875
CAH,2024,2024-06-30,Healthcare,Medical Distribution,0.07815336855519767,0.05505445158293489,-0.26517273576097106,0.0037561665939240037,0.032685703201118035,-1.5848117024587614,0.9787878787878788,0.018882560226945323,27.806730408599407,,22792071679.03471,0.5856807511737089,95.93321990966795,90.9272689819336
CAH,2023,2023-06-30,Healthcare,Medical Distribution,0.9014724087513375,0.8563583242180913,-0.11156186612576065,0.0016099210162992307,0.033535142624366396,-1.5892494929006085,0.9999110847658566,0.007612632355994371,90.92727661132812,,21602746244.275208,1.5909090909090908,90.92727661132812,48.98153305053711
CAH,2022,2022-06-30,Healthcare,Medical Distribution,-0.00442224676121913,-0.05005364073793024,1.3229901269393511,-0.005173003319987205,0.03575879906908,-7.496473906911143,1.0780687397708675,-0.021377455672546605,,,11637163990.618248,,48.98153305053711,51.56241989135742
CAH,2021,2021-06-30,Healthcare,Medical Distribution,,0.1339523571150109,,,,,,,,,12250338008.198845,,51.56241989135742,45.47141647338867
CARR,2024,2024-12-31,Industrials,Building Products & Equipment,0.21654258249621716,0.20258652227252263,0.39798309779135005,0.24922173797029262,0.2659877256959886,0.9026347560542575,1.253294475418145,0.14982755393952357,11.030925967829013,,57733554958.05473,0.11955745895788722,67.84019470214844,56.411903381347656
CARR,2023,2023-12-31,Industrials,Building Products & Equipment,0.40832128000974116,0.3900513598183465,0.1554684798893627,0.07118357870297082,0.2723866814416126,1.6856056240636164,2.8041827818364133,0.04110048138443727,35.08226177360438,,47172173389.86014,0.45959970348406226,55.42997360229492,39.87620544433594
CARR,2022,2022-12-31,Industrials,Building Products & Equipment,-0.20845069249414067,-0.22004799152984486,0.45552977571539055,0.20441925034706154,0.2485539102267469,1.2079144109306523,1.63776525198939,0.1354749674154719,9.81078450272723,,34231726808.8969,0.144029428409734,40.22421646118164,51.57268142700195
CARR,2021,2021-12-31,Industrials,Building Products & Equipment,0.4669029324691207,0.4530968733541848,0.24589921678735038,0.0807257555911318,0.29010818415562994,1.5107137579429584,1.7212916855288969,0.06357939782974172,27.57897198518967,,43889526413.30992,0.25060096153846156,51.57267761230469,35.49156188964844
CARR,2020,2020-12-31,Industrials,Building Products & Equipment,,,,,,,,,,,30204123196.100716,,35.491554260253906,
CAT,2020,2020-12-31,Industrials,Farm & Heavy Construction Machinery,,0.2696594492474734,,,,,,,,,77538780337.56317,,165.51177978515625,130.35919189453125
CAT,2021,2021-12-31,Industrials,Farm & Heavy Construction Machinery,0.18961206398506578,0.15953678526867116,0.39365445280271777,0.12730768476192345,0.29434384257715174,2.2924654210143167,1.455925218614936,0.07837619122389573,16.22290462129517,,89909051508.55728,0.35937740792109724,191.91696166992188,165.51174926757812
CAT,2022,2022-12-31,Industrials,Farm & Heavy Construction Machinery,0.20976051125986483,0.18262197129024685,0.4225218980402042,0.11282750265031047,0.2946808689652851,2.3311487806415023,1.3886334083917415,0.08182517115555936,17.9561059686202,,106328402824.12671,0.3639075316927666,226.96517944335932,191.91693115234372
CAT,2023,2023-12-31,Industrials,Farm & Heavy Construction Machinery,0.2709149689009139,0.24687882351702906,0.5301631271160357,0.1541157172681181,0.346898300029824,1.943059402893198,1.3519062428011979,0.11814669166399927,14.105549199917679,,132956028249.71902,0.24799225931301402,283.8036499023437,227.6112518310547
CAT,2024,2024-12-31,Industrials,Farm & Heavy Construction Machinery,0.2662884958273062,0.24658641660743383,0.5536914473346672,0.1665200820873644,0.359888287120616,1.970601816222872,1.4155304908279622,0.12296613645686158,16.206958450697986,,167417236603.95676,0.24518161601186064,357.3634338378906,286.6736145019531
CB,2020,2020-12-31,Financial Services,Insurance - Property & Casualty,,0.014103171592597531,,,,,,,,,56556753888.45065,,143.4269561767578,141.43231201171875
CB,2021,2021-12-31,Financial Services,Insurance - Property & Casualty,0.30325788775646206,0.27848631047033895,0.14276384097531566,0.20909982830512633,,0.27075727635060454,,0.042613494356523736,9.515796576253974,,72307035611.02428,0.16434017595307918,183.3694000244141,143.4269561767578
CB,2022,2022-12-31,Financial Services,Insurance - Property & Casualty,0.1796179244766453,0.1606017990730031,0.10384211880678557,0.12207097149505526,,0.29448326372255984,,0.026359557223754753,16.957681967442728,,83919696565.51208,0.2621044605413648,212.81890869140625,183.36944580078125
CB,2023,2023-12-31,Financial Services,Insurance - Property & Casualty,0.06480862200170362,0.04818470268129294,0.15171324382005477,0.1800809845810145,,0.24358478834422842,,0.03913612678925967,10.224850855836081,,87895606768.47812,0.15440850686752325,222.90174865722656,212.655029296875
CB,2024,2024-12-31,Financial Services,Insurance - Property & Casualty,0.25529877378341986,0.23886361766076092,0.14482747848362257,0.16512911843276937,,0.2388122647256369,,0.03760728134075312,12.194806594204659,,108244067880.08282,0.1548748921484038,274.5050964355469,221.57814025878903
CBOE,2024,2024-12-31,Financial Services,Financial Data & Stock Exchanges,0.12102819201260895,0.10743496635565412,0.17873165716422096,0.18681157650506777,0.5061423861277323,0.37370314982708663,1.776877866972477,0.09820133263149786,26.944255432044248,,20318523916.19705,0.32605569355471303,194.26808166503903,175.42166137695312
CBOE,2023,2023-12-31,Financial Services,Financial Data & Stock Exchanges,0.458329251661082,0.440743267802304,0.19106649937264744,0.20177553994964886,0.5082814363323175,0.4042158092848181,1.4307503252855285,0.10168948247078465,24.553715731285063,,18310384163.86841,0.29353821907013394,175.0679931640625,121.51227569580078
CBOE,2022,2022-12-31,Financial Services,Financial Data & Stock Exchanges,0.001204839724062334,-0.014915448146233141,0.06781519637549419,0.059365921434886955,0.43998989516230896,0.5400109658615415,1.0533441646357975,0.03357670491077169,55.86535658466217,,12796093147.832718,0.8910638297872341,122.34513092041016,124.19759368896484
CBOE,2021,2021-12-31,Financial Services,Financial Data & Stock Exchanges,0.4434804701045651,0.4223151997212481,0.14674877940523745,0.15136774636602954,0.42237037884857503,0.39627718597425654,1.3095869323526896,0.07762858610316238,25.24341335141562,,12989842469.616013,0.365406427221172,124.19759368896484,87.32072448730469
CBOE,2020,2020-12-31,Financial Services,Financial Data & Stock Exchanges,,-0.21173144280564193,,,,,,,,,9132884329.902649,,87.32070922851562,110.77532958984376
CBRE,2024,2024-12-31,Real Estate,Real Estate Services,,0.410355553238899,0.11508738556652004,0.027064053457097323,0.19448094612352168,0.6769706336939721,1.0735436631850974,0.03969979083787885,41.81209977265376,,39065905331.50978,,131.2899932861328,93.08999633789062
CBRE,2023,2023-12-31,Real Estate,Real Estate Services,,0.21127861654965982,0.1192693842990202,0.030861685811762497,0.19637547341074837,0.5837667835974356,1.1726313235472523,0.04372893383005145,29.593651181175595,,27738014539.725494,,93.22000122070312,76.95999908447266
CBRE,2022,2022-12-31,Real Estate,Real Estate Services,,-0.2771173081083568,0.17916719724945881,0.04564032697547684,0.21373426754898145,0.4447981663058704,1.0348216452317398,0.06859064983181397,18.28438285347465,,23340161979.45099,,78.44000244140625,108.51000213623048
CBRE,2021,2021-12-31,Real Estate,Real Estate Services,,0.7300701534491142,0.21540319268102867,0.06620774165645499,0.2222302313847041,0.492159007189448,1.1975913866815127,0.08322199691929111,20.057301688767186,,32287620441.39462,,108.51000213623048,62.720001220703125
CBRE,2020,2020-12-31,Real Estate,Real Estate Services,,0.023331706376488272,,,,,,,,,18662607627.225494,,62.720001220703125,61.290000915527344
CCI,2024,2024-12-31,Real Estate,REIT - Specialty,-0.10393649971465858,-0.1639303887569206,29.345864661654137,-0.5942448233861145,0.7187880633373934,-222.65413533834587,0.5006890215893431,-0.11922653958944282,,,38031106259.424065,,87.33345794677734,104.45716094970705
CCI,2023,2023-12-31,Real Estate,REIT - Specialty,-0.03754114784887138,-0.09127235511643768,0.2353863030872904,0.21515542185933248,0.7163730124623979,4.51559316721517,0.39922630560928435,0.03898564642977652,30.564717199071982,,46052666650.421585,1.8129161118508654,105.75392150878906,116.37581634521484
CCI,2022,2022-12-31,Real Estate,REIT - Specialty,-0.277824877300458,-0.31244494849659166,0.22486239763726676,0.2397652447752648,0.7039793873461209,3.7535239629480466,0.445624313438301,0.04303589321959867,30.742643287144794,,51675752885.55915,1.5534328358208955,118.6666030883789,172.59214782714844
CCI,2021,2021-12-31,Real Estate,REIT - Specialty,0.3934407778088497,0.3507919648457225,0.13271978687333494,0.17287066246056781,0.6856466876971609,3.270646645676919,0.6189536031589339,0.02807377049180328,68.21822818560092,,75158699852.91774,2.16514598540146,172.5921173095703,127.77105712890624
CCI,2020,2020-12-31,Real Estate,REIT - Specialty,,0.15491751206899929,,,,,,,,,55640489976.1967,,127.77110290527344,110.63223266601562
CCK,2024,2024-12-31,Consumer Cyclical,Packaging & Containers,-0.07995858359850427,-0.0912873501194176,0.15384615384615385,0.03592915854588594,0.21515125836793492,2.3287373004354137,1.2152958152958153,0.030618139803581745,23.104716556172978,,9545329152.663239,0.2806603773584906,82.02174377441406,90.261474609375
CCK,2023,2023-12-31,Consumer Cyclical,Packaging & Containers,0.1411259475513304,0.12872293360809894,0.18672199170124482,0.03746877601998335,0.2051623646960866,3.1925311203319504,1.1504403713401572,0.029932153784754556,23.917082522777804,,10465451216.860672,0.25555555555555554,89.92823028564453,79.67254638671875
CCK,2022,2022-12-31,Consumer Cyclical,Packaging & Containers,-0.23874712123527533,-0.24732277720328735,0.3931855056787453,0.056169357954106464,0.1777022328671869,3.899405083829097,1.1848931841302137,0.0508356059016852,13.346228496061142,,9303519860.644165,0.14580467675378267,79.94390869140625,106.21273803710938
CCK,2021,2021-12-31,Consumer Cyclical,Packaging & Containers,0.12201666712543288,0.11256569774792366,-0.2928870292887029,-0.0491486747410918,0.20756538529050378,3.3797071129707112,1.0875877086861843,-0.04040987155433685,,,12360573143.060957,,106.21276092529295,95.4665069580078
CCK,2020,2020-12-31,Consumer Cyclical,Packaging & Containers,,0.38130651684262074,,,,,,,,,11109970566.467972,,95.46649932861328,69.11318969726562
CCL,2024,2024-11-30,Consumer Cyclical,Travel Services,,0.6491116366539635,0.20709035884133162,0.07657567643179729,0.37500499580352503,3.121054907047125,0.2907807523457003,0.03905660761970769,18.048610952165394,,30344391596.28106,,25.989999771118164,15.760000228881836
CCL,2023,2023-11-30,Consumer Cyclical,Travel Services,,0.5166163098471435,-0.010751125962516345,-0.003427036539619321,0.3369610521928403,4.633299433386605,0.4586708474871527,-0.001506514657980456,,,17583168687.859722,,15.0600004196167,9.93000030517578
CCL,2022,2022-11-30,Consumer Cyclical,Travel Services,-0.4364358778539191,-0.4364358778539191,-0.8625424688561721,-0.500698496178815,0.03385652066726929,5.0794167610419025,0.7064592173503065,-0.11784615979730383,,,11593682972.87525,,9.93000030517578,17.6200008392334
CCL,2021,2021-11-30,Consumer Cyclical,Travel Services,-0.1181180559095638,-0.1181180559095638,-0.7823616600790514,-4.979559748427673,-1.439727463312369,2.849720026350461,0.9735780169100692,-0.17810812837432513,,,20572074263.219444,,17.6200008392334,19.979999542236328
CCL,2020,2020-11-30,Consumer Cyclical,Travel Services,-0.5383715998449267,-0.5516150936922305,,,,,,,,,23327469624.562122,,19.979999542236328,44.55992889404297
CDNS,2020,2020-12-31,Technology,Software - Application,,0.9669837294583284,,,,,,,,,37175808704.22363,,136.42999267578125,69.36000061035156
CDNS,2021,2021-12-31,Technology,Software - Application,,0.3659020457940407,0.25393561805029785,0.23289764825094605,0.8972620709687696,0.16591131746741222,1.7666030013642564,0.15866565411979439,74.54000244140624,,50778513163.146965,,186.3500061035156,136.42999267578125
CDNS,2022,2022-12-31,Technology,Software - Application,,-0.14333247029264926,0.3092594002505544,0.23835463672306453,0.8956618687947783,0.32327084531675015,1.2664332312331565,0.16525993119425447,51.6634302231872,,43500303433.6853,,159.63999938964844,186.3500061035156
CDNS,2023,2023-12-31,Technology,Software - Application,,0.6365786534821508,0.30583464124918375,0.25455930655997355,0.8936326432413216,0.22454557818693047,1.2422264086186965,0.18363976589785574,68.82198793101685,,71637619336.85303,,262.8999938964844,160.63999938964844
CDNS,2024,2024-12-31,Technology,Software - Application,,0.10313175768793796,0.22584067282069542,0.22741304954857125,0.8604901595772186,0.5531256780137188,2.9312198700099628,0.1176094620280034,78.04155622209821,,81872343071.59424,,300.4599914550781,272.3699951171875
CDW,2024,2024-12-31,Technology,Information Technology Services,-0.21426152694029577,-0.2256548196659407,0.45811195647553876,0.051326986908713394,0.2191754727673618,2.5468185489012622,1.346832529592284,0.07342762153913233,21.60843259268154,,22571177672.81662,0.3081276674707738,172.21920776367188,222.40625
CDW,2023,2023-12-31,Technology,Information Technology Services,0.26496765441798,0.2507565283136021,0.5406609547123623,0.05166074101796407,0.21764595808383233,2.844014687882497,1.2320837927232635,0.08312632672417687,26.654320234133877,,28296014045.5687,0.2911346554378339,215.8999938964844,172.6155242919922
CDW,2022,2022-12-31,Technology,Information Technology Services,-0.1018742515836574,-0.11289820413936107,0.6951287968564835,0.046928884528416294,0.19734132815690963,3.8033431048462547,1.3268379454629986,0.08487225374100446,21.342490783916627,,22740933094.864426,0.2535666218034993,173.5144500732422,195.5970001220703
CDW,2021,2021-12-31,Technology,Information Technology Services,0.5830608887715304,0.5686927277098316,1.400878560294743,0.047481364789057096,0.1713911088911089,10.419158282556326,1.271212715855573,0.07489734381865842,27.783662622625176,,25635086555.935364,0.23750758648593973,195.59698486328125,124.6878890991211
CDW,2020,2020-12-31,Technology,Information Technology Services,,-0.0654692258436605,,,,,,,,,16341687637.80819,,124.6878890991211,133.42298889160156
CE,2024,2024-12-31,Basic Materials,Chemicals,-0.527226028233593,-0.5456629914281451,-0.2941062801932367,-0.1480544747081712,0.2291828793774319,2.5028019323671495,1.3353231248377888,-0.0665879161744761,,,7565316487.303848,,69.08729553222656,152.06178283691406
CE,2023,2023-12-31,Basic Materials,Chemicals,0.578859361745625,0.5503426660895746,0.2764067127344521,0.17915904936014626,0.23793418647166362,1.9881539980256664,1.5270137524557956,0.07369252171297515,8.450091736657278,,16581672675.56456,0.1556122448979592,151.42564392089844,97.67237091064452
CE,2022,2022-12-31,Basic Materials,Chemicals,-0.36027641500835217,-0.3775558215068864,0.33599432322157174,0.1958027499224646,0.2460456942003515,2.6833422032996275,1.6251229105211407,0.07209196102314251,5.63443061802214,,10698626774.48655,0.15681098204857444,97.7010269165039,156.96351623535156
CE,2021,2021-12-31,Basic Materials,Chemicals,0.34078432034893874,0.3174824470857465,0.45118166626879924,0.22138924680801217,0.3141618835656554,1.0035808068751493,1.5197604790419161,0.15782881002087681,9.309816190780694,,17188088673.828735,0.16084656084656085,156.9635009765625,119.13896942138672
CE,2020,2020-12-31,Basic Materials,Chemicals,,0.08252638382776278,,,,,,,,,13046161420.858818,,119.13896942138672,110.05641174316406
CEG,2024,2024-12-31,Utilities,Utilities - Renewable,0.9394364086218934,0.9271388166165785,0.2847485948655628,0.15907162253903598,0.2541581805838425,0.6389184262494304,1.5740578439964943,0.07083475040622757,18.73161630333723,,69578632484.1454,0.1184315817551347,222.7189178466797,115.56973266601562
CEG,2023,2023-12-31,Utilities,Utilities - Renewable,0.3670474021855769,0.3531352023008531,0.148558352402746,0.06513363833373464,0.12970543382293925,0.8476887871853547,1.313340718468112,0.03197525513219591,22.74416316293195,,35598071343.548996,0.2255083179297597,113.94825744628906,84.2105484008789
CEG,2022,2022-12-31,Utilities,Utilities - Renewable,,,-0.014521691777092031,-0.006546644844517185,0.08743862520458265,0.5235069885641678,1.1940298507462686,-0.0034108593233707816,,,24995659231.380707,,80.01028442382812,
CEG,2021,2021-12-31,Utilities,Utilities - Renewable,,,-0.018272573313129512,-0.010433100921166472,0.14916789658506793,0.7305463945093146,0.9981240620310156,-0.004263195108763465,,,,,,
CEG,2020,2020-12-31,Utilities,Utilities - Renewable,,,,,,,,,,,,,,
CF,2024,2024-12-31,Basic Materials,Agricultural Inputs,0.13027095345744175,0.10075479695636207,0.24433299899699099,0.20518867924528303,0.3463611859838275,0.6511534603811434,3.0806845965770173,0.09045002227833061,12.434541153271049,,13574760185.23819,0.2988505747126437,83.80880737304688,76.13758087158203
CF,2023,2023-12-31,Basic Materials,Agricultural Inputs,0.0018513463522777944,-0.022170464751059046,0.266748294560084,0.22998039511385915,0.3838033479113256,0.5653314675529124,3.8125,0.10607957707289928,9.93117316705299,,12659536125.491295,0.2039344262295082,78.15833282470703,79.93042755126953
CF,2022,2022-12-31,Basic Materials,Agricultural Inputs,0.20514775982888117,0.17624396207725787,0.6624430805781033,0.29912390488110135,0.523958519578044,0.6384874282320333,3.691457286432161,0.25133328325696686,4.69361562577505,,12452711421.820908,0.09145248057381948,76.88142395019531,65.36180114746094
CF,2021,2021-12-31,Basic Materials,Agricultural Inputs,0.9178069930850179,0.8718369565739871,0.28602620087336245,0.14025695931477516,0.36509635974304067,1.1590767311291328,1.8107541899441342,0.0741010101010101,15.415519138552106,,10586844075.976639,0.2835332606324973,65.36180114746094,34.91853332519531
CF,2020,2020-12-31,Basic Materials,Agricultural Inputs,,-0.15763268365858482,,,,,,,,,5655857409.070072,,34.91852951049805,41.45285415649414
CFG,2024,2024-12-31,Financial Services,Banks - Regional,0.448024545811111,0.3801005375007552,0.06221654160138534,0.19361046959199385,,0.5112971056320607,,0.006937261229950212,14.034563322665274,,18347427019.750534,0.5984095427435387,42.52472686767578,30.812774658203125
CFG,2023,2023-12-31,Financial Services,Banks - Regional,-0.0380097057867897,-0.1001310542346383,0.0660586640374661,0.19552529182879377,,0.5739873469723112,,0.007244418013731956,9.954246545371156,,13442695668.000687,0.5771144278606966,31.15679168701172,34.62369918823242
CFG,2022,2022-12-31,Financial Services,Banks - Regional,-0.07842768451088285,-0.13015705845807649,0.0875052764879696,0.2584465777334497,,0.6707471506964964,,0.00914291258881592,8.479123929651772,,14999213109.50814,0.4302942595272552,34.764408111572266,39.966304779052734
CFG,2021,2021-12-31,Financial Services,Banks - Regional,0.43237702931195293,0.3701605284302771,0.09901793339026473,0.34887919362118247,,0.29910333048676346,,0.012308329219941723,7.745407902917196,,17243587771.051918,0.33764553686934023,39.966304779052734,29.1690673828125
CFG,2020,2020-12-31,Financial Services,Banks - Regional,,-0.06732236912561594,,,,,,,,,12585085771.52417,,29.1690673828125,31.27454376220703
CHD,2024,2024-12-31,Consumer Defensive,Household & Personal Products,0.13188608736992594,0.11961665570108262,0.13421849201981287,0.09583926904750209,0.4568616855790801,0.5055494404696386,1.7027129721103427,0.06588916031565557,43.780784767891284,,25276950228.81504,0.4732615752605501,103.76045989990234,92.67498779296876
CHD,2023,2023-12-31,Consumer Defensive,Household & Personal Products,0.20132145021978928,0.1873075437898809,0.19598485241479482,0.1287683839192897,0.4411288535932787,0.6240597603361518,1.0757383966244727,0.08817625916071511,30.388453749359634,,22578819260.89554,0.3526998411858126,92.68478393554688,78.06299591064453
CHD,2022,2022-12-31,Consumer Defensive,Household & Personal Products,-0.17952864534389684,-0.1902007158946248,0.11859938680191409,0.07699605625418558,0.41855792841729295,0.7660677956388435,1.1791687785098834,0.049594996165644174,47.27884020124163,,19349461425.063858,0.6160908431988403,79.42845153808594,98.08412170410156
CHD,2021,2021-12-31,Consumer Defensive,Household & Personal Products,0.20128606010862102,0.18897048160769714,0.25593838921192624,0.1594381611144294,0.4361187645710102,0.79268217246072,0.5943523515805705,0.10348277371349966,29.543407853827425,,23894143029.970516,0.2990936555891239,98.08411407470705,82.4949951171875
CHD,2020,2020-12-31,Consumer Defensive,Household & Personal Products,,0.25457305205183567,,,,,,,,,20096499963.116264,,82.49500274658203,65.75543975830078
CHRW,2020,2020-12-31,Industrials,Integrated Freight & Logistics,,0.2295167269663867,,,,,,,,,9884375855.192993,,83.70123291015625,68.07653045654297
CHRW,2021,2021-12-31,Industrials,Integrated Freight & Logistics,0.19995950455798545,0.17190300878050915,0.41754330260038164,0.03654402029803475,0.06962468149051833,1.1010888584889518,1.44427512264223,0.12012401054507953,15.545125922008099,,11583531916.303085,0.32848403010974303,98.0897445678711,83.70124816894531
CHRW,2022,2022-12-31,Industrials,Integrated Freight & Logistics,-0.11846509881536368,-0.14309635999386786,0.6949229434721764,0.03808309839907275,0.07572682502163758,1.7445911179218307,1.0801678798814993,0.15795010348364716,11.358575563173035,,9925970663.207321,0.3033596165541762,84.05345916748047,98.0897445678711
CHRW,2023,2023-12-31,Industrials,Integrated Freight & Logistics,0.006236401695059168,-0.02272730934068088,0.2291743762057719,0.01847697287457471,0.06472177359935755,1.3762635714320959,1.4038517675255227,0.06222231153163084,30.62785653507008,,9837911336.404358,0.8967794321638488,83.30776977539062,85.24516296386719
CHRW,2024,2024-12-31,Industrials,Integrated Freight & Logistics,0.25910208940704965,0.22888257028213363,0.2704275308919422,0.02627312586840836,0.07383741883477736,1.0110803919279976,1.2773046387411404,0.08790043500041336,26.29688836132307,,11986960199.79146,0.6329790203783633,101.50598907470705,82.60023498535156
CHTR,2024,2024-12-31,Communication Services,Telecom Services,,-0.11811774345793356,0.32610508757297746,0.09227557411273486,0.5587183443768721,6.143773657535125,0.3138810618419101,0.033882149046793764,9.80182982595573,,46819290085.04663,,342.7699890136719,388.6799926757813
CHTR,2023,2023-12-31,Communication Services,Telecom Services,,0.1545561861361642,0.4110589933249143,0.08345083963594412,0.5487757979746186,8.858199530939924,0.3126986529438474,0.030959352686608738,13.054685220594365,,53476737479.73633,,391.510009765625,339.1000061035156
CHTR,2022,2022-12-31,Communication Services,Telecom Services,,-0.47608018479151043,0.5543370983660489,0.09357298878234793,0.5462774425234164,10.703256936067552,0.3329465395772897,0.03497713166762384,11.111905874179104,,46656746480.61255,,341.5799865722656,651.969970703125
CHTR,2021,2021-12-31,Communication Services,Telecom Services,,-0.014481168871008738,0.3312455516014235,0.09005069463256066,0.45385240509268215,6.53594306049822,0.28624177235511317,0.032661711967773406,26.64364408267777,,89053219836.79102,,651.969970703125,661.5499877929688
CHTR,2020,2020-12-31,Communication Services,Telecom Services,,0.3637956751580251,,,,,,,,,90361763797.82959,,661.5499877929688,485.0799865722656
CI,2020,2020-12-31,Healthcare,Healthcare Plans,,0.018253158161424934,,,,,,,,,51122795131.29501,,191.52273559570312,188.08950805664065
CI,2021,2021-12-31,Healthcare,Healthcare Plans,0.1491294049107121,0.12289844061712453,0.11398369842078451,0.030814784210435712,,0.7146799116997793,,0.034669989476334664,13.654637896825397,,57405697785.791016,0.24972067039106144,215.060546875,191.522705078125
CI,2022,2022-12-31,Healthcare,Healthcare Plans,0.44724217131653987,0.42313306452785904,0.15006155567991047,0.03723803122795519,,0.695982092893117,,0.04659276505542621,14.369615746417006,,81695940814.83307,0.2064439140811456,306.05975341796875,215.0605316162109
CI,2023,2023-12-31,Healthcare,Healthcare Plans,-0.029778819171837667,-0.04699939767183604,0.1117192739545248,0.026456680004303564,,0.6691473941544253,,0.033804439614823156,17.28699888697707,,80244160983.09174,0.2807900852052672,300.62091064453125,315.4467163085937
CI,2024,2024-12-31,Healthcare,Healthcare Plans,-0.04246542669710804,-0.06268783965409487,0.0836887383325616,0.014051656409584916,,0.7791777349937855,,0.022029625162784432,22.450364619591845,,72630707244.78378,0.4563191613278975,272.0984191894531,290.2964782714844
CIEN,2024,2024-10-31,Technology,Communication Equipment,,0.5003542540586466,0.029812459474642224,0.020910819672947768,0.42829620755400744,0.5796068942644146,3.54498319731157,0.014882287656277226,109.49999710609174,,8976663652.531261,,63.5099983215332,42.33000183105469
CIEN,2023,2023-10-31,Technology,Communication Equipment,,-0.11899792445434301,0.08946443235250026,0.05809281966301984,0.42832098763743437,0.5817959872361684,3.8365863000940967,0.04549267650868206,24.67836301926284,,5964654747.23579,,42.20000076293945,47.900001525878906
CIEN,2022,2022-10-31,Technology,Communication Equipment,,-0.1177012208857939,0.056361899854065506,0.04209090801481338,0.42953196018015444,0.437289636291723,3.2538452002387124,0.03016037455973136,47.900001525878906,,6770307258.9715805,,47.900001525878906,54.290000915527344
CIEN,2021,2021-10-31,Technology,Communication Equipment,,0.4028941146938771,0.16562682738977053,0.13814958720506954,0.47559494283400594,0.2661189436619252,3.508031638119754,0.10281041357371404,17.322883486374046,,7810587804.781261,,55.2599983215332,39.38999938964844
CIEN,2020,2020-10-31,Technology,Communication Equipment,,0.0746637715596363,,,,,,,,,5533560147.7215805,,39.150001525878906,36.43000030517578
CINF,2020,2020-12-31,Financial Services,Insurance - Property & Casualty,,-0.14145060383104968,,,,,,,,,12137688956.140137,,77.618408203125,90.40645599365234
CINF,2021,2021-12-31,Financial Services,Insurance - Property & Casualty,0.36530409804531766,0.3327608385664032,0.2264784433422358,0.3083316019114897,,0.06844715757344524,,0.09456144263548603,5.715291987466547,,16176638101.503706,0.13308625336927224,103.44678497314452,77.61841583251953
CINF,2022,2022-12-31,Financial Services,Insurance - Property & Casualty,-0.03818030118800158,-0.06432912517354754,-0.046108691535693996,-0.07420387018131952,,0.0843590229123272,,-0.016379658280640388,,,15136006891.566742,,96.79212951660156,103.44676971435548
CINF,2023,2023-12-31,Financial Services,Insurance - Property & Casualty,0.09478716680729754,0.0643178948233171,0.15233922962473137,0.1840607210626186,,0.07224334600760456,,0.0562421801092496,8.697517617489012,,15858610750.65509,0.24633749321758003,101.41305541992188,95.28455352783205
CINF,2024,2024-12-31,Financial Services,Insurance - Property & Casualty,0.4564708238837617,0.42485005503672874,0.1644779332615716,0.20216988621328394,,0.06279153211338356,,0.06279280019725487,9.717530935120763,,22079682197.02249,0.21378708551483422,141.1957244873047,99.09514617919922
CL,2024,2024-12-31,Consumer Defensive,Household & Personal Products,0.19472963475539945,0.1656615047481815,13.627358490566039,0.14372419282622756,0.6049947763792846,40.15094339622642,0.9232505643340858,0.1800448709958868,25.28881931576634,,71740715053.7952,0.619245413637937,88.76375579833984,76.1488265991211
CL,2023,2023-12-31,Consumer Defensive,Household & Personal Products,0.08047090032687593,0.050977708235591626,3.7766830870279144,0.1182093847972452,0.582104127049391,14.883415435139574,1.1134781691626239,0.14030378820228145,27.838878425019743,,62324891995.91438,0.7604347826086957,77.11369323730469,73.373291015625
CL,2022,2022-12-31,Consumer Defensive,Household & Personal Products,-0.023359392504534622,-0.05032320940886265,4.451371571072319,0.09934880614459843,0.5703790282184004,23.119700748129677,1.276973026973027,0.11347021804081114,34.596202295151116,,59557719835.71976,0.9473389355742297,73.68991088867188,77.5947265625
CL,2021,2021-12-31,Consumer Defensive,Household & Personal Products,0.04814251801572605,0.020812830662804562,3.5566502463054186,0.12433270191148614,0.5955456058779633,12.862068965517242,1.0854110096272525,0.1440159574468085,30.42929855047488,,62713660809.57497,0.7751615881809788,77.59471130371094,76.0126724243164
CL,2020,2020-12-31,Consumer Defensive,Household & Personal Products,,0.2716871285217915,,,,,,,,,61435017890.873566,,76.01266479492188,59.77308654785156
CLF,2024,2024-12-31,Basic Materials,Steel,,-0.539667013545071,-0.1131452581032413,-0.03930153765962992,0.0036486838676048996,1.0601740696278512,2.0791691751956654,-0.035995607962954125,,,4650135405.688727,,9.399999618530272,20.420000076293945
CLF,2023,2023-12-31,Basic Materials,Steel,,0.2271880638576983,0.05058957778623051,0.018139661756683034,0.06323877068557919,0.397743121592494,1.8916761687571266,0.02275189599133261,25.346154433030346,,9780125832.973526,,19.770000457763672,16.110000610351562
CLF,2022,2022-12-31,Basic Materials,Steel,,-0.22875514182455373,0.1713515594917212,0.058071251468093436,0.10953064509113054,0.5453728661275831,2.091293322062553,0.07118101839509464,6.5843140845205275,,8305934136.947052,,16.790000915527344,21.770000457763672
CLF,2021,2021-12-31,Basic Materials,Steel,,0.4951922960409352,0.5442622950819672,0.14615535120328702,0.2217765603600078,0.9540983606557377,2.1491154170176916,0.1574703557312253,4.061567249582774,,10769516384.973526,,21.770000457763672,14.5600004196167
CLF,2020,2020-12-31,Basic Materials,Steel,0.7839079285089191,0.7738109359974151,,,,,,,,,7202763426.142399,,14.5600004196167,8.2083158493042
CLX,2025,2025-06-30,Consumer Defensive,Household & Personal Products,-0.05288256781971102,-0.09108190759566906,2.5233644859813085,0.11402027027027027,0.45228040540540543,8.97196261682243,0.8379364252214695,0.14565725588922857,,,14324035306.279953,0.7432098765432099,117.62843322753906,129.41587829589844
CLX,2024,2024-06-30,Consumer Defensive,Household & Personal Products,-0.09323919345743242,-0.126756340452096,0.8536585365853658,0.039475539264063164,0.42971944170308757,8.850609756097562,1.0304955527318933,0.04868718483741958,56.57828436957465,,15501915408.066442,2.125,127.30113983154295,145.77963256835938
CLX,2023,2023-06-30,Consumer Defensive,Household & Personal Products,0.2030780580879539,0.16482387026381695,0.6772727272727272,0.020165110299093247,0.3935579916091487,13.290909090909091,0.9535732916014606,0.025063078216989068,121.48300170898438,,17752103886.919373,3.912751677852349,145.77960205078125,125.15162658691406
CLX,2022,2022-06-30,Consumer Defensive,Household & Personal Products,-0.16419690139241966,-0.19438087502795673,0.8309352517985612,0.06500633178556353,0.3580976502040242,5.580935251798561,0.9669282511210763,0.07502435855797336,33.55270672100159,,15240157770.92537,1.2359307359307359,125.15159606933594,155.3483428955078
CLX,2021,2021-06-30,Consumer Defensive,Household & Personal Products,,-0.16237621677016456,,,,,,,27.84020755453349,,18917325564.222565,,155.34835815429688,185.46316528320312
CMA,2024,2024-12-31,Financial Services,Banks - Regional,0.2286789906890479,0.1673938070103458,0.10667889347394162,0.21516646115906288,,1.0198685618217942,,0.008802350656393053,11.896101507057708,,7619419487.297974,0.5730659025787965,59.71842956542969,51.15534210205078
CMA,2023,2023-12-31,Financial Services,Banks - Regional,-0.046288291186947036,-0.09995670783289898,0.13752731813924446,0.2452672605790646,,1.5252887917577271,,0.01026399794953049,8.04158145596522,,6607555789.343109,0.44721906923950056,51.787784576416016,57.53921508789063
CMA,2022,2022-12-31,Financial Services,Banks - Regional,-0.1725795829240562,-0.21335672299038813,0.22215788457826674,0.3256932654216186,,1.2034356301872224,,0.013476804908320258,6.712000823217974,,7253521744.645996,0.3266724587315378,56.85064697265625,72.2699203491211
CMA,2021,2021-12-31,Financial Services,Banks - Regional,0.68401966940165,0.6153474794013679,0.1479042674433329,0.3936636332996293,,0.35405850322907434,,0.012344635156844508,8.655081195031812,,9220853622.445068,0.3356164383561644,72.26992797851562,44.73955535888672
CMA,2020,2020-12-31,Financial Services,Banks - Regional,,-0.16789235119077392,,,,,,,,,5708276760.994568,,44.739540100097656,53.76652908325195
CMCSA,2024,2024-12-31,Communication Services,Telecom Services,-0.08653747285270867,-0.11840357336385036,0.18924731182795698,0.1308645367773638,0.7007540551680662,1.1581697054698457,0.6771178090497966,0.0608239328953349,8.735202476022325,,133182445600.53859,0.2973073122529644,36.16373825073242,41.0207405090332
CMCSA,2023,2023-12-31,Communication Services,Telecom Services,0.3347487764112536,0.2940271625195882,0.1860633834322818,0.126575198236436,0.6976112920738328,1.173959832170538,0.5967212299119359,0.058109368568526235,11.08472366538652,,151451105866.672,0.3097218611905381,41.124324798583984,31.780109405517575
CMCSA,2022,2022-12-31,Communication Services,Telecom Services,-0.24000712570722152,-0.2688982472829937,0.06634298209851378,0.04422410172366936,0.6853006333023133,1.2352272586882127,0.7826585864381252,0.020872607132445826,26.923055097091297,,119972961262.18958,0.8828677839851025,32.57689666748047,44.55863571166992
CMCSA,2021,2021-12-31,Communication Services,Telecom Services,0.0047868745159262965,-0.02221704530348928,0.14734837447446197,0.12165657086394295,0.6696309661898011,1.0408774924031137,0.8452705465449094,0.0513183885757779,14.657445957786159,,164098856029.7277,0.32007910163147113,44.55863571166992,45.57109069824219
CMCSA,2020,2020-12-31,Communication Services,Telecom Services,,0.19134457031403485,,,,,,,,,167827529055.43616,,45.571102142333984,38.25182342529297
CME,2024,2024-12-31,Financial Services,Financial Data & Stock Exchanges,0.2042479777874935,0.15411046204746856,0.1331148605537077,0.575161906004796,0.8612910066719955,0.1294224692206336,1.007033257455732,0.025652069524980538,23.675175758527498,,82504341450.01534,1.0165636167678258,228.9389495849609,198.36831665039065
CME,2023,2023-12-31,Financial Services,Financial Data & Stock Exchanges,0.36408545862911057,0.3046506800434557,0.12066018647687365,0.5782860420513004,0.8514760974385631,0.12811028540012492,1.0157712362538256,0.024873155541643762,22.243553144398987,,71022343747.72998,1.0028826483169053,197.077880859375,151.05796813964844
CME,2022,2022-12-31,Financial Services,Financial Data & Stock Exchanges,-0.1879566003078105,-0.22526038360283948,0.1001164490842191,0.5361198549627445,0.8499621468701438,0.12792285341180934,1.0101011348161597,0.015449916377542906,20.509136303051097,,54693561874.02594,0.9786324786324786,151.76760864257812,195.89498901367188
CME,2021,2021-12-31,Financial Services,Financial Data & Stock Exchanges,0.3348477518105573,0.29469705725090184,0.09622143631406642,0.5621681557455701,0.8215237648463655,0.12573678889606668,1.0085000847888757,0.013397682593227066,26.871736419217243,,70596045685.53502,0.8304126839629798,195.8949584960937,151.30563354492188
CME,2020,2020-12-31,Financial Services,Financial Data & Stock Exchanges,,-0.0634386423706453,,,,,,,,,54527082153.77219,,151.30564880371094,161.554443359375
CMG,2024,2024-12-31,Consumer Cyclical,Restaurants,,0.3183439687739804,0.41966644654451074,0.13559571615434635,0.2667254029197657,1.2421175933772957,1.5234734352754353,0.16667184536395413,54.32432363699148,,80855364476.98593,,60.29999923706055,45.739200592041016
CMG,2023,2023-12-31,Consumer Cyclical,Restaurants,,0.6178495303455172,0.4012586347036631,0.12447130160320732,0.2619716320951039,1.3231061779951518,1.5725535476046089,0.15274511515021327,50.62584625368028,,60199032688.80844,,44.89500045776367,27.749799728393555
CMG,2022,2022-12-31,Consumer Cyclical,Restaurants,,-0.21571286507056345,0.37968423448589816,0.1041270684678433,0.23881900509713652,1.575749053113082,1.2754772855469259,0.12978714988832918,42.79431927665491,,36770552722.74017,,27.42259979248047,34.96500015258789
CMG,2021,2021-12-31,Consumer Cyclical,Restaurants,,0.2607178412495458,0.2842306041593576,0.08652162742556341,0.22618195347831427,1.5323208149826715,1.5813121936814538,0.09814942466193233,76.34279509298666,,46884044229.60281,,34.96500015258789,27.73419952392578
CMG,2020,2020-12-31,Consumer Cyclical,Restaurants,,0.6565444274633491,,,,,,,,,37188372128.63922,,27.73419952392578,16.74220085144043
CMI,2024,2024-12-31,Industrials,Specialty Industrial Machinery,0.519757837518769,0.48924443439302273,0.38418849187031445,0.1157116884640197,0.24746349187730926,0.7397527017817155,1.3131564892291259,0.12511097019657577,12.098584664216713,,47293245233.246765,0.24556512924480486,343.2368469238281,230.4771728515625
CMI,2023,2023-12-31,Industrials,Specialty Industrial Machinery,0.0535284314244689,0.02402792650382703,0.08305084745762711,0.02157639806252752,0.2421547042418905,0.8144632768361582,1.1778656126482214,0.022965161693485392,45.05360427412014,,31969951797.337036,1.2530612244897958,232.02606201171875,226.58177185058597
CMI,2022,2022-12-31,Industrials,Specialty Industrial Machinery,0.16621813262527774,0.13497401975882822,0.2396657381615599,0.07661893567001496,0.23933176604687612,0.9309192200557103,1.2653007617546626,0.07099244199478531,14.908255723418387,,31058740283.064125,0.39748953974895396,225.412826538086,198.6061553955078
CMI,2021,2021-12-31,Industrials,Specialty Industrial Machinery,0.012275024085716414,-0.016791705604026045,0.26160078566167444,0.08871404188002165,0.23708421797593773,0.5662902037809968,1.7375776397515528,0.08987768873892872,13.593849427564598,,27365153171.911255,0.37963397465978416,198.60614013671875,201.9980316162109
CMI,2020,2020-12-31,Industrials,Specialty Industrial Machinery,,0.3050360364712157,,,,,,,,,27832506357.748352,,201.99801635742188,154.78347778320312
CMS,2024,2024-12-31,Utilities,Utilities - Regulated Electric,0.22408350082459963,0.18601777686987747,0.1218712029161604,0.1334664005322688,0.4270126413838989,2.012879708383961,0.7923885259869355,0.027923162583518932,19.60570896714076,,19504348037.716507,0.6241276171485544,65.15882873535156,54.93916702270508
CMS,2023,2023-12-31,Utilities,Utilities - Regulated Electric,-0.0001307033106286658,-0.033503705997044046,0.11757688229056204,0.11886893594210668,0.38354328598231036,2.0735683987274656,0.9806563039723661,0.026464182355222722,18.804576127753418,,16768085253.997822,0.6527621195039459,56.017704010009766,57.959564208984375
CMS,2022,2022-12-31,Utilities,Utilities - Regulated Electric,0.03952310516303798,0.008111524912617728,0.11931575196008554,0.09737087017217311,0.321312238250349,2.0397719173200284,1.1500837520938023,0.026696009951200843,20.544446185619037,,17458932826.059483,0.6499402628434886,58.32564163208008,57.85633850097656
CMS,2021,2021-12-31,Utilities,Utilities - Regulated Electric,0.12932553911213976,0.0971431737809902,0.2040416226813452,0.18460908718788374,0.3614408514121981,1.8811642286231338,1.1919237749546279,0.047055959378151845,12.415521646262238,,17318451473.21354,0.3754619364375462,57.85633087158203,52.733619689941406
CMS,2020,2020-12-31,Utilities,Utilities - Regulated Electric,,-0.0031219946843953485,,,,,,,,,15785043501.961452,,52.73362350463867,52.898773193359375
CNC,2024,2024-12-31,Healthcare,Healthcare Plans,,-0.18366793453134328,0.12514199166982204,0.02026724555561688,0.10320044643130906,0.7356683074592957,1.1091036455444967,0.04008733094790466,9.600634204604546,,29752838039.29138,,60.58000183105469,74.20999908447266
CNC,2023,2023-12-31,Healthcare,Healthcare Plans,,-0.06316303097482003,0.10456656346749225,0.017545568477717387,0.11243579503763011,0.7305340557275541,1.1100337727421288,0.03192306329084014,15.521212491122158,,37733749289.29138,,76.83000183105469,82.01000213623047
CNC,2022,2022-12-31,Healthcare,Healthcare Plans,,-0.03228159724334426,0.04996466724861787,0.00831563436114205,0.11522895667153245,0.8867689238059608,1.0584598088813941,0.015636789384675425,38.52173809843939,,39162944370.82672,,79.73999786376953,82.4000015258789
CNC,2021,2021-12-31,Healthcare,Healthcare Plans,,0.37264706315964446,0.0502705728680724,0.0106920036195647,0.1127065771300662,0.8457174846053368,1.1060353192315155,0.017186602870813396,36.14035154643812,,40469359949.409485,,82.4000015258789,60.02999877929688
CNC,2020,2020-12-31,Healthcare,Healthcare Plans,,-0.045172581530736534,,,,,,,,,29482713390.472416,,60.02999877929688,62.869998931884766
CNP,2024,2024-12-31,Utilities,Utilities - Regulated Electric,0.17208714188246946,0.14276108069809032,0.09553722107631726,0.11789887770450075,0.46002545412472523,1.9654040877554848,1.0830655129789863,0.02328184975324438,19.719314575195316,,20340995688.91805,0.5122669283611384,31.1565170288086,27.264244079589844
CNP,2023,2023-12-31,Utilities,Utilities - Regulated Electric,0.02331510558400854,-0.006104723003098216,0.09485879797248371,0.10545078196872125,0.4238730450781969,1.9259335884969484,0.7833850931677019,0.02308951277854715,20.207398129205632,,18073999704.620132,0.5834242093784079,27.68413543701172,27.854177474975582
CNP,2022,2022-12-31,Utilities,Utilities - Regulated Electric,0.11385310136081571,0.08427259093785552,0.10522648083623694,0.11339984980152344,0.36444587490612596,1.6780487804878048,0.9190299237238412,0.027421781767239143,17.26717319128648,,17924278161.10525,0.46263008514664145,27.454805374145508,25.32094383239746
CNP,2021,2021-12-31,Utilities,Utilities - Regulated Electric,0.36351937521043914,0.32411119350844236,0.15778296878318115,0.17792145593869732,0.38397988505747127,1.7098110002123592,1.7156519710753442,0.03943841397064678,11.105676282916153,,16531153660.742088,0.3310901749663526,25.320941925048828,19.12297248840332
CNP,2020,2020-12-31,Utilities,Utilities - Regulated Electric,,-0.17981019858255096,,,,,,,,,12484718345.879726,,19.12297439575196,23.315303802490234
CNX,2024,2024-12-31,Energy,Oil & Gas E&P,,0.8334999084472656,-0.02208231760138408,-0.06287838097931407,0.2888907726632532,0.5593587650651655,0.33016414004193917,-0.010631465137701874,,,5185818336.254883,,36.66999816894531,20.0
CNX,2023,2023-12-31,Energy,Oil & Gas E&P,,0.20843231574094945,0.39456759742050995,1.1423491797096985,0.35157299760472044,0.5423179960087292,0.5125018529814167,0.1994649839445338,2.231359690950628,,2877867749.9468994,,20.350000381469727,16.84000015258789
CNX,2022,2022-12-31,Energy,Oil & Gas E&P,,0.16581823175603694,-0.048154169806006585,-0.03619809089764906,0.7126407584638519,0.8094080891087867,0.4370827633066322,-0.016683981595094186,,,2266939613.904419,,16.030000686645508,13.75
CNX,2021,2021-12-31,Energy,Oil & Gas E&P,,0.2731481256635432,-0.13475843539111845,-0.20867871229637688,0.5677651416076417,0.6141454968322607,0.4816871574395334,-0.061555157046550374,,,1944505200.0,,13.75,10.800000190734863
CNX,2020,2020-12-31,Energy,Oil & Gas E&P,,0.2203389520014121,,,,,,,,,1527320474.9734497,,10.800000190734863,8.850000381469727
COF,2024,2024-12-31,Financial Services,Credit Services,0.39668222974046635,0.382409803080756,0.07814556462226901,0.12144610349764778,,0.7401454330086865,,0.009691029574982047,15.249700933000566,,112356182295.22705,0.24421052631578946,176.74403381347656,127.85212707519533
COF,2023,2023-12-31,Financial Services,Credit Services,0.47466487795845025,0.45408483667646254,0.0841295253834633,0.13284584228124066,,0.849007557368865,,0.01021393459069021,10.779703690915927,,81889258753.96729,0.2371598117454471,128.8174591064453,88.59005737304688
COF,2022,2022-12-31,Financial Services,Credit Services,-0.33217673731252634,-0.3458582198468511,0.1399718534859838,0.2148905109489051,,0.9096649043398882,,0.016166976753381117,4.94693519681742,,56322771679.6875,0.16005434782608696,88.599609375,135.4440460205078
COF,2021,2021-12-31,Financial Services,Credit Services,0.5178613399686245,0.49320061871434256,0.2030182372314801,0.4070970921636274,,0.692555997968179,,0.028655283187744143,5.0276169355657245,,86101750955.2002,0.11476997578692494,135.44400024414062,90.70716857910156
COF,2020,2020-12-31,Financial Services,Credit Services,,-0.026575524631773827,,,,,,,,,57662547065.73486,,90.70716857910156,93.1835708618164
COIN,2020,2020-12-31,Financial Services,Financial Data & Stock Exchanges,,,,,,,,,,,,,,
COIN,2021,2021-12-31,Financial Services,Financial Data & Stock Exchanges,,,0.567893546677063,0.4622929891456588,0.7782312112950868,0.5502146845451102,1.609055668889709,0.1703510200628219,17.404827249461206,,54299707325.668335,,252.3699951171875,
COIN,2022,2022-12-31,Financial Services,Financial Data & Stock Exchanges,,-0.866862150318151,-0.4812396313761136,-0.8217839915246596,0.8028055780963544,0.639785229121265,1.069701188857906,-0.02925553318977671,,,7229346271.69323,,33.599998474121094,252.3699951171875
COIN,2023,2023-12-31,Financial Services,Financial Data & Stock Exchanges,,3.4328908614985694,0.015102881424925206,0.030521013658870222,0.6346814404788599,0.47499916025234773,2.0704886839369134,0.006430231570619865,424.0000131967905,,33754164580.581665,,156.8800048828125,35.38999938964844
COIN,2024,2024-12-31,Financial Services,Financial Data & Stock Exchanges,,0.42766792586186675,0.25095900082924305,0.39290904913873004,0.7474802057517123,0.42034994797039793,2.280811376446233,0.11441183595865327,26.19198344427825,,53424011394.11354,,248.3000030517578,173.9199981689453
COO,2024,2024-10-31,Healthcare,Medical Instruments & Supplies,0.3212166587143657,0.3212166587143657,0.04853155850261029,0.10070852800739334,0.6663500539097397,0.3196303535640943,1.9079976535001955,0.03185494348447447,53.408163421008055,,20811317910.951668,0.0,104.68000030517578,79.2300033569336
COO,2023,2023-10-31,Healthcare,Medical Instruments & Supplies,0.14072167752967044,0.14050085949891722,0.038962758912962865,0.08187687854836914,0.656211733273962,0.3402553371828151,1.7594427244582043,0.025233941452452634,52.74957698815567,,15494670280.4375,0.010197144799456152,77.9375,68.3362045288086
COO,2022,2022-10-31,Healthcare,Medical Instruments & Supplies,-0.34400576208734,-0.3441505854635286,0.05377378214509722,0.11661225970257526,0.6467174464998187,0.3851696982368109,1.1979378222152788,0.03357030359458072,35.22484769526216,,13585847087.60775,0.007776049766718507,68.3362045288086,104.19496154785156
COO,2021,2021-10-31,Healthcare,Medical Instruments & Supplies,0.32287764127072704,0.3226883640873275,0.4241983347258636,1.00759623609923,0.6692215568862275,0.21334524186810339,2.001502526977189,0.3065416085444817,7.129785771141027,,20964307588.43995,0.0010187795021564165,105.44953155517578,79.72364044189453
COO,2020,2020-10-31,Healthcare,Medical Instruments & Supplies,,0.0985157136037367,,,,,,,,,15922796870.583511,,80.09095764160156,72.90834045410156
COP,2024,2024-12-31,Energy,Oil & Gas E&P,-0.09516960005450575,-0.12167342466975554,0.14267856040496327,0.1688738697597954,0.29926020641154444,0.3753935428112846,1.2905806664467172,0.07529727968724548,12.387130874067202,,120827040630.6373,0.39437533802055164,96.74349212646484,110.1452407836914
COP,2023,2023-12-31,Energy,Oil & Gas E&P,0.07457568151091508,0.0331864014546256,0.22234623267517603,0.19516930585490105,0.3242371885075079,0.38428133687777755,1.4322838580709645,0.11422584546098995,12.316515587813017,,139366514021.89905,0.5095372821027654,111.58763122558594,108.00338745117188
COP,2022,2022-12-31,Energy,Oil & Gas E&P,0.7187951889930254,0.6459130571042128,0.3891423452700873,0.23797997299156623,0.3823604351924988,0.34670749744807616,1.4594068654160504,0.19908557055920878,7.106164161195146,,129311505038.80042,0.3065310492505353,103.53681182861328,62.9053955078125
COP,2021,2021-12-31,Energy,Oil & Gas E&P,0.9220422243538318,0.8660132823109488,0.17792802713297803,0.17628960460853627,0.3222484070873702,0.4390168700171784,1.3351634639381083,0.08911218715875624,10.363326473330352,,78565205275.55954,0.29199158311672235,62.905391693115234,33.711116790771484
COP,2020,2020-12-31,Energy,Oil & Gas E&P,,-0.3603567602200904,,,,,,,,,42103249639.73068,,33.711124420166016,52.70301055908203
COR,2024,2024-09-30,Healthcare,Medical Distribution,0.2743182134771764,0.26218062895616995,2.336323300378674,0.005133784162578622,0.033712328993648524,6.793339298818153,0.8791526135363318,0.022490052296316274,29.643855405202107,,43277077665.85129,0.2757686598812553,223.21823120117188,176.85125732421875
COR,2023,2023-09-30,Healthcare,Medical Distribution,0.35440818027776366,0.3387614840776102,3.343453964823957,0.006657017556978728,0.034173919337686,9.171320854477848,0.8764647961329968,0.02789846522818728,20.63032823318893,,34117989668.239273,0.22847281230143018,175.97669982910156,131.4473876953125
COR,2022,2022-09-30,Healthcare,Medical Distribution,0.17841715694931046,0.16057966094159537,-8.03000581398097,0.007120337475545504,0.0347729205336522,-26.95622970424326,0.9105708398658584,0.03003538716763622,16.349177574043846,,25484740989.35266,0.2305641562967236,131.4473876953125,113.26011657714844
COR,2021,2021-09-30,Healthcare,Medical Distribution,0.33112673990106883,0.30926564779824517,6.894579904546147,0.007196319109029437,0.03244668227866441,29.925248708328482,0.938198356179063,0.02685718436553335,15.326131116069542,,21958629924.619667,0.23809363010834245,113.2601089477539,86.506591796875
COST,2024,2024-08-31,Consumer Defensive,Discount Stores,0.700244881597549,0.6614677487729547,0.3118702904072475,0.028952301603832536,0.1261333134213391,0.35018203369740075,0.965655312429506,0.1054975583909725,52.7828714121943,,387375982247.1709,1.227229537125017,874.0843505859375,526.0916748046875
COST,2023,2023-08-31,Consumer Defensive,Discount Stores,0.06562969507542746,0.05999429618540797,0.2510974539069359,0.025968880267448098,0.12259688802674482,0.354537473062495,1.0683679242473871,0.09119633591326783,37.496745653745144,,235307720075.7583,0.1988239033693579,530.9539184570312,500.9026184082031
COST,2022,2022-08-31,Consumer Defensive,Discount Stores,0.1614763537579162,0.1536911723762637,0.2831121015405484,0.025749711395260715,0.12148717361227385,0.43789361495979073,1.0218138633664604,0.0910762709222953,38.12044280123311,,221989609682.3899,0.25633127994524296,500.9026184082031,434.1739196777344
COST,2021,2021-08-31,Consumer Defensive,Discount Stores,0.3956293789648175,0.3551475373234414,0.28507173764518334,0.025555175599324246,0.12884769482822858,0.5769186973354589,1.0021738392038313,0.08448066410204495,38.524748862265696,,192416839963.4685,1.1479928100659078,434.1739196777344,320.388671875
COTY,2025,2025-06-30,Consumer Defensive,Household & Personal Products,-0.5344092060436311,-0.535928155395988,-0.09983446853545358,-0.06243106110743437,0.6483904359483447,1.1519904480204064,0.7695307883228932,-0.030895974873401243,,,4063437351.387543,,4.650000095367432,10.020000457763672
COTY,2024,2024-06-30,Consumer Defensive,Household & Personal Products,-0.20461069425822995,-0.20585840039251962,0.02252172817735231,0.014612618502778686,0.6438705459300424,1.038241592140068,0.7546698439541856,0.007399130974549969,108.44444698757596,,8528849175.530104,0.14988814317673377,9.760000228881836,12.289999961853027
COTY,2023,2023-06-30,Consumer Defensive,Household & Personal Products,0.536289291382996,0.5343320362886759,0.12854432781080055,0.09149997299292414,0.6386813345096415,1.1506766156570127,0.7496711487869044,0.04013710747456877,21.561403441847418,,10739708358.994984,0.02695789059425423,12.289999961853027,8.010000228881836
COTY,2022,2022-06-30,Consumer Defensive,Household & Personal Products,-0.13539004333489893,-0.1423982764430195,0.07871030361855076,0.04892164995098409,0.6351708015986728,1.4504837878006611,0.6555581540380417,0.021417782949959146,100.12500286102295,,6999598590.780104,0.22042389210019267,8.010000228881836,9.34000015258789
COTY,2021,2021-06-30,Consumer Defensive,Household & Personal Products,,1.0894855908231351,,,,,,,,,8161828968.520069,,9.34000015258789,4.46999979019165
CPAY,2020,2020-12-31,Technology,Software - Infrastructure,-0.051751753737188835,-0.051751753737188835,,,,,,,,,19265721165.698822,,272.8299865722656,287.7200012207031
CPAY,2021,2021-12-31,Technology,Software - Infrastructure,,-0.17956233788619413,0.2928566445032059,0.2962509563346762,0.8024448995954457,2.0852957182426444,1.0373693541317013,0.06262728322769713,22.406406039828894,,15806323232.122408,,223.83999633789065,272.8299865722656
CPAY,2022,2022-12-31,Technology,Software - Infrastructure,,-0.18160290636854048,0.3754985750501772,0.27846252650542186,0.7768665842458804,2.7688032192101257,1.010374363671112,0.06773435936308933,14.749597620081019,,12935848994.168396,,183.19000244140625,223.83999633789065
CPAY,2023,2023-12-31,Technology,Software - Infrastructure,,0.5328833230932408,0.2991415625164706,0.26129947449503277,0.7818069951478543,2.0481930830844526,1.0378730375974636,0.06344494778193066,21.330302845348008,,19882185505.0816,,281.5599975585937,183.67999267578125
CPAY,2024,2024-12-31,Technology,Software - Infrastructure,,0.197480736594445,0.32147215135305485,0.2525408287498406,0.7813396554964551,2.560923819363798,0.9963237899093935,0.05589710236619851,24.22476831980919,,23897320443.051178,,338.4200134277344,282.6099853515625
CPB,2025,2025-07-31,Consumer Defensive,Packaged Foods,-0.2568360556079431,-0.29148140354095425,0.15427985648385442,0.058714522578757436,0.3042036477128645,1.8482829318298308,0.7680660701995871,0.040413533834586464,15.68699167735541,,9386831282.615934,0.7624584717607974,31.53085327148437,44.50250625610352
CPB,2024,2024-07-31,Consumer Defensive,Packaged Foods,0.10146486456651646,0.06567045699523912,0.14944649446494465,0.05884184308841843,0.30832295558322953,1.9878755930416447,0.6124161073825504,0.03721693468985888,23.54629960640398,,13248531978.593618,0.7848324514991182,44.50250625610352,41.760101318359375
CPB,2023,2023-07-31,Consumer Defensive,Packaged Foods,-0.010011578949625332,-0.04413978259678331,0.23436219612127834,0.09169605642834242,0.3117452174842364,1.356733133023764,0.9275427542754275,0.07115607895173329,14.75571749503152,,12519543120.30773,0.5209790209790209,42.05379486083984,43.99575805664063
CPB,2022,2022-07-31,Consumer Defensive,Packaged Foods,0.21241128440427695,0.17223429271859728,0.22725908135694986,0.08841392198084559,0.3068208362532119,1.515460822575803,0.6801801801801802,0.06365623948873192,17.609885774285672,,13158717062.545143,0.5957727873183619,44.20081329345703,37.70646667480469
CPB,2021,2021-07-31,Consumer Defensive,Packaged Foods,,-0.09917897091002242,,,,,,,,,11120062581.851923,,37.35286712646485,41.46535873413086
CPRI,2025,2025-03-31,Consumer Cyclical,Luxury Goods,,-0.5644591639177127,-3.2119565217391304,-0.2660963529941468,0.6361999099504727,8.432065217391305,1.1384730538922156,-0.22674084020717436,,,2348818110.1141243,,19.729999542236328,45.29999923706055
CPRI,2024,2024-03-31,Consumer Cyclical,Luxury Goods,,-0.03489360403507314,-0.1432145090681676,-0.04429400386847195,0.6458413926499033,2.2357723577235773,0.9486725663716814,-0.034235311705785615,,,5400019938.181168,,45.36000061035156,47.0
CPRI,2023,2023-03-31,Consumer Cyclical,Luxury Goods,,-0.08542516913383583,0.3333333333333333,0.10962804769531945,0.6627513792489766,1.9502164502164503,1.289655172413793,0.0844413982179575,10.217391304347826,,5595258679.0,,47.0,51.38999938964844
CPRI,2022,2022-03-31,Consumer Cyclical,Luxury Goods,,0.007647046855851716,0.3212192262602579,0.14538379908029714,0.6621860629642731,1.188354826103947,1.2075351213282248,0.10989304812834225,9.53432270679934,,6117879576.568832,,51.38999938964844,51.0
CPRI,2021,2021-03-31,Consumer Cyclical,Luxury Goods,,3.726598719212737,,,,,,,,,6071450907.0,,51.0,10.789999961853027
CPRT,2025,2025-07-31,Industrials,Specialty Business Services,,-0.13376647726096436,0.16898263019192378,0.33407855203339476,0.4518317144247914,0.01129189369407947,8.422051835189329,0.15384640540558217,,,43867271936.20935,,45.33000183105469,52.33000183105469
CPRT,2024,2024-07-31,Industrials,Specialty Business Services,,0.17807302990028887,0.181156034992506,0.3217080345343669,0.45016088706089447,0.015780545775384965,7.028978613258412,0.16172973044807615,37.37857273646764,,50641392632.20935,,52.33000183105469,44.41999816894531
CPRT,2023,2023-07-31,Industrials,Specialty Business Services,,0.3800155375203004,0.20672290661785336,0.31986955481276996,0.44889079208314836,0.020117612869607043,6.620960328267403,0.18369890584262497,34.52734351158142,,42768894584.631775,,44.19499969482422,32.025001525878906
CPRT,2022,2022-07-31,Industrials,Specialty Business Services,,-0.12340135639216625,0.23567326091172192,0.31138377586926413,0.4587995558882934,0.02582865484016232,4.9954863922665345,0.20534148171812275,28.508849692555657,,31175471322.184113,,32.21500015258789,36.75
CPRT,2021,2021-07-31,Industrials,Specialty Business Services,,0.5661125285376173,,,,,,,37.44615212464944,,35331876462.97476,,36.5099983215332,23.3125
CPT,2024,2024-12-31,Real Estate,REIT - Residential,0.2584378337847923,0.21307400816298266,0.034927504674668326,0.1057705386950219,0.6117892893184665,0.7455493863575403,0.10116462086593969,0.018446717540970867,75.23910013834634,,12059254540.212576,2.761692172965161,112.85865020751952,93.0352554321289
CPT,2023,2023-12-31,Real Estate,REIT - Residential,-0.025832254603636355,-0.06623645616300443,0.08097343435947588,0.2615447070641435,0.6210552733512448,0.7459580943218069,0.6517438300705634,0.04297957199780855,25.420699248442777,,10050202836.688957,1.07826753184283,94.05658721923828,100.72848510742188
CPT,2022,2022-12-31,Real Estate,REIT - Residential,-0.3389592164882793,-0.36271001390895236,0.13107335229073,0.45939922235436015,0.6280472547646961,0.7381553035924133,0.06806334783636689,0.07007049255810638,16.49803010043719,,10647671418.413177,0.6071207274029128,99.64810180664062,156.3622589111328
CPT,2021,2021-12-31,Real Estate,REIT - Residential,0.8694239683415227,0.8318136230407607,0.07240207838493957,0.2657493758662452,0.6083588014883021,0.7553006677800305,1.8370084411281726,0.038098938118419655,52.825077159984694,,16707730503.648148,1.1287630755461375,156.3622283935547,85.35924530029297
CPT,2020,2020-12-31,Real Estate,REIT - Residential,,-0.022808206304221448,,,,,,,,,9120866504.555016,,85.3592300415039,87.3515625
CPWR,2023,2023-12-31,Utilities,Utilities - Renewable,,0.052631589266734446,0.2103521556385965,-inf,,-0.19841781826334476,0.0027543305589134547,-76.16107499854347,,,1900121.197528965,,0.0099999997764825,0.0094999996945261
CPWR,2022,2022-12-31,Utilities,Utilities - Renewable,,0.15873018454157317,0.19094718183853898,-inf,,-0.2384463880326504,0.00017687954541625387,-1079.341349156777,,,1387088.5379026826,,0.0073000001721084,0.0063000000081956
CPWR,2021,2021-12-31,Utilities,Utilities - Renewable,,-0.7649253656136248,0.0889384494246089,-inf,,-0.2900915494524363,0.00019985179364049248,-448.3191203625986,,,1197076.3827572633,,0.0063000000081956,0.0267999991774559
CPWR,2020,2020-12-31,Utilities,Utilities - Renewable,,0.01901137452942873,0.22702349744936934,-inf,,-0.30450095165379126,0.0006219232325231977,-369.82324274739136,,,5092324.766906648,,0.0267999991774559,0.026300000026822
CRL,2024,2024-12-31,Healthcare,Diagnostics & Research,,-0.219120089383975,0.0029747193632361432,0.002542476041292952,0.3288455845188715,0.786939661759646,1.4113968298995776,0.001367764096889821,923.0000305175779,,9084937559.179502,,184.6000061035156,236.3999938964844
CRL,2023,2023-12-31,Healthcare,Diagnostics & Research,,0.07503444957085603,0.1319542870741937,0.11493751284990177,0.3638670812215501,0.8525108691361017,1.5246795983629708,0.057916283353717714,25.406724511930584,,11528421196.5,,234.25,217.8999938964844
CRL,2022,2022-12-31,Healthcare,Diagnostics & Research,,-0.420351413015385,0.1633663083574097,0.12228839605036142,0.3678644185449918,1.0406488877271156,1.318295872515654,0.06395379578758795,23.037974039713543,,10748376174.820498,,218.3999938964844,376.7799987792969
CRL,2021,2021-12-31,Healthcare,Diagnostics & Research,,0.5079644515284895,0.15424448284296322,0.11044190093103137,0.37699934466238816,1.1505889964573421,1.233172181167942,0.05566141043111533,49.57631562885486,,18542917926.7641,,376.7799987792969,249.8600006103516
CRL,2020,2020-12-31,Healthcare,Diagnostics & Research,,0.6356376642784605,,,,,,,,,12296654545.117952,,249.8600006103516,152.75999450683594
CRM,2021,2021-01-31,Technology,Software - Application,,0.2531403999528395,,,,,,,,,215229890380.85938,,226.08181762695312,180.4122009277344
CRM,2022,2022-01-31,Technology,Software - Application,,0.03134425786624531,0.024840446577557584,0.054507020987467916,0.7347878604861845,0.2405773167500989,1.04874242702405,0.015166633406505687,155.54621928447,,219158401123.04684,,230.2084045410156,223.2119903564453
CRM,2023,2023-01-31,Technology,Software - Application,-0.277952141252775,-0.277952141252775,0.003564146061447249,0.006634345496300076,0.7333503444756315,0.24140235439263866,1.0194662237843266,0.002104219567218687,791.5309361049108,,158242864746.09375,0.0,166.22149658203125,230.2084197998047
CRM,2024,2024-01-31,Technology,Software - Application,0.6734536547142091,0.6734536547142091,0.06934245381081715,0.11865622400091803,0.7549703072553576,0.21104516648224525,1.0917351958244152,0.04143333700650151,66.22951689220609,,264812100341.79688,0.0,278.1639709472656,166.22149658203125
CRM,2025,2025-01-31,Technology,Software - Application,0.21649063039281047,0.21074193776579683,0.10130286237392314,0.16353080881382767,0.7719224172054361,0.18622594935674236,1.0624374553252323,0.060207135084719414,53.46410499428803,,323710185791.0156,0.24802323705018559,340.0317077636719,280.8457336425781
CRWD,2021,2021-01-31,Technology,Software - Infrastructure,,2.5195612042853752,,,,,,,,,53957863272.86226,,215.009994506836,61.09000015258789
CRWD,2022,2022-01-31,Technology,Software - Infrastructure,,-0.16292865229328354,-0.22890450434992846,-0.16175459529317426,0.7359998732427938,0.7552575446204001,1.827478799854993,-0.0648914528348452,,,45332536336.42914,,180.63999938964844,215.8000030517578
CRWD,2023,2023-01-31,Technology,Software - Infrastructure,,-0.4137510967465852,-0.12519805061487072,-0.08176068919114274,0.7317413248760951,0.535389484169957,1.7260041383129643,-0.03645549423659217,,,26576149708.927155,,105.9000015258789,180.63999938964844
CRWD,2024,2024-01-31,Technology,Software - Infrastructure,,1.7620396202593203,0.03877124069532759,0.029234296224417495,0.7526724277586232,0.3441368085244905,1.763743016573369,0.013439664666622534,790.5405405405405,,73404378450.0,,292.5,105.9000015258789
CRWD,2025,2025-01-31,Technology,Software - Infrastructure,,0.329692400096394,-0.005876211391147537,-0.004874262195899256,0.749222232564351,0.24055570767929443,1.766326692766646,-0.0022146557785266076,,,99897714417.85036,,398.0700073242188,299.3699951171875
CSCO,2025,2025-07-31,Technology,Communication Equipment,0.47843242737614056,0.44369438837651454,0.21732169160813783,0.17968722420305716,0.6493804497475907,0.599726746792477,0.9977754962354551,0.08324406538502424,,,267518289621.34796,0.6323182711198428,67.67137908935547,46.873756408691406
CSCO,2024,2024-07-31,Technology,Communication Equipment,-0.01767904659058385,-0.05039486012581983,0.22702774050201288,0.1918108655651172,0.6473244986339052,0.6813692060628727,0.9082889808791642,0.08294953099756457,18.45423480657142,,185301191010.50308,0.6186046511627907,46.873756408691406,49.36131286621094
CSCO,2023,2023-07-31,Technology,Communication Equipment,0.2233113265088755,0.18459823237902573,0.28437760692625075,0.2212884662619741,0.6272676234253833,0.18918675174170857,1.3845220224216679,0.12383654714684052,15.88930011960505,,192837545751.6444,0.49964322524379606,48.7801513671875,41.17864608764648
CSCO,2022,2022-07-31,Technology,Communication Equipment,-0.12644568965071643,-0.158676729340891,0.29698539210016844,0.22910565005721822,0.6254824757064996,0.23923264526186105,1.4320202808112326,0.12565690091700177,14.573390771311226,,162464384857.5129,0.5269217744666441,41.096961975097656,48.84800338745117
CSCO,2021,2021-07-31,Technology,Communication Equipment,,0.2147752862420063,,,,,,,19.56743927001953,,193384853250.6344,,48.91859817504883,40.26966857910156
CSGP,2020,2020-12-31,Real Estate,Real Estate Services,,0.5448437000687831,,,,,,,,,39157156253.66002,,92.4280014038086,59.83000183105469
CSGP,2021,2021-12-31,Real Estate,Real Estate Services,,-0.14495610011058446,0.05122843188474408,0.15050666117998046,0.8162645954426213,0.19637437163758703,11.775183132608381,0.040320408065680095,106.79729564769848,,33481087591.70868,,79.02999877929688,92.4280014038086
CSGP,2022,2022-12-31,Real Estate,Real Estate Services,,-0.01746168891222962,0.05378457059679767,0.16930901759530792,0.8103005865102639,0.1609315866084425,13.914408371344244,0.04397500743826242,83.49462529664397,,32896451255.73915,,77.6500015258789,79.02999877929688
CSGP,2023,2023-12-31,Real Estate,Real Estate Services,,0.10584886690457847,0.051058785054370046,0.15262729124236252,0.79979633401222,0.15130951407625431,12.014260640631855,0.04200813928719576,92.89130335268767,,36205159548.65651,,85.45999908447266,77.27999877929688
CSGP,2024,2024-12-31,Real Estate,Real Estate Services,,-0.18079875457270414,0.018362348580128418,0.050690738981068635,0.7958848037424164,0.1523002581584696,8.962882491399602,0.014983579638752053,210.55881275850183,,30329127864.126038,,71.58999633789062,87.38999938964844
CSX,2024,2024-12-31,Industrials,Railroads,-0.041693180531939295,-0.05647493150595226,0.2775555911054231,0.23865199449793673,0.3674002751031637,1.5188769796832506,0.8608058608058609,0.08114301749134786,17.80925942532843,,59362271441.46275,0.2680115273775216,31.87857437133789,33.78667449951172
CSX,2023,2023-12-31,Industrials,Railroads,0.14936895475064124,0.1334562882183486,0.3061769616026711,0.2502558504468855,0.3728593845943918,1.5879799666110184,1.0421967111386907,0.08689472188003411,18.236733513909417,,62824696551.00276,0.24045801526717558,33.73795700073242,29.76555633544922
CSX,2022,2022-12-31,Industrials,Railroads,-0.15567617736169437,-0.16849892155840823,0.326119698771304,0.2769810812630445,0.3848380798491887,1.4692826000792707,1.557668959935249,0.09815804542851689,15.215113713191107,,55248619793.39731,0.2070977151191055,29.669471740722656,35.681819915771484
CSX,2021,2021-12-31,Industrials,Railroads,0.2728429963046975,0.2569711065058687,0.2802816901408451,0.301948570515892,0.4104775594952883,1.2486286137879912,1.734437975817286,0.09328662011793443,21.23917852129255,,66444435522.49489,0.22189896852684474,35.681819915771484,28.38714408874512
CSX,2020,2020-12-31,Industrials,Railroads,,0.2708592010917592,,,,,,,,,52860757186.43798,,28.387147903442383,22.336973190307617
CTAS,2025,2025-05-31,Industrials,Specialty Business Services,0.35668217737877717,0.3476160416078693,0.3868691110071745,0.17526588751202712,0.5003939486165667,0.566654235549253,2.089489097611313,0.18445155696435334,51.41572085293856,,90913965719.04129,0.33749015743143584,226.2291717529297,167.8736114501953
CTAS,2024,2024-05-31,Industrials,Specialty Business Services,0.449171338211715,0.437855910233643,0.36410022120428914,0.163765244307498,0.4883405242369315,0.618130226032418,1.7419600233850454,0.17140619122401504,44.32306975814769,,67462816689.35162,0.3378160489490911,167.87362670898438,116.75274658203124
CTAS,2023,2023-05-31,Industrials,Specialty Business Services,0.20911514072314924,0.19753780401713342,0.3488651356397254,0.15290895212885003,0.4733980665781964,0.6905804006536256,2.3888706422928276,0.15772921230990145,35.6600390662589,,46538563216.35771,0.33376384448186586,115.80597686767578,96.70339965820312
CTAS,2022,2022-05-31,Industrials,Specialty Business Services,0.14871439437354628,0.1377322940069082,0.3735440705447924,0.1573319053546527,0.46244381694525366,0.8972993135835966,1.8368353467467844,0.15167769369220754,33.202884002816525,,38861873971.948425,0.30355401587852626,96.70339965820312,84.99662017822266
CTAS,2021,2021-05-31,Industrials,Specialty Business Services,,0.44475220055286996,,,,,,,,,34103197568.214294,,84.86196899414062,58.73807907104492
CTRA,2024,2024-12-31,Energy,Oil & Gas E&P,0.06785323670522209,0.03382574145914649,0.08542905044962658,0.20538658849395383,0.365518504946867,0.2897424173144338,2.9234154929577465,0.051838150289017344,16.478445040469136,,18988793731.048607,0.5575379125780553,24.8824520111084,24.068323135375977
CTRA,2023,2023-12-31,Energy,Oil & Gas E&P,0.14712913815956413,0.09444840293040926,0.12462612163509472,0.2747717281028069,0.4643219479201894,0.19372651276938416,1.213855421686747,0.07959833455792309,11.32180044584185,,18489853536.99078,0.5476923076923077,24.22865295410156,22.137775421142575
CTRA,2022,2022-12-31,Energy,Oil & Gas E&P,0.5028103750219907,0.33604621811030616,0.3211154119598704,0.44912164401723564,0.663020660700475,0.20530847618295284,1.8533109807208719,0.2016969336111938,4.108526758220201,,15959089265.71772,0.4900369003690037,20.91240119934082,15.652453422546388
CTRA,2021,2021-12-31,Energy,Oil & Gas E&P,0.315610732830708,0.2349682612084264,0.09865394445391037,0.3357494926065526,0.5616120614670919,0.29502470608280795,1.7508196721311475,0.05819095477386935,6.8054137022598935,,11945011411.039371,0.6735751295336787,15.652451515197754,12.674375534057615
CTRA,2020,2020-12-31,Energy,Oil & Gas E&P,,-0.043259134968478066,,,,,,,,,9672326229.11317,,12.6743803024292,13.247453689575195
CTSH,2020,2020-12-31,Technology,Information Technology Services,,0.339266646466898,,,,,,,,,37205551763.70642,,76.1790771484375,56.88118743896485
CTSH,2021,2021-12-31,Technology,Information Technology Services,0.11007279283105914,0.09639203749084997,0.17821699608039362,0.1154698222294267,0.3729940022694116,0.13693603535985321,2.080476055539813,0.1197064754649339,20.622746973861883,,40791866618.843414,0.2381843706130089,83.52212524414062,76.17906951904297
CTSH,2022,2022-12-31,Technology,Information Technology Services,-0.32700742180489495,-0.3408337036642897,0.18604273295962304,0.11787111385628989,0.3592752728021412,0.12462425867251604,2.1708993128174483,0.12827694375980284,12.48412359328497,,26888631008.25103,0.2462882096069869,55.05498504638672,83.52214813232422
CTSH,2023,2023-12-31,Technology,Information Technology Services,0.34582438179653197,0.3236911035952669,0.16073183639525213,0.10985376944143027,0.3456311682943213,0.09941785741286761,2.252025202520252,0.11502461721581994,17.189935607185273,,35345032720.010254,0.2779868297271872,72.36962890625,54.6725959777832
CTSH,2024,2024-12-31,Technology,Information Technology Services,0.0512744323605008,0.03455289006377249,0.15546918378678512,0.11349817592217268,0.3434333198216457,0.10272071071626875,2.093165969316597,0.11219072423119303,16.853070311958668,,37121679509.17507,0.26785714285714285,76.0073471069336,73.46878814697266
CTVA,2024,2024-12-31,Basic Materials,Agricultural Inputs,0.2167741176996993,0.2024293268550851,0.03812686535793854,0.05364324580080435,0.43642062928791103,0.11362394383958972,1.4535913730021182,0.022216778934476423,43.48642789400541,,38391123137.664795,0.5049614112458655,56.53235626220703,47.01511764526367
CTVA,2023,2023-12-31,Basic Materials,Agricultural Inputs,-0.15272079015036027,-0.1640631881452083,0.029356552302592164,0.04266805990943922,0.42412632067804484,0.09941286895394816,1.562109712748583,0.017094613452414177,46.25536724201684,,32354380490.875244,0.5972789115646259,47.643028259277344,56.99357604980469
CTVA,2022,2022-12-31,Basic Materials,Agricultural Inputs,0.27256734365996754,0.2590049233375141,0.04533238479171607,0.06571183042108278,0.4021197364651962,0.05165599557347245,1.5631980640357408,0.026913510723168613,36.16393608382985,,38803107811.35559,0.3644289450741064,57.13901901245117,45.38426971435547
CTVA,2021,2021-12-31,Basic Materials,Agricultural Inputs,0.2514176473639488,0.23550306611488714,0.0692956192877403,0.11236026828489301,0.41105078249760457,0.04400409706901986,1.6264908976773385,0.041540714150765164,19.149482501710015,,30820460153.579712,0.22569641841955657,45.384273529052734,36.733436584472656
CTVA,2020,2020-12-31,Basic Materials,Agricultural Inputs,,0.33486021600325433,,,,,,,,,24945676784.51538,,36.733436584472656,27.518564224243164
CVS,2020,2020-12-31,Healthcare,Healthcare Plans,,-0.05140992815034027,,,,,,,,,74273697443.0213,,58.56039810180664,61.73414611816406
CVS,2021,2021-12-31,Healthcare,Healthcare Plans,0.5840334149054841,0.5486911592972487,0.10657342657342657,0.0273902728757219,0.17842532461975072,1.0123076923076924,0.8849823764508089,0.0343392031725458,15.242348037847954,,115027018598.32574,0.32808398950131235,90.69197082519533,58.56039810180664
CVS,2022,2022-12-31,Healthcare,Healthcare Plans,-0.053762078324399755,-0.07903440160482174,0.060319858959828734,0.01336880983170371,0.1690157442466981,0.9896878366844366,0.9454343786462309,0.018885116635636842,25.620915699590206,,105935927015.02037,0.6743215031315241,83.52418518066406,90.69197082519533
CVS,2023,2023-12-31,Healthcare,Healthcare Plans,-0.07492421780137891,-0.10440043155824784,0.10912752906710611,0.023321855015428647,0.15213709136442913,1.038241718000026,0.8569119448408239,0.03341235263967196,11.596545259219234,,95162081246.1338,0.37535953978907,75.02964782714844,83.77588653564453
CVS,2024,2024-12-31,Healthcare,Healthcare Plans,-0.37140951281836054,-0.40770271398695224,0.061064055055584966,0.012376310657736266,0.13787489035940656,1.0974060349391213,0.811320308714203,0.01822166933238552,11.858198030398842,,55046639078.256134,0.7310359774599047,43.401004791259766,73.27571105957031
CVX,2020,2020-12-31,Energy,Oil & Gas Integrated,,-0.25952103517291336,,,,,,,,,139113530236.66858,,69.04505920410156,93.24378204345705
CVX,2021,2021-12-31,Energy,Oil & Gas Integrated,0.5355837495261286,0.46241328054142644,0.11235591477489268,0.10041386578923692,0.29196817603434316,0.22556753219671094,1.2593034974431712,0.06523055085895589,12.404470420293784,,203441429161.03766,0.651456,100.9723892211914,69.0450439453125
CVX,2022,2022-12-31,Energy,Oil & Gas Integrated,0.5899791029455235,0.5360667882917989,0.22265541618010823,0.15045584323574457,0.3138594161642987,0.14652628671161838,1.4716732927970066,0.13761645887415652,8.484702245933482,,312499669921.34143,0.30926265332017483,155.10035705566406,100.97240447998048
CVX,2023,2023-12-31,Energy,Oil & Gas Integrated,-0.09931074057100421,-0.13447441972952054,0.13276216629286083,0.10852000629719724,0.3066887407129037,0.12945072286387047,1.2749705499411,0.08167578889432485,12.19074759684818,,279026490195.0646,0.5304880902241564,138.4868927001953,160.00323486328125
CVX,2024,2024-12-31,Energy,Oil & Gas Integrated,0.055255252987679825,0.01287104912753332,0.11594821360574588,0.09131190089652248,0.29432202425884374,0.16111687390853346,1.0610249494268376,0.06873642668659365,14.400113266681936,,282012876546.9916,0.6681954589207859,139.96910095214844,138.19044494628906
CZR,2024,2024-12-31,Consumer Cyclical,Resorts & Casinos,,-0.28711609625633205,-0.06687515034880924,-0.024722098710538015,0.5180969319697644,6.028866971373587,0.7689260563380281,-0.008530223995090519,,,6951076852.536118,,33.41999816894531,46.880001068115234
CZR,2023,2023-12-31,Consumer Cyclical,Resorts & Casinos,,0.1485577050927131,0.1726713532513181,0.06818181818181818,0.5320090215128384,5.507688927943761,0.7602230483271375,0.02355691422406042,13.126373291015627,,9937835479.52408,,47.77999877929688,41.59999847412109
CZR,2022,2022-12-31,Consumer Cyclical,Resorts & Casinos,,-0.5481663757822312,-0.24212227309453271,-0.0830791978560207,0.5008779225579891,6.848101265822785,0.787856071964018,-0.026814209443135385,,,8789722089.033108,,42.2599983215332,93.52999877929688
CZR,2021,2021-12-31,Consumer Cyclical,Resorts & Casinos,,0.25932412827203916,-0.22745535714285714,-0.106478578892372,0.5144200626959248,5.862723214285714,1.1259203322635454,-0.026793931266598302,,,19453448388.77408,,93.52999877929688,74.2699966430664
CZR,2020,2020-12-31,Consumer Cyclical,Resorts & Casinos,,0.24530512077700087,,,,,,,,,15447530903.316216,,74.2699966430664,59.63999938964844
Coty,2025,2025-06-30,Consumer Defensive,Household & Personal Products,-0.5344092060436311,-0.535928155395988,-0.09983446853545358,-0.06243106110743437,0.6483904359483447,1.1519904480204064,0.7695307883228932,-0.030895974873401243,,,4063437351.387543,,4.650000095367432,10.020000457763672
Coty,2024,2024-06-30,Consumer Defensive,Household & Personal Products,-0.20461069425822995,-0.20585840039251962,0.02252172817735231,0.014612618502778686,0.6438705459300424,1.038241592140068,0.7546698439541856,0.007399130974549969,108.44444698757596,,8528849175.530104,0.14988814317673377,9.760000228881836,12.289999961853027
Coty,2023,2023-06-30,Consumer Defensive,Household & Personal Products,0.536289291382996,0.5343320362886759,0.12854432781080055,0.09149997299292414,0.6386813345096415,1.1506766156570127,0.7496711487869044,0.04013710747456877,21.561403441847418,,10739708358.994984,0.02695789059425423,12.289999961853027,8.010000228881836
Coty,2022,2022-06-30,Consumer Defensive,Household & Personal Products,-0.13539004333489893,-0.1423982764430195,0.07871030361855076,0.04892164995098409,0.6351708015986728,1.4504837878006611,0.6555581540380417,0.021417782949959146,100.12500286102295,,6999598590.780104,0.22042389210019267,8.010000228881836,9.34000015258789
Coty,2021,2021-06-30,Consumer Defensive,Household & Personal Products,,1.0894855908231351,,,,,,,,,8161828968.520069,,9.34000015258789,4.46999979019165
D,2024,2024-12-31,Utilities,Utilities - Regulated Electric,0.2651300053361633,0.2043549425007825,0.07793637397717683,0.14689812573483643,0.47873296908499896,1.5319414376398928,0.7119173215631392,0.0207391495386418,21.307063493572297,,44369361222.43595,1.0541431261770244,51.989234924316406,43.167701721191406
D,2023,2023-12-31,Utilities,Utilities - Regulated Electric,-0.11629554081076915,-0.16531294703388372,0.07367504625095223,0.14111026193288403,0.48342944486903355,1.6049261798527226,1.039181238764504,0.01861936193619362,19.45614710645384,,38024374051.73064,1.0994583948793697,44.5545768737793,53.37878036499024
D,2022,2022-12-31,Utilities,Utilities - Regulated Electric,-0.13020159996076652,-0.16942149524650446,0.04306012509490582,0.08544984933275936,0.4575261874013488,1.489677862540222,0.7323420074349443,0.01136504604227301,50.289084058289134,,46781050883.317,1.8547439126784215,54.81510162353516,65.99629211425781
D,2021,2021-12-31,Utilities,Utilities - Regulated Electric,0.12023590294402497,0.08115397438369096,0.12446902006737952,0.2976617917505911,0.4739469305543393,1.4860480445290758,0.8381182981667243,0.034129932724169094,16.581984860214156,,56323461326.81179,0.5989997057958223,65.99629974365234,61.04246139526367
D,2020,2020-12-31,Utilities,Utilities - Regulated Electric,,-0.05345728876613174,,,,,,,,,52095692363.07335,,61.04246520996094,64.48992156982422
DAL,2024,2024-12-31,Industrials,Airlines,0.5325403893646204,0.5200406636780939,0.22605113450598313,0.056080982431095175,0.26859497428742923,1.4889818871379061,0.3691038620172478,0.04586583877301916,11.216158267481019,,39035500880.36041,0.09285507665606017,59.78212356567383,39.32929229736328
DAL,2023,2023-12-31,Industrials,Airlines,0.24314984599241304,0.23701769533606987,0.415038271049077,0.07939980705622933,0.26733048511576624,2.456641152633949,0.3887122416534181,0.0625848677421107,5.515253660236608,,25821000473.827328,0.02777175092210892,39.54436874389648,31.967504501342773
DAL,2022,2022-12-31,Industrials,Airlines,-0.165557784056914,-0.165557784056914,0.2002430872075357,0.026056700011861927,0.22063184532046973,4.650562139167426,0.5015805705474171,0.01823262505533422,15.400143965934086,,20714784501.085327,0.0,31.72429656982422,38.0185661315918
DAL,2021,2021-12-31,Industrials,Airlines,-0.02810225818600472,-0.02810225818600472,0.0720349884229483,0.009364861701060236,0.07495233954312853,8.921790583997941,0.7602785462176858,0.00386425426793083,86.40583211725408,,24824708176.675232,0.0,38.0185661315918,39.11786651611328
DAL,2020,2020-12-31,Industrials,Airlines,,-0.30766303720006904,,,,,,,,,25542512889.47113,,39.11787033081055,56.50120162963867
DASH,2024,2024-12-31,Consumer Cyclical,Internet Retail,,0.6963292651972618,0.015763168012302962,0.011471740346950195,0.48311882111546356,0.06869152889914136,1.6642631816133393,0.009575710393149086,559.1666666666667,,67496099184.25,,167.75,98.88999938964844
DASH,2023,2023-12-31,Consumer Cyclical,Internet Retail,,0.9758295716396557,-0.08198648251542756,-0.06462072958888246,0.4685581933989577,0.07669703203056127,1.6413489736070381,-0.05148076390810961,,,38811765517.24728,,96.45999908447266,48.81999969482422
DASH,2022,2022-12-31,Consumer Cyclical,Internet Retail,,-0.6752182498813831,-0.20210245780278355,-0.20735227100106335,0.4549597447972049,0.07565886881847794,1.8553459119496856,-0.1394422310756972,,,19458190150.501816,,48.36000061035156,148.89999389648438
DASH,2021,2021-12-31,Consumer Cyclical,Internet Retail,,0.043082268977123465,-0.10027855153203342,-0.09574468085106383,0.5216857610474632,0.08549389329333619,2.59375,-0.06873255984726098,,,59911587222.48184,,148.89999389648438,142.75
DASH,2020,2020-12-31,Consumer Cyclical,Internet Retail,,,,,,,,,,,57437068009.25,,142.75,
DAY,2024,2024-12-31,Technology,Software - Application,,0.08224070943363455,0.007108353296940659,0.01028409090909091,0.46142045454545455,0.4841927502650905,1.1258184691804018,0.001985302182735549,660.3636308149858,,11477590320.2005,,72.63999938964844,67.12000274658203
DAY,2023,2023-12-31,Technology,Software - Application,,0.0291503518738518,0.022850471186723377,0.0362026821695184,0.4270991609962344,0.5185555833541823,1.1162720950720726,0.006081523488219822,188.6285618373326,,10431587015.102753,,66.0199966430664,64.1500015258789
DAY,2022,2022-12-31,Technology,Software - Application,,-0.41058778255363565,-0.034796624632596945,-0.058899053121489325,0.37971433156796663,0.5949085047880914,1.0709673609197212,-0.008672535003249247,,,9728458679.10025,,61.56999969482422,104.45999908447266
DAY,2021,2021-12-31,Technology,Software - Application,,-0.01970719333928653,-0.033849607182940514,-0.07361843389962898,0.3732669400507713,0.5282603815937149,1.1074855020176915,-0.01052161536100025,,,16505356338.30075,,104.45999908447266,106.55999755859376
DAY,2020,2020-12-31,Technology,Software - Application,,0.5698291377468807,,,,,,,,,16837169696.802004,,106.55999755859376,67.87999725341797
DD,2024,2024-12-31,Basic Materials,Specialty Chemicals,0.030836307531842085,0.010410309523489014,0.030107066381156317,0.05675762958178589,0.36387857258194733,0.3071092077087794,1.325557175588419,0.01918877606725625,44.65382439749582,,31411466224.809837,0.903271692745377,75.01842498779297,74.2455062866211
DD,2023,2023-12-31,Basic Materials,Specialty Chemicals,0.17613882049665905,0.1521917008009978,0.017422463857654762,0.03505137553861452,0.3507623467020219,0.3212652909922155,2.425435765009684,0.010972193401120564,79.58007163189828,,31322213558.624725,1.5390070921985815,74.80526733398438,64.92432403564453
DD,2022,2022-12-31,Basic Materials,Specialty Chemicals,-0.10988684606287154,-0.1306672018111832,0.22085889570552147,0.4507951140815856,0.35453637550894984,0.3038879897625052,3.0190195553174393,0.14189336235038086,5.610844023159925,,27276000049.4775,0.1111111111111111,65.14189910888672,74.93321228027344
DD,2021,2021-12-31,Basic Materials,Specialty Chemicals,0.17732319677088845,0.15414883441090688,0.24465630083607612,0.5146426866146745,0.36566926627407287,0.4078992168879809,2.900628675725005,0.14148817467783928,34.691298449480975,,31375783047.842598,0.0974176588835627,74.9332046508789,64.92507934570312
DD,2020,2020-12-31,Basic Materials,Specialty Chemicals,,0.1328413623075735,,,,,,,,,27185210802.439995,,64.9250717163086,57.31170654296875
DDOG,2020,2020-12-31,Technology,Software - Application,,1.605611583432621,,,,,,,,,31822768890.995113,,98.44000244140624,37.77999877929688
DDOG,2021,2021-12-31,Technology,Software - Application,,0.8093254387754282,-0.01992406860141586,-0.020164582652918397,0.7723088617241326,0.7757805154230251,3.5387973428964847,-0.008713479620664367,,,57577745286.74878,,178.11000061035156,98.44000244140624
DDOG,2022,2022-12-31,Technology,Software - Application,,-0.5952501482743758,-0.03556173143661313,-0.02994448092651185,0.793001611844069,0.5937738611348418,3.0855415216624458,-0.016693001851671895,,,23304583867.507324,,72.08999633789062,178.11000061035156
DDOG,2023,2023-12-31,Technology,Software - Application,,0.5657143106265942,0.023980005470648588,0.022819458559387773,0.8074065512444094,0.44552063491123034,3.168466839206741,0.012339205177141068,822.0000130789618,,37201993208.24633,,115.08000183105467,73.5
DDOG,2024,2024-12-31,Technology,Software - Application,,0.1772120829045807,0.06769396724019595,0.06845274794870124,0.8079440444812845,0.6786785702575522,2.6365387475150492,0.03176062802888474,274.7884603647085,,46192150697.25122,,142.88999938964844,121.37999725341795
DE,2024,2024-10-31,Industrials,Farm & Heavy Construction Machinery,0.12514345168466534,0.1086498628079086,0.3109125941495884,0.14054396452749515,0.3859020547131715,2.866657908565423,2.167834314902169,0.06615728661945583,15.576930645385074,,107883314122.9956,0.22605633802816902,399.0809631347656,359.9702453613281
DE,2023,2023-10-31,Industrials,Farm & Heavy Construction Machinery,-0.05142192366312149,-0.06532014148108076,0.46665136561854487,0.16873589164785552,0.3702363563935732,2.923663070920358,2.0213064422211637,0.09766829671332636,10.251371784083526,,95968287126.92773,0.14036986031870943,355.0050048828125,379.8145446777344
DE,2022,2022-10-31,Industrials,Farm & Heavy Construction Machinery,0.18586375561279223,0.1708905042328692,0.35193959135327213,0.13905463905463905,0.30673530673530675,2.576300463922614,2.1028316435344685,0.07920693102299234,16.315059071963596,,102675043185.28711,0.1841256485766372,379.8145751953125,324.3809509277344
DE,2021,2021-10-31,Industrials,Farm & Heavy Construction Machinery,0.6235347429187381,0.6053675852394649,0.3235310075416418,0.1385680756628634,0.31870889782260126,2.64179914274863,2.2436334392831156,0.07089188482297834,17.902043620305918,,91901128295.58643,0.17440885460338756,339.9598083496094,211.76446533203125
DE,2020,2020-10-31,Industrials,Farm & Heavy Construction Machinery,,0.3402431306830007,,,,,,,,,58713361045.75926,,217.19192504882807,162.0541229248047
DECK,2021,2021-03-31,Consumer Cyclical,Footwear & Accessories,,1.4658210222512444,,,,,,,,,8169268900.069199,,55.06999969482422,22.333332061767575
DECK,2022,2022-03-31,Consumer Cyclical,Footwear & Accessories,,-0.17144844201445375,0.2936974639741361,0.14346043394060132,0.510278735082161,0.14431140643023085,3.234594339134994,0.1937823989709508,16.83702363299268,,6768660474.755204,,45.62833404541016,55.06999969482422
DECK,2023,2023-03-31,Consumer Cyclical,Footwear & Accessories,,0.6420718533617963,0.2926954414965343,0.1424817342773633,0.5032329956887877,0.1395952842247384,3.840630905947163,0.20218347290884175,23.208573295182934,,11114626850.558014,,74.92500305175781,45.62833404541016
DECK,2024,2024-03-31,Consumer Cyclical,Footwear & Accessories,,1.0698474732118401,0.36041496240986814,0.17714668464651614,0.5563479138189308,0.12663490026894833,3.3937593837717865,0.2422401094024421,31.910149845076194,,23005582302.319977,,155.0833282470703,74.92500305175781
DECK,2025,2025-03-31,Consumer Cyclical,Footwear & Accessories,,-0.2872745042368648,0.3844353371828956,0.19377580926875176,0.57879814955516,0.11021630210428676,3.715187267595829,0.2705946246931589,17.66350672331655,,16586270943.05359,,111.80999755859376,156.8766632080078
DELL,2025,2025-01-31,Technology,Computer Hardware,0.27103593943903775,0.22585703792670855,-3.098515519568151,0.04805005912082622,0.22235708979040883,-16.576923076923077,0.7786661508371483,0.057582825470870014,16.012033922918913,,34595080248.465614,0.2776567944250871,102.15677642822266,83.3349838256836
DELL,2024,2024-01-31,Technology,Computer Hardware,1.1756643234830781,1.0933640440197971,-1.5213291423439605,0.038314956177551596,0.23826972010178116,-11.672204759766503,0.74417835132564,0.041253683364586125,17.711756882875225,,27267055103.87043,0.31641086186540734,80.51764678955078,38.46327972412109
DELL,2023,2023-01-31,Technology,Computer Hardware,-0.20678287288717295,-0.2614426413950008,-0.7821909032671365,0.02387073440142325,0.22175736307562977,-9.477258167841127,0.819897781391567,0.02725111872426376,11.87138263090157,,13025472173.25405,0.39475839475839475,38.46327972412109,52.07893371582031
DELL,2022,2022-01-31,Technology,Computer Hardware,0.5377435540809089,0.5377435540809089,-3.3014836795252225,0.054971985335533664,0.21632064191626235,-15.996439169139466,0.8010281221651043,0.05998813824338168,7.418650439661793,,17636369218.048897,0.0,52.07892608642578,33.86710739135742
DELL,2021,2021-01-31,Technology,Computer Hardware,,0.5163012833273501,,,,,,,,,11635778761.500607,,34.359615325927734,22.6601505279541
DG,2021,2021-01-31,Consumer Defensive,Discount Stores,,0.2659472083632469,,,,,,,,,39406747341.50995,,179.03529357910156,141.42398071289062
DG,2022,2022-01-31,Consumer Defensive,Discount Stores,0.08951586227643966,0.07965867669901282,0.38314234493657445,0.07011106137152087,0.315980833565334,2.275050758657078,1.0542677080495444,0.09113070955698539,19.189999260616396,,42956397013.250244,0.16346397513871105,195.16229248046875,180.7629547119141
DG,2023,2023-01-31,Consumer Defensive,Discount Stores,0.1423324030045181,0.13083874817476815,0.4359596533383185,0.06383928513626803,0.31233031547769113,3.186904657932517,1.2875862296204605,0.08307115885172442,20.664520835162104,,48576758224.562256,0.20435771851610252,220.69708251953125,195.16229248046875
DG,2024,2024-01-31,Consumer Defensive,Discount Stores,-0.41474169778256753,-0.4254048005320942,0.2461467933814769,0.042936286262998266,0.3028828291943093,2.680463331584463,1.1910615711284223,0.0539451897513511,16.796224227804224,,27911974011.354126,0.3117962479398341,126.81149291992188,220.6970977783203
DG,2025,2025-01-31,Consumer Defensive,Discount Stores,-0.4473245994206881,-0.4653782089304973,0.15178007439463145,0.02770719162279573,0.29590775781568485,2.3555537061283918,1.1885688154763447,0.036143726925612345,13.66415900960127,,15368650842.030762,0.4612145002057315,69.8238525390625,130.6042022705078
DGX,2024,2024-12-31,Healthcare,Diagnostics & Research,0.14013108861840057,0.11766998727674113,0.1285039834759516,0.08822933549432739,0.3286061588330632,1.0455886692239598,1.1028123559243892,0.053921872098062276,19.25369084113906,,16470642296.708923,0.38002296211251435,148.06088256835938,132.47280883789062
DGX,2023,2023-12-31,Healthcare,Diagnostics & Research,-0.06215824628135794,-0.08132426543867914,0.13540510543840178,0.09230436662343278,0.3299827064418504,0.8717298240050737,1.3068870523415979,0.06090429325345885,18.063751750380714,,15050813540.59195,0.36768149882903983,135.29750061035156,147.2744903564453
DGX,2022,2022-12-31,Healthcare,Diagnostics & Research,-0.06473567220605228,-0.08190113517047141,0.16052944171050398,0.09571992310027319,0.34736416067995546,0.7999321228576277,1.2237266279819472,0.07369323050556983,18.3994671332193,,16312997462.022247,0.3224101479915433,146.6437530517578,159.72544860839844
DGX,2021,2021-12-31,Healthcare,Diagnostics & Research,0.504295664684577,0.4785822584841682,0.3095903165735568,0.18492769744160178,0.39015572858731923,0.7406890130353817,1.5636052481460354,0.14657262508265373,10.271734010751608,,17768237872.13159,0.1548872180451128,159.7254638671875,108.02609252929688
DGX,2020,2020-12-31,Healthcare,Diagnostics & Research,,0.14110425344137797,,,,,,,,,12017078539.301407,,108.0261001586914,94.66803741455078
DHI,2024,2024-09-30,Consumer Cyclical,Residential Construction,0.8022304633914209,0.7896553725643912,0.18790493347239343,0.129245083067492,0.2591042732069976,0.23588856230839733,17.06157623373435,0.1317405406004271,13.156180069203822,,56243872347.79988,0.08308804978555209,188.6596221923828,105.41673278808594
DHI,2023,2023-09-30,Consumer Cyclical,Residential Construction,0.6095102861726429,0.5920160412946248,0.20909667697676262,0.1338309776539464,0.26368568882471716,0.22658418589896107,14.961747060235181,0.14565225397760753,7.536278930310746,,31049975410.614323,0.0718966643487789,104.15137481689452,65.42105865478516
DHI,2022,2022-09-30,Consumer Cyclical,Residential Construction,-0.17585207114999207,-0.1890126211439912,0.3019905858333806,0.17495519713261648,0.3137425328554361,0.3152560024334538,13.13365862556432,0.19299135780910742,3.962510661743829,,19503554602.57852,0.054033290653008964,65.42105102539062,80.66839599609375
DHI,2021,2021-09-30,Consumer Cyclical,Residential Construction,0.13425814092994307,0.12077573255721635,0.28050918617539383,0.15034816484363187,0.28353651950371206,0.36606321163470257,12.870609776396826,0.17387647350297095,7.069973356362292,,24049146893.12494,0.06928013793764069,80.66839599609375,71.97550201416016
DHR,2024,2024-12-31,Healthcare,Diagnostics & Research,0.001285470671132269,-0.003457809367098736,0.07869931170902045,0.1633089005235602,0.5950157068062827,0.3460832004521325,1.3970285378052367,0.05028242758762993,43.18200383609995,,161353408661.80475,0.19697358296999232,228.43280029296875,229.2254180908203
DHR,2023,2023-12-31,Healthcare,Diagnostics & Research,0.009947986922465528,0.0023356753637395035,0.08907003701903302,0.19941398074508163,0.5874424445374634,0.36525445911079535,1.6844331641285957,0.05638670580437458,36.464550054185445,,164327867192.98398,0.2619647355163728,232.64382934570312,232.10171508789065
DHR,2022,2022-12-31,Healthcare,Diagnostics & Research,-0.19577929360110782,-0.19981972846300292,0.14394393195159938,0.2705776376534174,0.6075892354464587,0.4116449023601294,1.8933126713553463,0.08546532305868405,23.741941274323075,,161999261091.97516,0.11346927451796365,229.3471527099609,286.6193542480469
DHR,2021,2021-12-31,Healthcare,Diagnostics & Research,0.49110679171119026,0.4856617819491789,0.14242699315872207,0.25937424401257964,0.614426255947101,0.5152434299377865,1.430958230958231,0.07733458357376419,33.28912360604494,,202453455620.4501,0.11534276387377584,286.6193542480469,192.92369079589844
DHR,2020,2020-12-31,Healthcare,Diagnostics & Research,,0.4533647714011673,,,,,,,,,136271575464.06897,,192.9237060546875,132.7427978515625
DIS,2024,2024-09-30,Communication Services,Entertainment,0.20568956955413994,0.1961593195262025,0.04937634066894415,0.054421470868313615,0.3575157890128173,0.48406093588623184,0.7295297551952369,0.025339034446205517,35.058459113625915,,171449188183.19983,0.2747385358004827,95.3590087890625,79.72099304199219
DIS,2023,2023-09-30,Communication Services,Entertainment,-0.1342096772018481,-0.1342096772018481,0.02371143366540085,0.02647978582195325,0.33405700915656145,0.5025836800064466,1.0521532483380969,0.011450585906148001,62.27195798888687,,144429509548.8329,0.0,80.33082580566406,92.78323364257812
DIS,2022,2022-09-30,Communication Services,Entertainment,-0.44239524442745315,-0.44239524442745315,0.0331024755810037,0.03801890669954788,0.3423635792171369,0.5431963624115864,1.000859904378633,0.015444603228388604,53.9437449255655,,166818128618.2816,0.0,92.78324127197266,166.3960723876953
DIS,2021,2021-09-30,Communication Services,Entertainment,0.36339442224998775,0.36339442224998775,0.022528881009113187,0.029591503752706992,0.3305793704945267,0.6508531613835782,1.0830195964861473,0.00979819163200055,152.65691914689648,,299169073355.5683,0.0,166.3960418701172,122.04541778564452
DLR,2024,2024-12-31,Real Estate,REIT - Specialty,0.3964868297724338,0.3589568003547281,0.02823237074736707,0.10845967069477268,0.5465113390392168,0.8438735230651988,1.1085971725811534,0.013304812053878384,107.70457013053182,,59139631696.15448,2.7108283954920416,173.40435791015625,127.60108184814452
DLR,2023,2023-12-31,Real Estate,REIT - Specialty,0.45512972563007115,0.40622868362092085,0.04963181966879201,0.17323853066452977,0.5256450494161011,0.9921782275893951,0.7031223915709502,0.021509134510083114,42.739115397135414,,43728581693.124695,1.6026381742721096,128.21734619140625,91.17816162109376
DLR,2022,2022-12-31,Real Estate,REIT - Specialty,-0.3674117137306679,-0.3949351383086138,0.021479657953377897,0.08049815914203273,0.5699843600604796,1.0275552406614126,0.23377524298788943,0.00910411035815887,82.7486966563537,,31890271259.075695,3.8408749113015115,93.50602722167967,154.53884887695312
DLR,2021,2021-12-31,Real Estate,REIT - Specialty,0.3407685157489867,0.30657798803847364,0.09493474100572699,0.3860218045557673,0.5983813480124357,0.8309222970526147,0.31119115724186525,0.04699696669412553,26.01663351861716,,52705526021.83418,0.8068981938957174,154.53880310058594,118.27751922607422
DLR,2020,2020-12-31,Real Estate,REIT - Specialty,,0.20371450349637643,,,,,,,,,40338594178.75683,,118.27750396728516,98.26042938232422
DLTR,2021,2021-01-31,Consumer Defensive,Discount Stores,,0.1583783273671824,,,,,,,,,20572196668.61209,,100.86000061035156,87.06999969482422
DLTR,2022,2022-01-31,Consumer Defensive,Discount Stores,,0.2907731309635131,0.17204119971497053,0.05044982751546282,0.2939569624485206,1.2917406231780786,1.3430062730450605,0.06113213453765342,22.624138141500538,,26764660476.224182,,131.22000122070312,101.66000366210938
DLTR,2023,2023-01-31,Consumer Defensive,Discount Stores,,0.144490102718325,0.1845854996286351,0.10481783084060604,0.3751289621386627,1.1571159229846313,1.5069345829783205,0.07016736092710917,20.829402590260923,,30631889017.654907,,150.17999267578125,131.22000122070312
DLTR,2024,2024-01-31,Consumer Defensive,Discount Stores,,-0.13024369764633828,-0.13652213151741396,-0.05949550387042566,0.3587190351049693,1.0075617727092478,1.3057465880298933,-0.04533339387472472,,,26642278526.10327,,130.6199951171875,150.17999267578125
DLTR,2025,2025-01-31,Consumer Defensive,Discount Stores,,-0.45919047531188095,-0.7618293357469704,-0.17237534488153142,0.35807378331484485,1.96877357067431,1.0607158247824922,-0.1625241364514053,,,14961040899.469772,,73.3499984741211,135.6300048828125
DOC,2024,2024-12-31,Real Estate,REIT - Healthcare Facilities,0.1527641556756346,0.08790449842125456,0.028941079902624317,0.09003761966991415,0.6019695243272508,1.0740355393633063,1.1265825243162102,0.012194748236493113,53.28748491075304,,13331060285.711723,3.2688017701590018,19.183494567871094,17.63343620300293
DOC,2023,2023-12-31,Real Estate,REIT - Healthcare Facilities,-0.10949128576956922,-0.15431405231296558,0.0481870092273834,0.14030654703363543,0.5864013025199873,1.1153613462739467,0.4073363934902117,0.019492446898976678,31.854053906032014,,12396232314.159628,2.1470643020303326,17.83827018737793,21.0932559967041
DOC,2022,2022-12-31,Real Estate,REIT - Healthcare Facilities,-0.23251918016693635,-0.26456047650466774,0.07520232689643006,0.2427975652757792,0.5813117547344285,1.007727920458034,0.34137304680556674,0.03173176928697186,23.265832403431766,,14874534783.455126,1.2949311518256605,21.404565811157227,29.104454040527344
DOC,2021,2021-12-31,Real Estate,REIT - Healthcare Facilities,0.27713909692452987,0.2373677416006591,0.07759071870486703,0.26660914763546156,0.5921920024638959,0.9783693271552167,0.3684298045615222,0.033133827328021025,31.29512007518481,,20225373001.368256,1.2859160501641809,29.104461669921875,23.521270751953125
DOC,2020,2020-12-31,Real Estate,REIT - Healthcare Facilities,,-0.07685413821740579,,,,,,,,,16345477388.049986,,23.5212631225586,25.47946548461914
DOV,2024,2024-12-31,Industrials,Specialty Industrial Machinery,0.24716106136527205,0.2334728153690649,0.387852682112558,0.3482000627686176,0.3819591735456742,0.4535454147514609,2.04163071976807,0.21561207946816574,9.564924460756748,,25512189302.092224,0.10496988275668248,186.03778076171875,150.8243865966797
DOV,2023,2023-12-31,Industrials,Specialty Industrial Machinery,0.15084920044601777,0.13501233361394122,0.20695315184941854,0.1375276596608539,0.3731606423131519,0.720407393953517,1.4045393720197037,0.09312479969842745,19.757826784823806,,20375280339.91382,0.26900971586672573,148.578857421875,130.90505981445312
DOV,2022,2022-12-31,Industrials,Specialty Industrial Machinery,-0.23317146423274565,-0.24529092463856667,0.24854993717288723,0.13581748696548546,0.3703325550912053,0.9067529464352787,1.2344488860458793,0.09777214172709651,17.597893563242295,,17906519107.4861,0.2699056483344847,130.5763702392578,173.0155029296875
DOV,2021,2021-12-31,Industrials,Specialty Industrial Machinery,0.47496744221847303,0.45734543552332074,0.26824453733212905,0.14212804952927635,0.3755856301459413,0.7881436763282165,1.3605533561358034,0.10802175049143918,22.353426122542192,,23726388447.288284,0.2552868880904203,173.01551818847656,118.71963500976562
DOV,2020,2020-12-31,Industrials,Specialty Industrial Machinery,,0.11527750960442842,,,,,,,,,16280550114.918167,,118.71961975097656,106.44850158691406
DOW,2024,2024-12-31,Basic Materials,Chemicals,-0.1713688850434597,-0.22788230760274072,0.06430423509075195,0.02597523508053254,0.10720603295782516,1.0167098818784213,1.6125583203732503,0.019472361809045227,24.135983218053344,,26860581336.419495,1.7616487455197132,37.89349365234375,49.07735443115234
DOW,2023,2023-12-31,Basic Materials,Chemicals,0.22233445121848636,0.15731215647512964,0.0316547535873596,0.013199766931110215,0.1093630944377213,0.8839146557747084,1.769006728934418,0.010160953646039987,60.385201616985036,,35099031517.98758,3.3480475382003396,49.51586532592773,42.78522872924805
DOW,2022,2022-12-31,Basic Materials,Chemicals,0.0073269440595977705,-0.05442037582077569,0.2211603436625157,0.08052441038979298,0.15050437594460653,0.8063519644753354,1.807166181272615,0.07560681814431629,6.90081711787327,,30719272185.065914,0.4378000872981231,43.33713150024414,45.8312873840332
DOW,2021,2021-12-31,Basic Materials,Chemicals,0.13627621231116666,0.0681198505535339,0.3474263693916873,0.11481225440256149,0.1960595255421336,0.8882466281310212,1.5762891274761832,0.100190506429592,5.469128283225265,,32487245403.023712,0.3284740928537474,45.83129501342773,42.90838241577149
DOW,2020,2020-12-31,Basic Materials,Chemicals,,0.07881510567150818,,,,,,,,,30415353200.265022,,42.90837860107422,39.77361679077149
DPZ,2020,2020-12-31,Consumer Cyclical,Restaurants,,0.3162755516034013,,,,,,,,,12209842001.535461,,361.3852844238281,274.5513916015625
DPZ,2021,2021-12-31,Consumer Cyclical,Restaurants,0.4953552048432905,0.4839382685544532,-0.12126443389485207,0.11715017282201914,0.38744491233594186,-1.2571105223948673,1.456712840314114,0.30533683132593537,39.60660993612676,,18118653329.13147,0.27308131573637473,536.2734985351562,361.3853149414063
DPZ,2022,2022-12-31,Consumer Cyclical,Restaurants,-0.3828972640009041,-0.39159167495228936,-0.10796275541200721,0.09967979955734405,0.36335653287807035,-1.253824898873615,1.4733936987184624,0.2822725454228849,26.03936343790528,,11023538269.469543,0.3483172401898895,326.2732238769531,536.2734375
DPZ,2023,2023-12-31,Consumer Cyclical,Restaurants,0.2246729267804346,0.20958905841368325,-0.12753591997969715,0.11589116118872392,0.38563941529120915,-1.279812360900135,1.493178039645565,0.3099398829421953,27.486385329846307,,13614170359.485535,0.3270393243925273,402.9504089355469,333.1300048828125
DPZ,2024,2024-12-31,Consumer Cyclical,Restaurants,0.047234956631834,0.03177984932592879,-0.14743238192247868,0.12412204955957995,0.39276213577380326,-1.3116757451686412,0.5614259436811534,0.33630721243882455,24.855622051003593,,14015885893.200195,0.35939024599003716,414.84033203125,402.0628356933594
DRI,2025,2025-05-31,Consumer Cyclical,Restaurants,0.5308678355884126,0.49134255027665724,0.4541167308441137,0.08691115950549405,0.21881805460100856,2.6953229784104185,0.4172191323692992,0.08338762214983714,24.10978571286858,,24846096912.6795,0.6273818597560976,213.6127014160156,143.23516845703125
DRI,2024,2024-05-31,Consumer Cyclical,Restaurants,-0.0019771030719343934,-0.038252846392738675,0.4582385730211817,0.09021949078138718,0.21374012291483757,2.420423634336678,0.3752793614595211,0.09075333392210545,16.831394648299796,,16660221293.94104,0.6115219929933826,143.23516845703125,148.9322509765625
DRI,2023,2023-05-31,Consumer Cyclical,Restaurants,0.35998239733608595,0.3143267258427559,0.446014081308199,0.09362306680142642,0.20111939586948646,2.1775607540313424,0.5149685145039744,0.09587462774007714,18.269871412141153,,16979049426.867096,0.6006721662083715,145.9762725830078,111.06543731689452
DRI,2022,2022-05-31,Consumer Cyclical,Restaurants,-0.061015554069314706,-0.10022860238192471,0.43344554635610955,0.09894080996884735,0.2071651090342679,2.2233190792466564,0.6383761840324763,0.09400343337477061,15.029150481475709,,12918437067.696032,0.5908900083963057,111.06542205810548,123.4373779296875
DRI,2021,2021-05-31,Consumer Cyclical,Restaurants,,0.808474322363731,,,,,,,,,13766045033.875763,,118.35267639160156,65.4433822631836
DTE,2024,2024-12-31,Utilities,Utilities - Regulated Electric,0.17247311016386557,0.13490178372621728,0.1200102572869476,0.11270771453801076,0.3482379385084691,1.9865800495768868,0.7064238151194673,0.028743397617000368,17.4098996679399,,24467340708.447357,0.5769230769230769,117.86502075195312,103.85482025146484
DTE,2023,2023-12-31,Utilities,Utilities - Regulated Electric,0.01899106328427753,-0.014908759270005621,0.12642533936651584,0.10961161239701844,0.3395056885052962,1.897737556561086,0.6015638279789223,0.031214389453692325,15.572141613480609,,21852285859.099846,0.5382963493199714,105.2676773071289,106.86083984375
DTE,2022,2022-12-31,Utilities,Utilities - Regulated Electric,0.046455986936698695,0.015195050318895566,0.10416466288352409,0.05632411067193676,0.1907634699396713,1.8505338078291815,0.8080417552677364,0.025373099360401098,19.41320170526919,,22245290279.38362,0.6325023084025854,107.16087341308594,105.5569305419922
DTE,2021,2021-12-31,Utilities,Utilities - Regulated Electric,0.23662606032632952,0.1935411463017766,0.104192992533027,0.060612135792568834,0.22293504410585405,2.096611143021252,0.5226914591868894,0.022835418817190766,22.60320038560626,,21912334470.17425,0.8721058434399118,105.55694580078124,88.44013977050781
DTE,2020,2020-12-31,Utilities,Utilities - Regulated Electric,,-0.02855148581329795,,,,,,,,,18359095895.74189,,88.44014739990234,91.03945922851562
DUK,2020,2020-12-31,Utilities,Utilities - Regulated Electric,,0.0477147494328923,,,,,,,,,59036963336.18199,,75.91963195800781,72.46212005615234
DUK,2021,2021-12-31,Utilities,Utilities - Regulated Electric,0.24385998018511368,0.19111335947559493,0.07927620902304447,0.15872629056496487,0.48568295357621544,1.3847573839662448,0.6239407444604859,0.023044219191329523,18.30544104942908,,70319708665.95532,0.7968270214943706,90.42887878417967,75.91962432861328
DUK,2022,2022-12-31,Utilities,Utilities - Regulated Electric,0.0725061666167449,0.027298353209688295,0.051701066461214064,0.08864015572858731,0.4510567296996663,1.5120838571023072,0.7005775446404917,0.014318924564536236,27.89712625222879,,72239314815.96133,1.2466666666666666,92.89743041992188,90.42887115478516
DUK,2023,2023-12-31,Utilities,Utilities - Regulated Electric,0.03675717834327865,-0.008458692160002017,0.057848547168658754,0.0977632484514797,0.4733654507914659,1.6382684123719737,0.7388184921599259,0.016060556381541385,25.842086878200035,,71137854183.2911,1.141851460753256,91.48098754882812,92.26139831542967
DUK,2024,2024-12-31,Utilities,Utilities - Regulated Electric,0.20112269294031107,0.15559848428935522,0.09025256353987951,0.14902658365451132,0.5006094146325395,1.7003152056816822,0.6690086273699437,0.024277810274601137,18.368312481614627,,81559636950.30067,0.7102122015915119,104.88306427001952,90.76081848144533
DV,2020,2020-12-31,Technology,Software - Application,,,,,,,,,,,,,,
DV,2021,2021-12-31,Technology,Software - Application,,,0.03667782135643364,0.08808051908240944,0.8365635734700563,0.005692896456613096,6.44931881542265,0.03284935787508098,184.88888210720486,,5445552253.378326,,33.279998779296875,
DV,2022,2022-12-31,Technology,Software - Application,,-0.3455528399780288,0.04934430735158104,0.09563722044657816,0.8278892528590817,0.09551364586552684,6.459091568712814,0.04172307787253575,87.12000274658203,,3563826206.9746914,,21.780000686645508,33.279998779296875
DV,2023,2023-12-31,Technology,Software - Application,,0.643897995407771,0.06654567903763621,0.12482206576623939,0.8137589665754362,0.08044311641536438,6.356233975314531,0.057493336851615125,88.048776766149,,5906984232.222907,,36.09999847412109,21.959999084472656
DV,2024,2024-12-31,Technology,Software - Application,,-0.47770528216314717,0.05189951811743684,0.08560719434755933,0.82261524338166,0.08460772396555846,5.402398484760635,0.04406093041113923,60.03124713897705,,3143301010.783745,,19.209999084472656,36.77999877929688
DVA,2024,2024-12-31,Healthcare,Medical Care Facilities,,0.4275486827241772,7.73056917818398,0.07306295867130166,0.32905563943802646,99.62546853585641,1.2598572009914542,0.05416994402400935,13.937558532316665,,10692825218.200684,,149.5500030517578,104.76000213623048
DVA,2023,2023-12-31,Healthcare,Medical Care Facilities,,0.4314986207419405,0.6548025418119737,0.05696265457082192,0.31469388303123513,10.525946953736257,1.1876047890140617,0.040934785987906175,14.405660295100867,,7642634956.359863,,106.88999938964844,74.66999816894531
DVA,2022,2022-12-31,Healthcare,Medical Care Facilities,,-0.34212381388435775,0.7867184407139428,0.04826917455060313,0.2928830357968815,16.597021588430017,1.2044262289450087,0.03310442212226047,12.793161767160791,,5351059738.15918,,74.83999633789062,113.76000213623048
DVA,2021,2021-12-31,Healthcare,Medical Care Facilities,,-0.03100510513065066,1.295088867358122,0.08421267709557194,0.31383481439601707,15.850593243221779,1.3206918562304542,0.0571474862465225,12.782022711936008,,8133840152.740479,,113.76000213623048,117.4000015258789
DVA,2020,2020-12-31,Healthcare,Medical Care Facilities,,0.564707496147171,,,,,,,,,8394100109.100342,,117.4000015258789,75.02999877929688
DVN,2024,2024-12-31,Energy,Oil & Gas E&P,-0.2176545993668784,-0.2521014792145338,0.1994343267108168,0.1813676286072773,0.2954830614805521,0.6348647902869757,1.0356603203384709,0.09482108301354587,7.027981574075264,,20343813926.696777,0.3241093047388447,32.0475959777832,42.85019302368164
DVN,2023,2023-12-31,Energy,Oil & Gas E&P,-0.15555482032493043,-0.20895132876266553,0.3106707569853246,0.24557609123082974,0.35174990169091624,0.5347815272365476,1.0705323838589351,0.15300122498979174,7.424826164768167,,27525553152.46582,0.4958633573525487,43.360984802246094,54.81455993652344
DVN,2022,2022-12-31,Energy,Oil & Gas E&P,0.5719957269516454,0.4254945628585293,0.5386406375929077,0.3137878866920549,0.4365903281339663,0.5997134413898093,1.2531400966183575,0.25357278360945995,5.679118424131159,,32878551905.822754,0.5617622610141313,51.79356002807617,36.33374786376953
DVN,2021,2021-12-31,Energy,Oil & Gas E&P,2.1276155316543406,1.9589169401946627,0.3037141006262146,0.230460429297067,0.3014091430444044,0.7270567911898078,1.3764172335600906,0.13379310344827586,8.671537959205791,,23064660722.351074,0.4674724493423391,36.333744049072266,12.279406547546388
DVN,2020,2020-12-31,Energy,Oil & Gas E&P,,-0.3533661099154166,,,,,,,,,7794968487.167358,,12.27940845489502,18.98973846435547
DXC,2025,2025-03-31,Technology,Information Technology Services,,-0.1961339003761461,0.12047073397336637,0.03022298189728848,0.2409292207287701,1.4081759058532053,1.2158240761732033,0.029458538432411967,8.119047255743117,,3051927169.8848534,,17.049999237060547,21.209999084472656
DXC,2024,2024-03-31,Technology,Information Technology Services,,-0.17723000289311064,0.03237282106012095,0.006658374185995464,0.2261652154825492,1.7317680540732836,1.168639053254438,0.006560449859418931,45.71739279705545,,3764342131.978632,,21.030000686645508,25.559999465942383
DXC,2023,2023-03-31,Technology,Information Technology Services,-0.21667181644935285,-0.21667181644935285,-0.1624249356591364,-0.03936243936243936,0.22065142065142065,1.5341721475550472,1.1806439174860228,-0.03584727043231303,,,4575205884.044397,,25.559999465942383,32.630001068115234
DXC,2022,2022-03-31,Technology,Information Technology Services,0.043826002213769,0.043826002213769,0.1421219319081552,0.04414386719950815,0.2202274823240086,1.2209026128266034,1.086531446082008,0.03565221709121605,11.612100024240297,,5840726760.661205,0.0,32.630001068115234,31.26000022888184
DXC,2021,2021-03-31,Technology,Information Technology Services,1.418091291556065,1.395402281378936,,,,,,,,,5595498433.909545,,31.26000022888184,13.050000190734863
DXCM,2020,2020-12-31,Healthcare,Medical Devices,,0.6902258020298779,,,,,,,,,36246911263.62629,,92.43000030517578,54.685001373291016
DXCM,2021,2021-12-31,Healthcare,Medical Devices,,0.4523152938282631,0.10621419127368885,0.08858484786604043,0.6863385746375332,1.0567063317173497,5.111542730299667,0.04396651328725194,346.4193627142137,,52641943582.20039,,134.2375030517578,92.43000030517578
DXCM,2022,2022-12-31,Healthcare,Medical Devices,,-0.1453207877928326,0.1600525377615161,0.11725891813870369,0.647157880266685,1.0061919504643964,1.9946718860436035,0.06328245265871618,139.91463824016293,,44991974869.88918,,114.7300033569336,134.2375030517578
DXCM,2023,2023-12-31,Healthcare,Medical Devices,,0.08698338625872191,0.2617712462535048,0.14949065510863263,0.6318913397565082,1.2539882045828097,2.844408740359897,0.08643946045175194,94.68461256760817,,48270390132.73453,,123.08999633789062,113.23999786376952
DXCM,2024,2024-12-31,Healthcare,Medical Devices,,-0.3732774684648814,0.2740416627033197,0.14287131167865114,0.6045623605256633,1.2305716731665557,1.4670532060027286,0.08885804610995451,54.767603269765075,,30497913642.610817,,77.7699966430664,124.08999633789062
DYN,2024,2024-12-31,Healthcare,Biotechnology,,0.7714285058698653,-0.5039676869290198,-inf,,0.03808598401493717,15.601282597378011,-0.45920484235439807,,,3351733638.422966,,23.559999465942383,13.300000190734863
DYN,2023,2023-12-31,Healthcare,Biotechnology,,0.12683349850522455,-2.5844214169916313,-inf,,0.3003001358278929,2.5320481456111166,-1.42921093759465,,,1857964504.096241,,13.0600004196167,11.59000015258789
DYN,2022,2022-12-31,Healthcare,Biotechnology,,-0.015979859425682745,-0.666097383144981,-inf,,0.1207898115420583,9.455781828538878,-0.5487603035991185,,,1664485730.865345,,11.699999809265137,11.890000343322754
DYN,2021,2021-12-31,Healthcare,Biotechnology,,-0.43380950746082125,-0.40546500922060746,-inf,,0.08863733273220585,13.313094036138287,-0.35072580891456384,,,1691515917.442379,,11.890000343322754,21.0
DYN,2020,2020-12-31,Healthcare,Biotechnology,,,,,,,,,,,2987538540.0,,21.0,
Dell,2025,2025-01-31,Technology,Computer Hardware,0.27103605580355944,0.2258571501550598,-3.098515519568151,0.04805005912082622,0.22235708979040883,-16.576923076923077,0.7786661508371483,0.057582825470870014,16.012033922918913,,34595080248.465614,0.2776567944250871,102.15677642822266,83.33497619628906
Dell,2024,2024-01-31,Technology,Computer Hardware,1.1756641251278004,1.0933638456645194,-1.5213291423439605,0.038314956177551596,0.23826972010178116,-11.672204759766503,0.74417835132564,0.041253683364586125,17.711755204609823,,27267052520.19928,0.31641086186540734,80.51763916015625,38.46327972412109
Dell,2023,2023-01-31,Technology,Computer Hardware,-0.20678268343503894,-0.2614424599503464,-0.7821909032671365,0.02387073440142325,0.22175736307562977,-9.477258167841127,0.819897781391567,0.02725111872426376,11.87138380827727,,13025473465.089626,0.39475839475839475,38.46328353881836,52.07892608642578
Dell,2022,2022-01-31,Technology,Computer Hardware,0.5377437878580867,0.5377437878580867,-3.3014836795252225,0.054971985335533664,0.21632064191626235,-15.996439169139466,0.8010281221651043,0.05998813824338168,7.418649896257625,,17636367926.213326,0.0,52.07892227172852,33.86709976196289
Dell,2021,2021-01-31,Technology,Computer Hardware,,0.5163011964112125,,,,,,,,,11635780053.336182,,34.359619140625,22.660154342651367
Dow,2024,2024-12-31,Basic Materials,Chemicals,-0.1713688850434597,-0.22788230760274072,0.06430423509075195,0.02597523508053254,0.10720603295782516,1.0167098818784213,1.6125583203732503,0.019472361809045227,24.135983218053344,,26860581336.419495,1.7616487455197132,37.89349365234375,49.07735443115234
Dow,2023,2023-12-31,Basic Materials,Chemicals,0.22233434223611998,0.15731205329009929,0.0316547535873596,0.013199766931110215,0.1093630944377213,0.8839146557747084,1.769006728934418,0.010160953646039987,60.385201616985036,,35099031517.98758,3.3480475382003396,49.51586532592773,42.78523254394531
Dow,2022,2022-12-31,Basic Materials,Chemicals,0.0073269440595977705,-0.05442037582077569,0.2211603436625157,0.08052441038979298,0.15050437594460653,0.8063519644753354,1.807166181272615,0.07560681814431629,6.90081711787327,,30719272185.065914,0.4378000872981231,43.33713150024414,45.8312873840332
Dow,2021,2021-12-31,Basic Materials,Chemicals,0.13627604661993678,0.06811967880297727,0.3474263693916873,0.11481225440256149,0.1960595255421336,0.8882466281310212,1.5762891274761832,0.100190506429592,5.469126917581853,,32487237290.946182,0.3284740928537474,45.83128356933594,42.90837860107422
Dow,2020,2020-12-31,Basic Materials,Chemicals,,0.07881510567150818,,,,,,,,,30415353200.265022,,42.90837860107422,39.77361679077149
EA,2025,2025-03-31,Communication Services,Electronic Gaming & Multimedia,0.10118075317122466,0.09511857165789378,0.17554024428437207,0.15020769127696637,0.7932466836392872,0.305512057626057,0.9470945359930616,0.09063712807244502,33.92326444738052,,35948873401.54538,0.17752007136485282,144.1738739013672,131.65138244628906
EA,2024,2024-03-31,Communication Services,Electronic Gaming & Multimedia,0.12037033866275589,0.11345181507315866,0.16943963796086783,0.16834170854271358,0.7738693467336684,0.2592839078929855,1.3744336569579287,0.09485842026825633,28.272700513529983,,32992244535.12137,0.1610369206598586,132.3162384033203,118.8342742919922
EA,2023,2023-03-31,Communication Services,Electronic Gaming & Multimedia,-0.035368812358799996,-0.04215729990493428,0.10996846290963938,0.10799892270401293,0.7586856988957716,0.2668312080076786,1.2082191780821918,0.05958837952299576,41.26190344492595,,29630601168.960983,0.26184538653366585,118.83428192138672,124.06450653076172
EA,2022,2022-03-31,Communication Services,Electronic Gaming & Multimedia,-0.05483858176065734,-0.06069882924261787,0.10347540983606557,0.11285939064511515,0.734086682877986,0.25691803278688524,1.1816111585539426,0.05717391304347826,44.9509026347727,,30934721872.10878,0.24461343472750316,124.06449127197266,132.08169555664062
EA,2021,2021-03-31,Communication Services,Electronic Gaming & Multimedia,,0.35488130923522937,,,,,,,,,32933758906.549225,,132.08168029785156,97.4857940673828
EBAY,2020,2020-12-31,Consumer Cyclical,Internet Retail,,0.4115880807539848,,,,,,,,,21118523956.29883,,46.211212158203125,32.737037658691406
EBAY,2021,2021-12-31,Consumer Cyclical,Internet Retail,0.3601826131030451,0.3381166733669088,1.3916956432808345,1.3059500959692898,0.7456813819577736,0.9646144405808958,1.9712245781047166,0.5110793960790205,3.010515252013982,,28259044357.299805,0.0342445620223398,61.83598327636719,46.211204528808594
EBAY,2022,2022-12-31,Consumer Cyclical,Internet Retail,-0.33692772492518724,-0.3542319172921987,-0.24626431205123228,-0.12955589586523736,0.7263910158244002,1.8280613235008734,2.175134628892531,-0.060863309352517984,,,18248791145.324707,,39.93170928955078,61.83599090576172
EBAY,2023,2023-12-31,Consumer Cyclical,Internet Retail,0.11209407445154954,0.0826862225134268,0.43261413383364605,0.27363528481012656,0.7198378164556962,1.2864290181363351,2.4371681415929203,0.12798334875115633,8.195768293847468,,19438969112.39624,0.19082038308637514,42.53603744506836,39.28750228881836
EBAY,2024,2024-12-31,Consumer Cyclical,Internet Retail,0.4753720306471123,0.4477957389114087,0.38290034897246994,0.19206457259554605,0.7199260916075075,1.5244280728964714,1.2408986552968186,0.10198812290214304,15.541259649441328,,27983281299.591064,0.26987341772151896,61.23256301879883,42.29364776611328
ECL,2024,2024-12-31,Basic Materials,Specialty Chemicals,0.20491917361625725,0.1929063411007417,0.24121589987781622,0.13419390905510312,0.4346309731027736,0.9458052139358021,1.2572400267067267,0.09435496118421641,31.558279298862576,,65966763573.01343,0.3144764249195228,232.5845184326172,194.97299194335935
ECL,2023,2023-12-31,Basic Materials,Specialty Chemicals,0.3937928943363496,0.3783943588135873,0.17058435988911955,0.08957454863513531,0.40242947220010183,1.085609158825065,1.2987482166689677,0.0628152664487838,40.673398075621414,,55257387070.20825,0.44982875464548566,194.82557678222656,141.3424072265625
ECL,2022,2022-12-31,Basic Materials,Specialty Chemicals,-0.3543964698835801,-0.36385486060280603,0.15086856179433672,0.07694639056090444,0.3775638224389969,1.247426099694587,1.3049116473494204,0.05086119743015146,37.51827450249139,,40542656928.85327,0.552166346065769,142.9446258544922,224.7044219970703
ECL,2021,2021-12-31,Basic Materials,Specialty Chemicals,0.10356950520955795,0.09384820600096325,0.1564048614379447,0.08873722816910258,0.40188956342131926,1.2673929293208936,1.3191207925250479,0.053281084955485135,57.46916163607936,,63731771914.92993,0.5012832994070272,224.7044219970703,205.42559814453125
ECL,2020,2020-12-31,Basic Materials,Specialty Chemicals,,0.13168505584590462,,,,,,,,,58263812868.517334,,205.4255828857422,181.52186584472656
ED,2024,2024-12-31,Utilities,Utilities - Regulated Electric,0.05106918167138063,0.015457825736954714,0.0828704125307349,0.11929732564237021,0.5353303618248558,1.2669611146525817,1.0359085963003265,0.02579291970182251,16.597658987263685,,31366500348.02044,0.6043956043956044,86.97173309326172,85.6478042602539
ED,2023,2023-12-31,Utilities,Utilities - Regulated Electric,0.03951325680997521,0.004429582575853662,0.11905662160884772,0.17179294823705926,0.5050126167905613,1.1820587957273845,1.011606313834726,0.03797621021844989,12.06706836716312,,31377979830.643578,0.4350932909884875,87.0035629272461,86.619873046875
ED,2022,2022-12-31,Utilities,Utilities - Regulated Electric,0.20230834646860912,0.1619921116852856,0.08024363126601247,0.10593490746649649,0.49042756860242503,1.1802097935901774,1.144318983768525,0.024035329037862884,18.675714910286178,,31387092976.963768,0.6560240963855422,87.0288314819336,74.89623260498047
ED,2021,2021-12-31,Utilities,Utilities - Regulated Electric,0.27650054571279636,0.22961297336512582,0.0671757249089185,0.09842059081602808,0.5606902603100322,1.2657583470579428,1.0228487193661322,0.021325812789150137,19.453566910384538,,27011450991.213493,0.7652303120356612,74.89623260498047,60.9104118347168
ED,2020,2020-12-31,Utilities,Utilities - Regulated Electric,,-0.16993401601897756,,,,,,,,,21967445571.35708,,60.910423278808594,73.38021850585938
EFX,2020,2020-12-31,Industrials,Consulting Services,,0.3899773334384156,,,,,,,,,22826088237.354282,,186.49673461914065,134.17250061035156
EFX,2021,2021-12-31,Industrials,Consulting Services,0.5367402626557073,0.5284164535989688,0.20762191719674145,0.1511403562216942,0.5976969475415829,1.477206784957036,0.48919827172347574,0.06740392540463187,47.34961424159054,,34887768833.27417,0.25530771298038163,285.044677734375,186.49673461914065
EFX,2022,2022-12-31,Industrials,Consulting Services,-0.3118643677615323,-0.31734193273202055,0.17596360419562745,0.13591816016555386,0.574948264417633,1.462732212814356,0.6800813815005955,0.06028801773482625,34.44035892992948,,23816414293.171345,0.27449008905486927,194.5880279541016,285.0446472167969
EFX,2023,2023-12-31,Industrials,Consulting Services,0.25160122930645396,0.24338429352481422,0.12026642553097638,0.10356681607536276,0.5565030768061991,1.2596105070466024,0.6717682020802377,0.04440553745928339,53.892850008877836,,29023119303.296997,0.35173299101412064,237.1285400390625,190.71218872070312
EFX,2024,2024-12-31,Industrials,Consulting Services,0.0431729278189232,0.03671590420603918,0.1259355000104234,0.10633504074915069,0.5566527609089789,1.0445287581563092,0.7510902566933481,0.05137166862254877,52.36352652557625,,31019479670.625805,0.31981460023174973,253.43946838378903,244.46376037597656
EG,2020,2020-12-31,Financial Services,Insurance - Reinsurance,,-0.13032528276062713,,,,,,,,,8919015933.804153,,212.64463806152344,244.5105438232422
EG,2021,2021-12-31,Financial Services,Insurance - Reinsurance,0.22572528008068918,0.1980316419222641,0.13599605522682445,0.1217337570621469,,0.30463510848126235,,0.03611365719523373,7.358607882230286,,10685263303.506226,0.1791153009427121,254.7550048828125,212.64463806152344
EG,2022,2022-12-31,Financial Services,Insurance - Reinsurance,0.2690973096338511,0.24523267465797938,0.07072621727283497,0.04981226533166458,,0.3653595545551475,,0.014937697042486113,20.884092831941246,,13305643784.5719,0.4271356783919598,317.2293701171875,254.75509643554688
EG,2023,2023-12-31,Financial Services,Insurance - Reinsurance,0.13353145036452377,0.11174863604881782,0.19065293137403425,0.17401825221238937,,0.25647629147098927,,0.050952448430130165,5.822349303702338,,14698909082.24835,0.11442193087008343,350.4472045898437,315.2216186523437
EG,2024,2024-12-31,Financial Services,Insurance - Reinsurance,0.06910631195925204,0.04586492029006677,0.0989478235802825,0.08040524713047552,,0.2585038916114154,,0.02436946451074706,11.275700640573374,,15030032983.783356,0.24326292789512016,358.3417663574219,342.627197265625
EIX,2024,2024-12-31,Utilities,Utilities - Regulated Electric,0.20351134304251256,0.15244851933523243,0.0993254095727594,0.08784590033524632,0.41013693959884084,2.4260199164792806,0.8478492712406683,0.01806517954171,22.785378078679663,,29024027428.66353,0.8318240620957309,75.41960144042969,65.44292449951172
EIX,2023,2023-12-31,Utilities,Utilities - Regulated Electric,0.24457794589392767,0.1877183254934115,0.09076833752661119,0.08611825192802057,0.4109438119720896,2.277982065673182,0.7921609676668993,0.017209325081337608,21.292933620440614,,25484101844.070847,0.8670931058990761,66.22102355957031,55.75482177734375
EIX,2022,2022-12-31,Utilities,Utilities - Regulated Electric,0.036483041294703825,-0.01568631999164941,0.05274950387299149,0.0478513356562137,0.355458768873403,2.118686383714231,0.6832898424664153,0.010558552555707897,35.2082633972168,,21678939332.2598,1.3944174757281553,56.33322143554688,57.23096466064453
EIX,2021,2021-12-31,Utilities,Utilities - Regulated Electric,0.1886406793331847,0.1358807828629151,0.05822004028197382,0.06205971150620597,0.3837638376383764,1.8588242698892246,0.6378208851202231,0.012375409726403105,28.615478515625,,22024418518.78076,1.105945945945946,57.23095703125,50.38465118408203
EIX,2020,2020-12-31,Utilities,Utilities - Regulated Electric,,-0.12749405521068868,,,,,,,,,19389730142.51805,,50.38465881347656,57.747066497802734
EL,2021,2021-06-30,Consumer Defensive,Household & Personal Products,,0.6991994663804741,,,,,,,,,70025667256.31102,,298.2162475585937,175.50396728515625
EL,2022,2022-06-30,Consumer Defensive,Household & Personal Products,-0.18100639522512904,-0.19300199919197278,0.4275491949910555,0.13474657495630601,0.757287027118453,1.3676207513416816,1.5989681857265692,0.11429937828790053,36.74196432565005,,56510561915.216675,0.3514644351464435,240.6598663330078,298.2161865234375
EL,2023,2023-06-30,Consumer Defensive,Household & Personal Products,-0.20361501345669744,-0.21998363290327932,0.1801253357206804,0.06323067253299812,0.7131363922061597,1.8207699194270368,1.4645833333333333,0.042963912022207985,67.28267327858981,,44079168797.28881,0.9194831013916501,187.7186584472656,240.65989685058597
EL,2024,2024-06-30,Consumer Defensive,Household & Personal Products,-0.43144110083538545,-0.45292517376181374,0.07339104252916824,0.024987186058431574,0.716555612506407,1.849077907414377,1.389337074710628,0.01799141947686488,95.08902231852213,,24114601650.3349,2.428205128205128,102.6961441040039,187.71864318847656
EL,2025,2025-06-30,Consumer Defensive,Household & Personal Products,-0.19834671866182838,-0.22372866565353614,-0.293143596377749,-0.07908697473125785,0.7397040346223649,2.449417852522639,1.3006439742410303,-0.05695757088276694,,,18900665295.016296,,80.49170684814453,103.69017028808594
ELV,2024,2024-12-31,Healthcare,Healthcare Plans,-0.1924017315039491,-0.20719052882063937,0.1447416192666102,0.03382161642441038,,0.7559482028319012,,0.05115964718664716,14.165192601093993,,80842049352.39728,0.25217391304347825,363.76214599609375,458.8266906738281
ELV,2023,2023-12-31,Healthcare,Healthcare Plans,-0.04179991308215795,-0.05453803533143667,0.1523177123085534,0.034942220147075986,,0.6390881799216405,,0.054962911280846065,18.473448061356933,,103541119711.52798,0.23300484382829464,465.9003601074219,492.7753601074219
ELV,2022,2022-12-31,Healthcare,Healthcare Plans,0.10734875506350473,0.09479907167907149,0.16262450680131335,0.037638494204795814,,0.6653422729906465,,0.0573597391854411,19.444955735858148,,107214502380.39963,0.20851713607058026,482.4293518066406,440.6556091308594
ELV,2021,2021-12-31,Healthcare,Healthcare Plans,0.4776448351398615,0.461172639524229,0.17077093732667775,0.044417515994777806,,0.638685524126456,,0.0631848963677406,17.818665957576197,,97930757482.2537,0.1792789866839883,440.6556091308594,301.5766906738281
ELV,2020,2020-12-31,Healthcare,Healthcare Plans,,0.07743361022745994,,,,,,,,,67022044249.36282,,301.5767517089844,279.9028625488281
EME,2024,2024-12-31,Industrials,Engineering & Construction,1.1172535034386635,1.1127334947999672,0.34283954866071836,0.06914300284303654,0.18982761087444314,0.118773907232873,1.2973920902061526,0.13051882641201493,21.050453895086694,,20278463442.237854,0.04307622040520481,453.0057678222656,214.4169006347656
EME,2023,2023-12-31,Industrials,Engineering & Construction,0.44730414034003985,0.4423315200927805,0.25629590999676893,0.05030599927377476,0.16604625986449995,0.13765164318412423,1.2639347081235406,0.09576712844611747,15.911298905164116,,9480145488.42621,0.05163398073283475,211.7793884277344,146.83128356933594
EME,2022,2022-12-31,Industrials,Engineering & Construction,0.17451625895381523,0.16968462356025707,0.20577840675034165,0.03666644998429053,0.1447793992842259,0.27116790780653927,1.257289028378927,0.07351147330479797,18.1517951871142,,6581667131.408691,0.06694293832887654,147.029541015625,125.70015716552734
EME,2021,2021-12-31,Industrials,Engineering & Construction,0.40627133908151214,0.3992678795974306,0.17027802060658315,0.03872660189547618,0.15163577211473023,0.23989438759857876,1.4358087352031201,0.07048347075391358,17.804555919960606,,5626873601.921082,0.07343063942513271,125.70016479492188,89.83280944824219
EME,2020,2020-12-31,Industrials,Engineering & Construction,,0.06474388954539223,,,,,,,,,4021297657.295227,,89.83279418945312,84.37033081054688
EMN,2024,2024-12-31,Basic Materials,Specialty Chemicals,0.09032520531521909,0.05109321772513531,0.1566014881467382,0.09646130888936261,0.2440844169686634,0.8681432773836304,1.5144017725258494,0.05948859528035233,11.528698499696972,,10154069523.067352,0.41878453038674035,88.42511749267578,84.1268081665039
EMN,2023,2023-12-31,Basic Materials,Specialty Chemicals,0.1855971037876728,0.14097028069921136,0.16379626236716746,0.09706840390879479,0.2237785016286645,0.8878710150238183,1.3513198757763976,0.06109478575821773,11.176862321963139,,9613160782.081879,0.42058165548098436,83.7146987915039,73.37149810791016
EMN,2022,2022-12-31,Basic Materials,Specialty Chemicals,-0.26637548114077797,-0.2978597032404467,0.15389093731806713,0.07495274102079395,0.20198487712665406,0.9996118765767514,1.162103968009843,0.05406695302379491,11.652461975578248,,8496809996.401489,0.48045397225725095,73.99313354492188,105.38226318359376
EMN,2021,2021-12-31,Basic Materials,Specialty Chemicals,0.2736741725190966,0.23539136417864873,0.15024544179523142,0.08180603283696067,0.23864070255822833,0.90445301542777,1.5637832379670145,0.055222630324118824,16.861163330078124,,12101300339.492645,0.43757292882147025,105.38227081298828,85.30274200439453
EMN,2020,2020-12-31,Basic Materials,Specialty Chemicals,,0.3177501889857658,,,,,,,,,9795520490.680115,,85.30274963378906,64.73362731933594
EMR,2024,2024-09-30,Industrials,Specialty Industrial Machinery,0.17898726302719017,0.1560519738654703,0.09095951192457016,0.11250857534873085,0.5079464898239195,0.37890552782399706,1.7749912922326716,0.04447859693531619,31.35941396996857,,60536338165.28321,0.6102642276422764,107.5627899169922,93.043212890625
EMR,2023,2023-09-30,Industrials,Specialty Industrial Machinery,0.3690865028985862,0.3381961609255851,0.6389385663879357,0.8716782063963073,0.48974612594790634,0.413794770167722,2.7462241653418125,0.3092453095026435,4.030359374893296,,51898389541.62598,0.0906271276193358,92.2146224975586,68.9096450805664
EMR,2022,2022-09-30,Industrials,Specialty Industrial Machinery,-0.179832207891152,-0.20490548568008998,0.3117522192203782,0.23406259055346276,0.4568241089539264,1.0310690852952529,1.0937379452230938,0.09057524108544517,12.73745750102891,,38782348251.34277,0.37852058186320026,68.9096450805664,86.66849517822266
EMR,2021,2021-09-30,Industrials,Specialty Industrial Machinery,0.5065234686715163,0.4700561341733239,0.23302640898512597,0.17808536962573462,0.44308691617692547,0.7161792977840736,1.3499839897534422,0.09318227796884483,22.688083748542827,,48777020498.65723,0.5254016500217108,86.6684799194336,58.95589828491211
ENPH,2024,2024-12-31,Technology,Solar,,-0.48024821687295977,0.12323652847004139,0.07716424518352985,0.4728999092742466,1.5704320205134115,3.5253987707755448,0.031590226225629875,91.57333374023438,,8979962992.181969,,68.68000030517578,132.13999938964844
ENPH,2023,2023-12-31,Technology,Solar,,-0.5046799149847694,0.4462436866119574,0.1916093428194515,0.46201958629046974,1.3205838816458322,4.58920572674566,0.12974710110398663,42.610391393884434,,17159731904.275436,,131.24000549316406,264.9599914550781
ENPH,2022,2022-12-31,Technology,Solar,,0.38466160587117193,0.4813166128252741,0.17047921941023308,0.41812804153672495,1.569489312271598,3.547796289361489,0.12883460645596378,91.44765254822877,,33120477482.794243,,253.3099975585937,182.94000244140625
ENPH,2021,2021-12-31,Technology,Solar,,0.0425713863836331,0.33812138513325024,0.10524156524117452,0.4011594379070496,2.4210912945639844,3.325316737760234,0.06995242529058471,179.35294357000612,,23919546365.95575,,182.94000244140625,175.47000122070312
ENPH,2020,2020-12-31,Technology,Solar,,5.71527006721707,,,,,,,,,22942837946.977875,,175.47000122070312,26.1299991607666
EOG,2024,2024-12-31,Energy,Oil & Gas E&P,0.07667064112396908,0.04302152473222521,0.21815270348540083,0.2738899820343913,0.6833775344340833,0.17263466321420054,2.0974971983563693,0.1356970287797228,10.531788465711804,,64690730561.0631,0.32594096517257537,118.4826202392578,113.59556579589844
EOG,2023,2023-12-31,Energy,Oil & Gas E&P,0.03849252229801453,-0.014994583172776257,0.2703453186187255,0.32758174445690624,0.7167630057803468,0.14681381274474903,2.4386352479135986,0.17315365848097225,8.785079956054688,,62355745595.51257,0.44587832499341584,114.20603942871094,115.944580078125
EOG,2022,2022-12-31,Energy,Oil & Gas E&P,0.6350051003964655,0.507426256182869,0.3131280519794988,0.26308829513088294,0.7809575478095755,0.21687719439848258,1.9000544168329403,0.18754683232215805,8.427079470543566,,60826937370.87781,0.6634875628302617,111.40599060058594,73.90476989746094
EOG,2021,2021-12-31,Energy,Oil & Gas E&P,1.011673997254625,0.8862117202091748,0.2102795311091073,0.23712440896842749,0.6843764299150948,0.24116321009918845,2.1237011380504702,0.12197928653624857,9.249656400334402,,40351509443.8103,0.5754716981132075,73.90475463867188,39.18157958984375
EOG,2020,2020-12-31,Energy,Oil & Gas E&P,,-0.38635549080093456,,,,,,,,,21392888650.13385,,39.18158721923828,63.85062789916992
EP,2024,2024-12-31,Energy,Oil & Gas E&P,,-0.30846223267397616,-0.2580728354114281,-0.3678086135031857,0.07874393114240234,0.18927786461997786,0.5806615659803678,-0.13076765111599706,,,257101795.1737976,,7.599999904632568,10.989999771118164
EP,2023,2023-12-31,Energy,Oil & Gas E&P,,-0.153658562115017,-0.3567181859948061,-0.3106374861790588,0.13391363516063381,0.1910436010969074,0.7483123464145416,-0.13463825582070307,,,352161800.2780762,,10.40999984741211,12.300000190734863
EP,2022,2022-12-31,Energy,Oil & Gas E&P,,-0.08383028230483007,0.3048789068940403,0.13297336579595864,0.4467047499602251,0.3444706056120704,1.2902452575556194,0.09901631943219012,37.62135239442108,,374150789.2352905,,11.0600004196167,12.071999549865724
EP,2021,2021-12-31,Energy,Oil & Gas E&P,,6.738461533759003,-1.892889199507065,-0.6725513858850126,0.3536843860021448,0.9600399749729336,1.0882271472854879,-0.371632894786989,,,408385894.02032477,,12.071999549865724,1.559999942779541
EP,2020,2020-12-31,Energy,Oil & Gas E&P,,1.2941175387804906,,,,,,,,,52773525.104278564,,1.559999942779541,0.6800000071525574
EPAM,2020,2020-12-31,Technology,Information Technology Services,,0.6890554294777995,,,,,,,,,19958987680.096954,,358.3500061035156,212.16000366210935
EPAM,2021,2021-12-31,Technology,Information Technology Services,,0.8653551020561107,0.19365876233405988,0.12816219921322866,0.3391160636739838,0.09615872514240384,2.972780383013282,0.13670762627557068,82.0184064057707,,37230599500.94391,,668.4500122070312,358.3500061035156
EPAM,2022,2022-12-31,Technology,Information Technology Services,,-0.5041962639308211,0.1397339758496661,0.08693103692707813,0.3187795381182408,0.06342161269644968,3.691889982782217,0.10461466779375483,46.74471275426437,,18459070328.6633,,331.4200134277344,668.4500122070312
EPAM,2023,2023-12-31,Technology,Information Technology Services,,-0.11142976170700293,0.12016597467336197,0.08892003905733668,0.3057272723396453,0.049539152914914356,4.7933130934734205,0.09582904926402082,41.24929195760668,,16220053906.96939,,291.2200012207031,327.739990234375
EPAM,2024,2024-12-31,Technology,Information Technology Services,,-0.21362746282370018,0.12524292470181536,0.09613764134062615,0.30678117742610944,0.04498333108766616,2.9550947031748795,0.09568163001873708,29.82398052604831,,13023051670.316345,,233.82000732421875,297.3399963378906
EQIX,2020,2020-12-31,Real Estate,REIT - Specialty,,0.24220130893249003,,,,,,,,,63861590855.44702,,652.5545654296875,525.3211059570312
EQIX,2021,2021-12-31,Real Estate,REIT - Specialty,0.21909711104399307,0.2027663402938459,0.045964641692646684,0.07538063611128987,0.47669314480500974,1.3777258800292076,1.841336053211985,0.017915985910231202,141.9295961128221,,76810571918.54895,2.0850215217786805,784.8706665039062,652.5545654296875
EQIX,2022,2022-12-31,Real Estate,REIT - Specialty,-0.1872581897485022,-0.20225612170593105,0.06127256068721218,0.09706732755059892,0.4835467437697921,1.43139254887421,1.7979973867131445,0.023259080889540745,81.63310502312174,,61275177831.40515,1.6340425531914893,626.1259155273438,784.870849609375
EQIX,2023,2023-12-31,Real Estate,REIT - Specialty,0.28467391393746105,0.2619779138065428,0.07758827768436224,0.11834391792867612,0.4836345872007816,1.397549843862599,1.1283997469955724,0.029677498392086,75.77458408477813,,76454865239.45435,1.4189886480908154,781.2359619140625,619.0567626953125
EQIX,2024,2024-12-31,Real Estate,REIT - Specialty,0.21613473994923948,0.19450912045026084,0.06024541691306919,0.09316415180612711,0.4893689986282579,1.4016114725014783,1.626455658405494,0.023229300270770983,109.09796501608456,,90752474628.182,2.0159509202453987,927.3327026367188,776.3295288085938
EQR,2024,2024-12-31,Real Estate,REIT - Residential,0.2549867702904895,0.20812089093658873,0.09378653382298616,0.34758169838140096,0.632709619919815,0.7629676510426853,0.16331870426717351,0.04971787701131065,25.34827625050264,,26330844259.556076,0.9861029453646396,68.94731140136719,57.06987762451172
EQR,2023,2023-12-31,Real Estate,REIT - Residential,0.1503262277763885,0.10095272745653813,0.07536090222579675,0.2906918806220259,0.6358712217689575,0.6947690330393003,0.1704232124705553,0.04169983434628276,26.360761469060726,,22147671889.364468,1.1888829572032873,57.9936752319336,52.675899505615234
EQR,2022,2022-12-31,Real Estate,REIT - Residential,-0.2950588043336533,-0.3264207177536514,0.06953194983209735,0.2840438289253358,0.6407618511395959,0.6922192889762946,0.2554822560037548,0.03842620102558766,25.625874589129197,,20062267014.753933,1.2023269074578684,52.53304290771485,77.99088287353516
EQR,2021,2021-12-31,Real Estate,REIT - Residential,0.6210861293723484,0.573356091828682,0.12166648349220827,0.5409300417167716,0.6149378428626333,0.7899433205890161,0.4968395501030956,0.06296163381578017,22.0313228456314,,29784566633.117653,0.6779142439134186,77.99088287353516,49.56975936889648
EQR,2020,2020-12-31,Real Estate,REIT - Residential,,-0.23607968220427167,,,,,,,,,18930596245.764587,,49.56976318359375,64.88865661621094
EQT,2024,2024-12-31,Energy,Oil & Gas E&P,0.22803943793573542,0.2141355825972455,0.011194347232603676,0.044153298078661224,0.14691512682796803,0.4547152225489265,0.6965853614939211,0.005788991308240432,101.55030144585503,,28518249294.677734,1.4163641646825138,45.697635650634766,37.63800048828125
EQT,2023,2023-12-31,Energy,Oil & Gas E&P,0.1810914543028788,0.16979548632178754,0.11745809980234478,0.3422560474573677,0.18571643844100433,0.3954114883708337,0.988283321223071,0.06862666697989464,8.978938604418136,,23646484479.98047,0.13158989691292,37.89112091064453,32.3912353515625
EQT,2022,2022-12-31,Energy,Oil & Gas E&P,0.4986209846504972,0.4827409997528043,0.15851144518215035,0.14587103905146204,0.6638288931019262,0.5114725708916396,1.075617460921382,0.07811957568807239,6.9558722787796095,,19013183512.695312,0.11498194487186364,30.466720581054688,20.54756736755371
EQT,2021,2021-12-31,Energy,Oil & Gas E&P,0.7159715602970638,0.7159715602970638,-0.11479399358879765,-0.16707548059455782,0.43796611111151723,0.564457837921405,0.4409293744737277,-0.052886864437293395,,,12822995891.357424,,20.54756546020508,11.97430419921875
EQT,2020,2020-12-31,Energy,Oil & Gas E&P,,0.17271853564863957,,,,,,,,,7472732770.935059,,11.974305152893066,10.210723876953123
ERIE,2020,2020-12-31,Financial Services,Insurance Brokers,,0.523915797098957,,,,,,,,,10366751356.714052,,224.4416656494141,147.27957153320312
ERIE,2021,2021-12-31,Financial Services,Insurance Brokers,-0.18119199098032315,-0.19979000624719187,0.22187328209475313,0.11157443339995984,,0.06989462769594734,,0.1328512165390978,31.564229150648064,,8295578038.393066,0.6472873161888135,179.6004638671875,224.4416656494141
ERIE,2022,2022-12-31,Financial Services,Insurance Brokers,0.32255948734832784,0.2976339165670869,0.2061359782602692,0.10471688782485422,,0.0,,0.1333221103696612,40.815347380897,,10764622505.589478,0.6925434321714579,233.05563354492188,179.60044860839844
ERIE,2023,2023-12-31,Financial Services,Insurance Brokers,0.3940611834915739,0.3738217992452797,0.26825331436973604,0.1347935583533985,,,,0.1804480162332461,38.19104962723476,,15046996669.54834,0.49696117795548145,325.7696533203125,237.12657165527344
ERIE,2024,2024-12-31,Financial Services,Insurance Brokers,0.26250582332572314,0.24671763802055607,0.30208156162913924,0.15542496331300404,,,,0.20782077494604678,35.36983583031631,,18754873156.579838,0.3956396152680097,406.0457153320313,325.6918029785156
ES,2024,2024-12-31,Utilities,Utilities - Regulated Electric,0.023249345053175597,-0.024604907136719034,0.053968489540165435,0.0682014978981681,0.5169232612673642,1.935906829181269,0.7552604487723995,0.013619589140472945,24.412914729853558,,20566207419.965275,1.2431507060283151,55.41731643676758,56.81525039672852
ES,2023,2023-12-31,Utilities,Utilities - Regulated Electric,-0.17555872874299322,-0.2092064273539708,-0.03120102791809053,-0.03712962414903232,0.4069247790118217,1.8875815478204574,0.6698829926591885,-0.007952205489995954,,,21775079616.51576,,58.67472076416016,74.197265625
ES,2022,2022-12-31,Utilities,Utilities - Regulated Electric,-0.016380248127453572,-0.04629257034099227,0.09079432912143727,0.11431659122998997,0.44021369421423584,1.4825690398818392,0.6211240214593216,0.02639209556855135,18.403346685715665,,27660533411.91423,0.6175296734584927,74.53355407714844,78.15138244628906
ES,2021,2021-12-31,Utilities,Utilities - Regulated Electric,0.11217681392586791,0.08185251980156402,0.08359863297169477,0.12374698180133295,0.4817008065934746,1.3848802768029576,0.5592779524815894,0.02516958210798021,22.07666601838365,,29003170104.723053,0.666071295432219,78.15139770507812,72.23849487304688
ES,2020,2020-12-31,Utilities,Utilities - Regulated Electric,,0.04449081750518939,,,,,,,,,26808802099.978363,,72.23849487304688,69.16144561767578
ESS,2024,2024-12-31,Real Estate,REIT - Residential,0.22500055641350222,0.18359660417145643,0.1339201444235789,0.4178883597734509,0.6805686268984756,1.2017400613973588,0.6641997277947226,0.057360672044460125,23.864981454621155,,17736989123.90497,0.8367465833785107,275.4018859863281,232.6822204589844
ESS,2023,2023-12-31,Real Estate,REIT - Residential,0.27700657968690456,0.2292305584326651,0.07483754540596221,0.24309705012893892,0.6812929234842563,1.156393089405257,1.8787827245538689,0.032829947545700025,37.103394617008256,,15102321568.951202,1.4463771330006776,234.4934539794922,190.7644195556641
ESS,2022,2022-12-31,Real Estate,REIT - Residential,-0.3507208584233681,-0.3793902367626284,0.07142904625521222,0.2541146641739492,0.6902335926871437,1.0543190681082337,0.6629807186700832,0.0330007383068083,30.337368662467604,,12250630463.423157,1.385998555037165,190.21530151367188,306.4974365234375
ESS,2021,2021-12-31,Real Estate,REIT - Residential,0.5659173590468894,0.5240057280093863,0.08151257265454519,0.33914266436014984,0.8387803042714063,1.0608118355520044,0.8518672671262766,0.037587226771641793,40.81191305472911,,19739669610.253845,1.1111565968142723,306.4974670410156,201.11306762695312
ESS,2020,2020-12-31,Real Estate,REIT - Residential,,-0.18092104097940861,,,,,,,,,12952490431.933777,,201.11306762695312,245.5356292724609
ETN,2020,2020-12-31,Industrials,Specialty Industrial Machinery,,0.2987817555926638,,,,,,,,,43099224436.187744,,110.70954132080078,85.2410659790039
ETN,2021,2021-12-31,Industrials,Specialty Industrial Machinery,0.49530509940119777,0.467021525857768,0.13062816060439894,0.10923170980232322,0.322753209700428,0.5432279290806068,1.0414586799778147,0.06300878713962442,30.41446985823385,,63227485638.427734,0.5685634328358209,162.41326904296875,110.70953369140624
ETN,2022,2022-12-31,Industrials,Specialty Industrial Machinery,-0.04654924956113365,-0.067094115942688,0.14450052823101303,0.11863916730917502,0.3318716268311488,0.5349219391947412,1.3751572327044026,0.070314731250357,24.676916265332352,,58985282302.856445,0.5276198212835094,151.51626586914062,162.41323852539062
ETN,2023,2023-12-31,Industrials,Specialty Industrial Machinery,0.5732799933145919,0.5497821125386815,0.1690481193528052,0.13873081565787204,0.3635971719261942,0.5149191006513973,1.5070349812830772,0.0837323064113239,29.13046667997974,,90950735241.69922,0.4285270354257303,233.6263427734375,150.74786376953125
ETN,2024,2024-12-31,Industrials,Specialty Industrial Machinery,0.4114741290520752,0.3951131748968575,0.2052141929900476,0.15250422059651098,0.38198408232173003,0.5312094331458244,1.501972763141148,0.09885099398139705,34.58470394736842,,127906339843.75,0.3953610964681075,328.5546875,235.50396728515625
ETR,2024,2024-12-31,Utilities,Utilities - Regulated Electric,0.6066196848253049,0.559558534307743,0.07018919620385282,0.08932786168080835,0.48303490009346234,1.9127628794354725,0.7193929606382681,0.016378815803023528,30.299153230628185,,33138251123.674026,0.9423229147819794,74.23292541503906,47.59867858886719
ETR,2023,2023-12-31,Utilities,Utilities - Regulated Electric,-0.00601538986135599,-0.047407133442558,0.16116570415428888,0.19447022954354393,0.43873015914830255,1.7906057500224968,0.5723244866092226,0.03956743097159833,8.699232909056517,,21552961374.900753,0.3964390786983927,48.28074264526367,50.683502197265625
ETR,2022,2022-12-31,Utilities,Utilities - Regulated Electric,0.043868315577887965,0.004507996315663724,0.0843823462340558,0.07970932206412895,0.38326505130651267,2.058160350131153,0.6429170381667356,0.01872402805206318,18.31107823320385,,21947811272.673817,0.7838539910202728,49.16524505615234,48.944602966308594
ETR,2021,2021-12-31,Utilities,Utilities - Regulated Electric,0.21372987224304998,0.17119868904211513,0.09613231059755867,0.09526772612139288,0.4148777269252832,2.327182012572693,0.5853248285908216,0.01881647065654289,17.669529002496052,,21849311236.933548,0.7092406582886319,48.94459533691406,41.7901725769043
ETR,2020,2020-12-31,Utilities,Utilities - Regulated Electric,,-0.13729448214670883,,,,,,,,,18655508627.57427,,41.790164947509766,48.44082260131836
ETSY,2024,2024-12-31,Consumer Cyclical,Internet Retail,,-0.3474398840445033,-0.39965026763618344,0.10799328569414157,0.7241942904186542,-3.1464224250394666,1.9961886175732544,0.1254376945481437,22.506382718999333,,5241852101.028931,,52.88999938964844,81.05000305175781
ETSY,2023,2023-12-31,Consumer Cyclical,Internet Retail,,-0.32309231376391706,-0.5656787103537699,0.11190895572186785,0.6984856880988307,-4.3947950672686975,2.2094653627488636,0.11453340284501377,36.1964293888637,,8035722874.913208,,81.08000183105469,119.77999877929688
ETSY,2022,2022-12-31,Consumer Cyclical,Internet Retail,,-0.4813190997886043,1.2686296078381214,-0.2705603927499629,0.709836402244486,-4.367227385185483,2.396091839399767,-0.2634908068848078,,,11254768740.115725,,113.55999755859376,218.94000244140625
ETSY,2021,2021-12-31,Consumer Cyclical,Internet Retail,,0.23062221311187175,0.7850653575536215,0.21188615069936464,0.718986704815651,3.7989927125969785,2.179218893155812,0.12879217100852364,64.39411836511948,,21698830119.884277,,218.94000244140625,177.91000366210938
ETSY,2020,2020-12-31,Consumer Cyclical,Internet Retail,,3.0160272398667045,,,,,,,,,17632405695.826416,,177.91000366210938,44.29999923706055
EVRG,2020,2020-12-31,Utilities,Utilities - Regulated Electric,,-0.11670087886369512,,,,,,,,,10555225741.147865,,45.8613166809082,51.92048263549805
EVRG,2021,2021-12-31,Utilities,Utilities - Regulated Electric,0.32709592227980333,0.27992498255945153,0.09516031327073687,0.1574632609590635,0.4710831080960137,1.2078122971745056,0.5511940442811564,0.03084448028610999,15.326123947263074,,13509899370.128517,0.5659884051381152,58.69905471801758,45.861324310302734
EVRG,2022,2022-12-31,Utilities,Utilities - Regulated Electric,-0.0093344952680681,-0.048920277207495616,0.07936775730991069,0.1284668293765254,0.4488061306343978,1.269135464006664,0.5272196462304654,0.025523992960301663,17.072626283044844,,12848993017.940804,0.7105088348611664,55.82748794555664,58.69906234741211
EVRG,2023,2023-12-31,Utilities,Utilities - Regulated Electric,-0.06800358921640444,-0.11233390835377667,0.07567964731814843,0.13276569478232453,0.5020696416252133,1.3605468224482826,0.5093378124466207,0.02360852399107699,15.632861645815877,,11405616193.171852,0.7788869137153015,49.55617141723633,55.82749176025391
EVRG,2024,2024-12-31,Utilities,Utilities - Regulated Electric,0.28771152053298643,0.2341624413636782,0.08774485183324962,0.14938518632531253,0.5189745694594086,1.4133098945253642,0.5022116644823067,0.027058338831736473,15.765804602791578,,13752332256.420753,0.6831139095592444,59.75239944458008,48.41534423828125
EW,2020,2020-12-31,Healthcare,Medical Devices,,0.17317501841532815,,,,,,,,,53561134970.85571,,91.2300033569336,77.76333618164062
EW,2021,2021-12-31,Healthcare,Medical Devices,,0.42003724964142347,0.25756095889237307,0.28726230291447685,0.7613186813186813,0.11828509741428057,3.081177952145694,0.1767812198621598,54.43277439149488,,76058806791.68701,,129.5500030517578,91.2300033569336
EW,2022,2022-12-31,Healthcare,Medical Devices,,-0.42670787422989054,0.262093788210171,0.3409274193548387,0.8378808243727599,0.11905212943668521,3.0279733959311423,0.1835272836900814,30.43852321437148,,43603915029.14429,,74.2699966430664,129.5500030517578
EW,2023,2023-12-31,Healthcare,Medical Devices,,0.012866895545092166,0.2108872180451128,0.2799201596806387,0.8047105788423153,0.10302255639097745,3.37602476158608,0.14977785372522215,32.85652160644531,,44367146820.8313,,75.56999969482422,74.61000061035156
EW,2024,2024-12-31,Healthcare,Medical Devices,,-0.029114770107581966,0.4175268042886862,0.7674602445077673,0.7945583233753102,0.07001120179228676,4.175790592612278,0.3197628549324795,10.621233684260671,,43463012283.325195,,74.02999877929688,76.25
EXC,2024,2024-12-31,Utilities,Utilities - Regulated Electric,0.13715573779141035,0.09217330766159475,0.09137847776828498,0.1068264721208963,0.4084158415841584,1.7328108168344416,0.8723337842055977,0.02282342462703184,14.968165009538392,,37002716751.24578,0.6195121951219512,36.63681411743164,33.54487228393555
EXC,2023,2023-12-31,Utilities,Utilities - Regulated Electric,-0.08958289643624888,-0.12597335087673125,0.09039021549213745,0.10714778846596401,0.4108712661665209,1.708716754028344,0.8167861832138168,0.02285579641847314,14.623456899307012,,34417822130.85883,0.6155498281786942,34.07748031616211,38.98906326293945
EXC,2022,2022-12-31,Utilities,Utilities - Regulated Electric,0.11783823495786164,0.08115326003657669,0.08769802780472033,0.11374357899150854,0.42100849145612745,1.6185741998060135,0.691358024691358,0.02275849772939412,18.714387600238506,,39314690877.76265,0.6147465437788019,38.925926208496094,36.00407791137695
EXC,2021,2021-12-31,Utilities,Utilities - Regulated Electric,0.4730725668434833,0.41482769374976436,0.04960311691332538,0.09510536291671312,0.3905675103133014,1.0042741255488035,0.8663025262243188,0.012825814018178673,20.69200099199668,,36363665075.47255,0.8774912075029309,36.00408172607422,25.44767951965332
EXC,2020,2020-12-31,Utilities,Utilities - Regulated Electric,,-0.03865057153891826,,,,,,,,,25701836829.42964,,25.447683334350582,26.47079467773437
EXE,2020,2020-12-31,Energy,Oil & Gas E&P,,,,-1.8683301343570058,0.11900191938579655,,,,,,,,,
EXE,2021,2021-12-31,Energy,Oil & Gas E&P,,,,,,0.40680655968964907,0.8594196975888844,,,,12533247381.969547,,52.62849044799805,
EXE,2022,2022-12-31,Energy,Oil & Gas E&P,0.5783870741246444,0.4816842903039407,0.5409907935116177,0.43135541379009,0.7127501529319235,0.34842174484875055,0.9977810650887574,0.3191104215153866,2.337494399621904,,18570317098.39878,0.24554294975688817,77.97881317138672,52.62849426269531
EXE,2023,2023-12-31,Energy,Oil & Gas E&P,-0.12323921888924344,-0.1471740368936998,0.22546369652344114,0.31112540192926047,0.6481028938906752,0.1968496598005406,1.9855403348554033,0.16826655537006122,4.306418055901854,,17352387804.053497,0.20132286068623398,72.86459350585938,85.43899536132812
EXE,2024,2024-12-31,Energy,Oil & Gas E&P,0.35412685301869445,0.33175228578717864,-0.040649017933390263,-0.1691542288557214,0.2703150912106136,0.3274124679760888,0.6394492475184118,-0.025596902559690257,,,23094072906.026836,,96.9745635986328,72.81726837158203
EXPD,2024,2024-12-31,Industrials,Integrated Freight & Logistics,-0.10653908998371629,-0.11858695668784164,0.3644033410525899,0.07641826835771658,0.12726174152859554,0.2559306922319807,1.7710248331335565,0.17038177642961616,19.233110067727683,,14930854414.985657,0.25193655386613306,110.01338958740234,124.8147964477539
EXPD,2023,2023-12-31,Industrials,Integrated Freight & Logistics,0.2521538158093621,0.23738239247820614,0.31496768255694774,0.08095420376748232,0.1339205665309335,0.2207764553308093,2.0154727847492273,0.16642678769152278,24.889631138114396,,16923699346.068115,0.2683404991213774,124.69705200195312,100.77487182617188
EXPD,2022,2022-12-31,Industrials,Integrated Freight & Logistics,-0.19658601906893614,-0.20882872344815723,0.43645975380873636,0.0795135855041718,0.12718024022094648,0.16670787753523209,2.199559894939522,0.24280744571888335,12.324793633190827,,13816524724.929197,0.15750637800676145,101.80279541015624,128.67352294921875
EXPD,2021,2021-12-31,Industrials,Integrated Freight & Logistics,0.44101805738963323,0.42504319997242096,0.4050713908378658,0.08566529752715478,0.13105030847851581,0.1338302771327823,1.780600150766297,0.1860059403970786,15.559071698817261,,17463380097.854004,0.13830244183647805,128.67352294921875,90.29447174072266
EXPD,2020,2020-12-31,Industrials,Integrated Freight & Logistics,,0.2347000944980202,,,,,,,,,12254632068.832703,,90.29447174072266,73.13069152832031
EXPE,2024,2024-12-31,Consumer Cyclical,Travel Services,,0.2275511559529038,0.7925497752087347,0.09013220363742605,0.894602293477467,4.194605009633912,0.7211079274116523,0.05511881365016973,20.686766555189422,,21882866552.783432,,185.1465606689453,150.82594299316406
EXPE,2023,2023-12-31,Consumer Cyclical,Travel Services,0.6981737722085984,0.6981737722085984,0.5195567144719687,0.062076485707609624,0.8774826699898746,4.28096479791395,0.7833319188661632,0.036826540985121524,27.837137628185324,,17470593577.414352,0.0,147.81520080566406,87.04362487792969
EXPE,2022,2022-12-31,Consumer Cyclical,Travel Services,-0.5148295730514586,-0.5148295730514586,0.15418309242225142,0.03017056655524128,0.8579754864146739,2.8699080157687256,0.8156429764334756,0.016325773387134177,40.14890468614991,,10297267586.71312,0.0,87.12312316894531,179.57220458984375
EXPE,2021,2021-12-31,Consumer Cyclical,Travel Services,0.36926356223718615,0.36495467275785254,0.00583373845405931,0.0013956734124214933,0.8229820888578739,4.282936315021876,0.8657142857142858,0.0005568962316688324,,,21224021528.841614,5.583333333333333,179.57220458984375,131.55909729003906
EXPE,2020,2020-12-31,Consumer Cyclical,Travel Services,0.23860862304533825,0.22888769209795162,,,,,,,,,15549250061.146042,,131.55909729003906,107.05542755126952
EXR,2024,2024-12-31,Real Estate,REIT - Industrial,0.015371434231599033,-0.02813520384190932,0.06127828322352301,0.26242146678039435,0.7219897927539729,0.9340618969588533,0.9314158572695502,0.029627121201018056,35.90821675568005,,30715244143.9841,1.6087908822121937,144.71011352539062,148.89942932128906
EXR,2023,2023-12-31,Real Estate,REIT - Industrial,0.20521206395973338,0.16751558429814506,0.05581282810182892,0.3137193173775625,0.7379507578183955,0.7819696182058118,0.8548474742710238,0.029253727255370742,32.21081439955828,,32406724313.70038,1.3027186322675106,152.67926025390625,130.7727813720703
EXR,2022,2022-12-31,Real Estate,REIT - Industrial,-0.3218679889507807,-0.34135979002631267,0.26404736536449136,0.44730351268339075,0.7563094736951517,2.319457589389118,0.6689337788167887,0.07073687864794767,20.000773175458267,,27211964870.703735,0.9356596118454074,128.2049560546875,194.6509704589844
EXR,2021,2021-12-31,Real Estate,REIT - Industrial,1.0390579138815927,1.0098220422465038,0.26557037134012046,0.5247045383367926,0.7476191261105567,1.9865589431207356,0.8339081103625887,0.07901578284051795,31.446039695924625,,41315374603.30684,0.7261459870065692,194.65098571777344,96.84986114501952
EXR,2020,2020-12-31,Real Estate,REIT - Industrial,,0.13637982706926638,,,,,,,,,20556735991.61207,,96.8498764038086,85.22667694091797
Etsy,2024,2024-12-31,Consumer Cyclical,Internet Retail,,-0.3474398840445033,-0.39965026763618344,0.10799328569414157,0.7241942904186542,-3.1464224250394666,1.9961886175732544,0.1254376945481437,22.506382718999333,,5241852101.028931,,52.88999938964844,81.05000305175781
Etsy,2023,2023-12-31,Consumer Cyclical,Internet Retail,,-0.32309231376391706,-0.5656787103537699,0.11190895572186785,0.6984856880988307,-4.3947950672686975,2.2094653627488636,0.11453340284501377,36.1964293888637,,8035722874.913208,,81.08000183105469,119.77999877929688
Etsy,2022,2022-12-31,Consumer Cyclical,Internet Retail,,-0.4813190997886043,1.2686296078381214,-0.2705603927499629,0.709836402244486,-4.367227385185483,2.396091839399767,-0.2634908068848078,,,11254768740.115725,,113.55999755859376,218.94000244140625
Etsy,2021,2021-12-31,Consumer Cyclical,Internet Retail,,0.23062221311187175,0.7850653575536215,0.21188615069936464,0.718986704815651,3.7989927125969785,2.179218893155812,0.12879217100852364,64.39411836511948,,21698830119.884277,,218.94000244140625,177.91000366210938
Etsy,2020,2020-12-31,Consumer Cyclical,Internet Retail,,3.0160272398667045,,,,,,,,,17632405695.826416,,177.91000366210938,44.29999923706055
F,2024,2024-12-31,Consumer Cyclical,Auto Manufacturers,-0.05667465127037838,-0.13101691855516034,0.13112523698003792,0.03177975263795191,0.08381984085798305,3.5878666220586597,1.1648433917592342,0.020613893602995835,6.386048173251217,,36446147621.05391,0.5303623065147134,9.323630332946776,10.729357719421388
F,2023,2023-12-31,Consumer Cyclical,Auto Manufacturers,0.29329428504094923,0.15535705590389876,0.10162953264910107,0.024672088812708937,0.09171864624186253,3.5327659972412504,1.1964917118909495,0.01590501628187772,9.910141980206525,,41837932589.65689,1.1490683229813665,10.702953338623049,9.26376247406006
F,2022,2022-12-31,Consumer Cyclical,Auto Manufacturers,-0.387238758056387,-0.4193163883999027,-0.04581194209333518,-0.0125334531213423,0.10859373517148876,3.248554645946071,1.2024446142093201,-0.007741789248253115,,,36367816550.402245,,9.30359172821045,16.021791458129883
F,2021,2021-12-31,Consumer Cyclical,Auto Manufacturers,1.3900909692252603,1.374809812760411,0.36969022444815436,0.13155983893326292,0.12056534718096537,2.8748531503122488,1.2013623287444752,0.06978427062462311,3.600402574860648,,62629314524.97729,0.022467525227184034,16.021791458129883,6.746557712554932
F,2020,2020-12-31,Consumer Cyclical,Auto Manufacturers,,-0.038765033910606726,,,,,,,,,26372342105.9867,,6.746555805206299,7.018633365631104
FANG,2024,2024-12-31,Energy,Oil & Gas E&P,0.1409648428719857,0.10346566819816955,0.08845664617341531,0.3028213734917899,0.4510568810668602,0.35321708713165145,0.438578258158387,0.049604707840456515,10.328682176696818,,46434857288.54065,0.47273816656680645,160.40443420410156,145.36422729492188
FANG,2023,2023-12-31,Energy,Oil & Gas E&P,0.25255757178250476,0.21149628784807592,0.18905263157894736,0.3769037054802734,0.5753687492505096,0.40908270676691727,0.7689753320683111,0.10837557325609462,8.487502541371558,,42604625867.18567,0.4594336621062679,147.1732940673828,121.48059844970705
FANG,2022,2022-12-31,Energy,Oil & Gas E&P,0.3604428218473561,0.2999454746741975,0.2922246652008795,0.4584988500940832,0.700501777127326,0.42501165967086413,0.8111888111888111,0.16734709450951962,4.7413496988568555,,33778576775.25574,0.35841313269493846,116.6846160888672,89.76116180419922
FANG,2021,2021-12-31,Energy,Oil & Gas E&P,1.3024150616316388,1.2750977151219258,0.18050959629384514,0.32340299392322513,0.6328738698680895,0.560307743216413,1.0055632823365785,0.09529216525460739,7.297654190683752,,25984606040.18219,0.14298808432630614,89.76114654541016,39.45375442504883
FANG,2020,2020-12-31,Energy,Oil & Gas E&P,,-0.4600047365779728,,,,,,,,,11421315392.242126,,39.453758239746094,73.06315612792969
FAST,2024,2024-12-31,Industrials,Industrial Distribution,0.1602182101600751,0.13525761375237141,0.3181705057655615,0.15247813411078717,0.4508216273522396,0.13422558969112075,4.67457429777325,0.2449127288207748,35.39006805419922,,40629062294.84167,0.7763775421519208,35.39006805419922,31.17360115051269
FAST,2023,2023-12-31,Industrials,Industrial Distribution,0.42659205728111654,0.38644495777315185,0.3448996655518395,0.15721344277022337,0.4565995617079777,0.15975871954132823,4.5681233933161955,0.25880033162293575,30.28358044010578,,35114298426.06852,0.8803463203463203,30.58641624450684,22.061038970947266
FAST,2022,2022-12-31,Industrials,Industrial Distribution,-0.22086831190356393,-0.2421173703026763,0.34360773899848257,0.15570294817064437,0.46067673265908377,0.2535723318158826,3.9564446695365914,0.23895264476981928,23.384487818157865,,25369684829.24518,0.6544300303615788,22.09834098815918,29.15799903869629
FAST,2021,2021-12-31,Industrials,Industrial Distribution,0.3663505256031538,0.3405718534040741,0.3040562750640983,0.15388710509241543,0.4620273170407094,0.20932220103872198,4.187335092348285,0.21516631774831357,36.44749402999878,,33474420069.898277,0.6958918918918919,29.157995223999023,21.750415802001957
FAST,2020,2020-12-31,Industrials,Industrial Distribution,,0.366023839298768,,,,,,,,,24970256477.005463,,21.750417709350582,15.922429084777832
FCX,2024,2024-12-31,Basic Materials,Copper,-0.07957778634931298,-0.09412807619089034,0.10744553779648484,0.07420938911805146,0.3009231978000393,0.5538934076559923,2.4192139737991267,0.03444063593932322,28.852389408991886,,53853168742.78393,0.4579142403388036,37.50810623168945,41.4055290222168
FCX,2023,2023-12-31,Basic Materials,Copper,0.1405441649514352,0.12404077365285165,0.1107050859641766,0.08085758039816232,0.313279369940932,0.590247409093632,2.4187446259673258,0.03519597760255971,31.98332190513611,,58778657677.81123,0.466991341991342,40.93865203857422,36.42096710205078
FCX,2022,2022-12-31,Basic Materials,Copper,-0.06004231108883042,-0.07538691346728853,0.22295081967213115,0.15223880597014924,0.3375768217734855,0.7040822886531661,2.460677698975571,0.06787622570606541,15.20681500933659,,52182188445.71899,0.2497116493656286,36.34428787231445,39.30756378173828
FCX,2021,2021-12-31,Basic Materials,Copper,0.6235678694717425,0.6141012163588682,0.30801144492131616,0.18848763405559205,0.3858612387831035,0.6987839771101574,2.516972165648337,0.08966723585023531,13.554333653943292,,56436788825.41871,0.07686948444031584,39.30756759643555,24.35260391235352
FCX,2020,2020-12-31,Basic Materials,Copper,,0.9905880419692662,,,,,,,,,34964844269.948044,,24.35260772705078,12.23387622833252
FDS,2021,2021-08-31,Financial Services,Financial Data & Stock Exchanges,0.10498752520992542,0.09558139721473174,0.3931606439888503,0.25108627693699753,0.5058578838728326,0.852155697872688,2.9571213632980156,0.1795958542702275,,,13735580410.489746,0.2951199979979479,366.709228515625,334.716552734375
FDS,2022,2022-08-31,Financial Services,Financial Data & Stock Exchanges,0.15831873109434227,0.14915028132549604,0.2981182327280593,0.21526043824692553,0.5275721137680515,1.6675812373066707,1.9857924145594097,0.09887564597109587,41.112593487995426,,15784248720.016296,0.31728043898346503,421.4040832519531,366.7092895507813
FDS,2023,2023-08-31,Financial Services,Financial Data & Stock Exchanges,0.024855554715140192,0.016074584996793297,0.28900816701956256,0.22448870970526125,0.5333391192937165,1.1358027816016742,1.5903632620273371,0.11813833328034214,35.59251438055253,,16037972806.225891,0.29604654689612603,428.1779479980469,421.404052734375
FDS,2024,2024-08-31,Financial Services,Financial Data & Stock Exchanges,-0.001678756516283208,-0.011093211129352347,0.28085607019231773,0.24380950824672637,0.540663060766499,0.8233202263053868,1.2530214401573458,0.13245886600378787,30.375681259407575,,15826261348.367249,0.28050587757807294,422.5257263183594,427.2654724121094
FDS,2025,2025-08-31,Financial Services,Financial Data & Stock Exchanges,,-0.11909785410433983,,,,,,,23.722186809184084,,13816889717.772217,,368.8800048828125,418.7525329589844
FDX,2025,2025-05-31,Industrials,Integrated Freight & Logistics,-0.10095924903417947,-0.12406676895013802,0.14575764052147894,0.04653913518185747,0.21603393762937015,1.3327634109852533,1.193043929660632,0.046697935567804445,12.796773916195718,,50757268657.19385,0.3272238514173998,215.11376953125,245.58238220214844
FDX,2024,2024-05-31,Industrials,Integrated Freight & Logistics,0.21865969955720474,0.19274500335416953,0.15702269596113408,0.04938820658433398,0.2161175920540978,1.3675222971503154,1.3633096218644702,0.049777604100819474,14.269748224483399,,57946500605.59151,0.2906949896097899,245.58236694335932,205.89678955078125
FDX,2023,2023-05-31,Industrials,Integrated Freight & Logistics,0.016961294845657247,-0.007019341204946576,0.15225390984360626,0.044057456602517885,0.2125894293161777,1.4693345599509353,1.3697924333873104,0.045580253147125986,13.343063867061325,,48736748805.807816,0.29632426988922456,206.55062866210932,208.0107269287109
FDX,2022,2022-05-31,Industrials,Integrated Freight & Logistics,-0.2665201535773119,-0.27818247071205,0.15341433096756085,0.04091453503293695,0.21566216100607408,1.4913990135931674,1.4267199103264676,0.044491476149498804,14.51575205364347,,49081266965.409096,0.20726607422895976,208.0107269287109,288.17633056640625
FDX,2021,2021-05-31,Industrials,Integrated Freight & Logistics,,1.4107985868245962,,,,,,,,,67141454783.53821,,284.5513916015625,118.0320053100586
FE,2024,2024-12-31,Utilities,Utilities - Regulated Electric,0.18177009654467952,0.13242625136291433,0.07852268165395423,0.07259501187648457,0.6751781472684085,1.9287836210357285,0.5555333199919952,0.018791791560986856,22.678797104779413,,22261205217.706787,0.9918200408997955,38.553955078125,34.04544448852539
FE,2023,2023-12-31,Utilities,Utilities - Regulated Electric,-0.02824546738348494,-0.07024817482470709,0.10558589633036312,0.08562548562548562,0.639005439005439,2.3867011593369742,0.47679168213887857,0.022597248139110463,18.08993419011434,,20054782296.774376,0.822141560798548,34.73267364501953,37.356929779052734
FE,2022,2022-12-31,Utilities,Utilities - Regulated Electric,0.09340318018904438,0.05011851657819655,0.039937045052134565,0.0325868849827434,0.6313508307247773,2.130041314184537,0.6101566447700859,0.008805413377288107,52.728314466879404,,21616330594.20804,2.1945812807881775,37.437103271484375,35.650360107421875
FE,2021,2021-12-31,Utilities,Utilities - Regulated Electric,0.47653756996381436,0.4180510467908307,0.1478962536023055,0.11525332375134746,0.6905318002155947,2.7497406340057635,0.733016304347826,0.028240007043493574,15.170369249709108,,20584662472.833366,0.661730319563523,35.650367736816406,25.14039802551269
FE,2020,2020-12-31,Utilities,Utilities - Regulated Electric,,-0.34181882388917734,,,,,,,,,14516161342.903875,,25.1403923034668,38.1967658996582
FFIV,2024,2024-09-30,Technology,Software - Infrastructure,,0.3665135769039089,0.18111522481464368,0.2012620200843714,0.8019803843586211,0.07974875518393751,1.416082134564224,0.10097587673196029,23.057591303480855,,12649866658.68515,,220.1999969482422,161.13999938964844
FFIV,2023,2023-09-30,Technology,Software - Infrastructure,,0.119049343570523,0.14104117087441326,0.14039256084508253,0.78909621142562,0.10034382865419722,1.2552938963769902,0.07525208480483231,24.7267185822698,,9304144038.89267,,161.9600067138672,144.72999572753906
FFIV,2022,2022-09-30,Technology,Software - Infrastructure,,-0.271908659742819,0.13048313917742482,0.11950241946402705,0.7998301089268857,0.26920896014464285,1.0392798503873202,0.061059164996586555,27.462997291753144,,8314328668.65921,,144.72999572753906,198.77999877929688
FFIV,2021,2021-09-30,Technology,Software - Infrastructure,,0.6191252277803433,0.14034368931956565,0.12723321973898907,0.810577333779926,0.3030565461676552,1.1577928419642594,0.06628425863669836,37.224718872527504,,11419348382.47406,,198.77999877929688,122.7699966430664
FHN,2024,2024-12-31,Financial Services,Banks - Regional,0.5309467616325848,0.4768065575369561,0.08790834845735027,0.25032299741602065,,0.2540834845735027,,0.009433732593241796,14.481115341186522,,9847158432.006836,0.46580645161290324,19.694316864013672,13.335745811462402
FHN,2023,2023-12-31,Financial Services,Banks - Regional,-0.348634811664089,-0.38196859761630153,0.09971098265895954,0.284310618066561,,0.16407292129835482,,0.0109844356547189,8.83692642310997,,6804433345.794678,0.40914158305462656,13.608866691589355,22.01970100402832
FHN,2022,2022-12-31,Financial Services,Banks - Regional,0.58664775472218,0.5368722180334402,0.10906446921958313,0.28846153846153844,,0.32598158022297624,,0.011399186858004128,14.368464899998084,,10991875648.498535,0.39555555555555555,21.98375129699707,14.30421543121338
FHN,2021,2021-12-31,Financial Services,Banks - Regional,0.3939731030069427,0.32611105482152164,0.12184412733260154,0.33411371237458193,,0.20636663007683864,,0.011213128002514255,8.220812918125898,,7152107238.769531,0.3663663663663664,14.304214477539062,10.786588668823242
FHN,2020,2020-12-31,Financial Services,Banks - Regional,,-0.18447673753749524,,,,,,,,,5393294811.24878,,10.78658962249756,13.226587295532228
FI,2020,2020-12-31,Technology,Information Technology Services,,-0.015307417496406383,,,,,,,,,61893519806.58295,,113.86000061035156,115.62999725341795
FI,2021,2021-12-31,Technology,Information Technology Services,,-0.08844194309541138,0.04309899198759369,0.08221373104893381,0.4990755577468261,0.6861269061773068,1.0314293522820444,0.017495311413920182,52.15577935453636,,56419536649.87442,,103.79000091552734,113.86000061035156
FI,2022,2022-12-31,Technology,Information Technology Services,,-0.02485790353884379,0.08206824964318152,0.14263967976546202,0.5494164740373231,0.6987803295705203,1.0410461864086478,0.030166092358320715,25.884910251783285,,55017065250.12558,,101.20999908447266,103.79000091552734
FI,2023,2023-12-31,Technology,Information Technology Services,,0.3167112123566148,0.10275647251900727,0.1606871628345467,0.5982820929136333,0.778242958100278,1.0375238435860754,0.033755088568599406,26.722891933946723,,72341381389.74884,,133.0800018310547,101.06999969482422
FI,2024,2024-12-31,Technology,Information Technology Services,,0.5463716036730447,0.11567164179104478,0.15306022682831444,0.6082811888932342,0.9219742869809369,1.0595748521911812,0.040569607131750805,38.18215579348426,,111664910040.25116,,205.4199981689453,132.83999633789062
FICO,2024,2024-09-30,Technology,Software - Application,,1.2377119431375807,-0.5326915825524396,0.2985753927451462,0.7972630399772697,-2.3294774270551244,1.6235533875908859,0.2985131708543767,95.0376537668093,,46651585977.94141,,1943.52001953125,868.530029296875
FICO,2023,2023-09-30,Technology,Software - Application,,1.0960413737198482,-0.6241006409976889,0.28368604552058496,0.7944887440644786,-2.764425355019695,1.5133700311133351,0.27257041759533696,51.00945226553271,,20729317929.669434,,863.5900268554688,412.010009765625
FICO,2022,2022-09-30,Technology,Software - Application,,0.035383151179849796,-0.4657926271935677,0.2712184248549667,0.7805993015167687,-2.3844842614287476,1.462367894671739,0.2590375816381583,29.055712959494006,,9889746542.970703,,412.010009765625,397.9299926757813
FICO,2021,2021-09-30,Technology,Software - Application,,-0.06453056535789305,-3.5341349533990734,0.29781487175436144,0.7474721541985939,-12.031169439887508,0.9852773659843314,0.2500892984712102,29.696268110132934,,9551774656.271975,,397.9299926757813,425.3800048828125
FIS,2024,2024-12-31,Technology,Information Technology Services,0.3960069080320583,0.3696092381498451,0.0923684545802013,0.14318159375925743,0.37562950528290706,0.7351891960759332,0.8510009845749918,0.04291972531375799,30.443543766650205,,41506973737.03248,0.5517241379310345,79.45764923095703,58.01483154296875
FIS,2023,2023-12-31,Technology,Information Technology Services,-0.031093020843657,-0.06837642275981153,-0.3493438320209974,-0.6769402909164887,0.3718848540331604,1.015275590551181,0.7491359921004992,-0.12105942917432194,,,30759763450.817577,,58.8840446472168,63.205833435058594
FIS,2022,2022-12-31,Technology,Information Technology Services,-0.3362614505697079,-0.35816082477389466,-0.615475053273569,-1.7234567901234568,0.3560699588477366,0.7498346682342567,0.7900641025641025,-0.2647365593097127,,,33353144002.976353,,63.84860610961914,99.47757720947266
FIS,2021,2021-12-31,Technology,Information Technology Services,-0.20456726191109018,-0.2190102873718436,0.008807316197435952,0.044651461612592355,0.35860370489345755,0.4409360677550848,0.7402184432462325,0.005028276519033896,148.4739844478778,,51964951240.6597,2.304556354916067,99.47756958007812,127.37372589111328
FIS,2020,2020-12-31,Technology,Information Technology Services,,0.027110202479059455,,,,,,,,,66537321619.91685,,127.3737564086914,124.01177215576172
FITB,2024,2024-12-31,Financial Services,Banks - Regional,0.3269857766016164,0.2719735982317043,0.11779078645965894,0.280382891069914,,0.9414609315347416,,0.010867574332987361,13.101264321879976,,27191087425.445557,0.5082108902333622,41.137969970703125,32.34184265136719
FITB,2023,2023-12-31,Financial Services,Banks - Regional,0.16814391750454774,0.11339562154937255,0.12252242854162321,0.27891237235810973,,0.9862299186313374,,0.010947272269706489,10.128501039114058,,21556823609.790802,0.45125585355470416,32.613773345947266,29.29216957092285
FITB,2022,2022-12-31,Financial Services,Banks - Regional,-0.18605618282545203,-0.22343111916970873,0.14116696485254226,0.30190076524314985,,1.0411496508339586,,0.011790679289667007,8.698627414988048,,19261018825.5291,0.37898609975470154,29.14040184020996,37.52455520629883
FITB,2021,2021-12-31,Financial Services,Banks - Regional,0.6833194927174235,0.6245663951358303,0.12471859522737505,0.3690381028510525,,0.5322377307519136,,0.01312074878265977,10.060199400055504,,24802710264.137268,0.32382671480144404,37.52454376220703,23.098190307617188
FITB,2020,2020-12-31,Financial Services,Banks - Regional,,-0.05425219357348355,,,,,,,,,15267278881.490707,,23.098188400268555,24.423200607299805
FLR,2024,2024-12-31,Industrials,Engineering & Construction,0.25912693388701796,0.25912693388701796,0.5431754874651811,0.13147410358565736,0.03518234753294514,0.2795644466953659,1.6851188537935526,0.2346057092857924,4.009756072749936,,7973286728.383949,0.0,49.31999969482422,39.16999816894531
FLR,2023,2023-12-31,Industrials,Engineering & Construction,0.09836651897857769,0.09319098547190259,0.07164948453608247,0.00898280987462841,0.030825901512214038,0.5969072164948453,1.6006955422067657,0.019934031263444715,70.16666553638599,,6125462918.517899,0.20863309352517986,37.88999938964844,34.65999984741211
FLR,2022,2022-12-31,Industrials,Engineering & Construction,0.356125893918193,0.3463866716913277,0.08118701007838745,0.010550058207217695,0.025829452852153666,0.6326987681970885,1.568407960199005,0.021239197304819102,45.68492941660424,,5391506526.169746,0.2689655172413793,33.349998474121094,24.770000457763672
FLR,2021,2021-12-31,Industrials,Engineering & Construction,0.558392453582564,0.5510331899557375,-0.31586503948312994,-0.031082226617688613,0.03207120655552416,0.8557071069633884,1.4335915882678472,-0.062067992664691776,,,4004426543.674076,,24.770000457763672,15.970000267028809
FLR,2020,2020-12-31,Industrials,Engineering & Construction,,-0.1455263635393211,,,,,,,,,2581780048.0390444,,15.970000267028809,18.689868927001957
FLS,2024,2024-12-31,Industrials,Specialty Industrial Machinery,0.4399065579802859,0.418822055230942,0.14083973172815187,0.06203840180999367,0.31467903636091576,0.8405725058712484,1.9784269837420747,0.051403054198636895,26.553906235739447,,7431747840.701702,0.3905799638561461,56.82535934448242,40.051082611083984
FLS,2023,2023-12-31,Industrials,Specialty Industrial Machinery,0.3770223719821572,0.34950789483751404,0.09645317907132896,0.04322177338813774,0.29552256562028634,0.7254775063271526,1.8794815150537754,0.03655378187760963,27.719167252661478,,5147748232.978771,0.5620290988149489,39.3612174987793,29.167089462280277
FLS,2022,2022-12-31,Industrials,Specialty Industrial Machinery,0.07449882041923388,0.04624683732660697,0.10339162944734583,0.05219439465356613,0.2750378963907146,0.8006660847466264,1.971580282684887,0.039387062338721766,20.558614201015896,,3871730357.371128,0.5540810540095077,29.60440444946289,28.295812606811523
FLS,2021,2021-12-31,Industrials,Specialty Industrial Machinery,-0.12675713147967468,-0.1507623995980947,0.06980417542574234,0.03556816320536788,0.2964437202419615,0.8325811566579967,2.1105022508294273,0.026516874087323845,29.474804798762005,,3700589783.634863,0.8305266417359407,28.295812606811523,33.31907653808594
FLS,2020,2020-12-31,Industrials,Specialty Industrial Machinery,,-0.23846079065199166,,,,,,,,,4357542499.9120865,,33.319068908691406,43.75226974487305
FMC,2024,2024-12-31,Basic Materials,Agricultural Inputs,-0.15705115842942874,-0.1972355402079881,0.07601114206128133,0.08033254044888251,0.388332823061162,0.7790306406685237,1.6422562268150502,0.02927067869187269,17.086567598230697,,5805323901.736084,0.85194957490472,46.4754638671875,57.89427185058594
FMC,2023,2023-12-31,Basic Materials,Agricultural Inputs,-0.4446116311227958,-0.46549042718502326,0.2995987213493845,0.29453062316127304,0.4080859409824374,0.9306944161055567,1.5154227973763517,0.11080645972732303,5.65412073959539,,7436972440.363258,0.21982595535376467,59.53789138793945,111.38788604736328
FMC,2022,2022-12-31,Basic Materials,Agricultural Inputs,0.1803075987772065,0.1580643402580603,0.2180348737381213,0.12693242334936147,0.4010133912414043,1.013825157642322,1.4313611959153596,0.06592786873506216,19.19018717517951,,13927015718.150373,0.36320434487440595,111.49498748779295,96.27702331542967
FMC,2021,2021-12-31,Basic Materials,Agricultural Inputs,-0.005860231746683684,-0.025883457437935273,0.23672502640591492,0.1465947831602315,0.4283873781019583,1.0677591780558846,1.4356162827031786,0.06929570602730228,16.890704506321956,,12026114724.68953,0.3342347214710654,96.27701568603516,98.83521270751952
FMC,2020,2020-12-31,Basic Materials,Agricultural Inputs,,0.17315661899067,,,,,,,,,12345662218.943848,,98.835205078125,84.24723815917969
FOSL,2024,2024-12-31,Consumer Cyclical,Footwear & Accessories,,0.14383555715807655,-0.6904433669798188,-0.08966977877536049,0.5215338125223801,2.1238912463097583,1.6979973665676578,-0.13446233270950683,,,89821563.92178237,,1.6699999570846558,1.4600000381469729
FOSL,2023,2023-12-31,Consumer Cyclical,Footwear & Accessories,,-0.6496519697191805,-0.6178923188268982,-0.11122187733647507,0.4811588066701407,1.5288083325466504,2.075146652183942,-0.16061674999744385,,,81215906.67706275,,1.5099999904632568,4.309999942779541
FOSL,2022,2022-12-31,Consumer Cyclical,Footwear & Accessories,,-0.5675413191679177,-0.1087793029374378,-0.026245825257260443,0.4937349883116119,1.0256988855276252,2.2194308790383173,-0.03566432549784836,,,239344881.791255,,4.449999809265137,10.289999961853027
FOSL,2021,2021-12-31,Consumer Cyclical,Footwear & Accessories,,0.1868511962287736,0.05490624446814298,0.013600807684985743,0.516767591639947,0.8098617089714308,1.909382485106796,0.018582338668492217,21.43749992052714,,553451444.958251,,10.289999961853027,8.670000076293945
FOSL,2020,2020-12-31,Consumer Cyclical,Footwear & Accessories,,0.10025380080963076,,,,,,,,,466319153.333498,,8.670000076293945,7.880000114440918
FOX,2025,2025-06-30,Communication Services,Entertainment,0.6696993680165506,0.6323366135763359,0.18918241096806554,0.13883435582822085,,0.6240595218190937,2.9095616154642734,0.09756413020047423,10.462339443975942,,12101817672.039034,0.12240388864339373,51.37008666992188,31.470277786254883
FOX,2024,2024-06-30,Communication Services,Entertainment,0.05447456829605356,0.015710477736702404,0.14009706925518015,0.10736766809728183,,0.7608736232966212,2.540989159891599,0.06831421809575824,9.98532048429544,,7362861868.435144,0.1872085276482345,31.254053115844727,30.770631790161133
FOX,2023,2023-06-30,Communication Services,Entertainment,0.13554665030380256,0.09056393908373866,0.11938716515706302,0.08308187487427077,,0.7908074773559453,1.9285144831251662,0.05666331290588128,13.206278919662017,,7248976527.688599,0.2413236481033091,30.7706298828125,28.2153377532959
FOX,2022,2022-06-30,Communication Services,Entertainment,-0.1054526779552902,-0.14494449552812888,0.10627039421465738,0.08623157292113925,,0.6806596701649176,3.606707317073171,0.05431597926526933,13.372197987344029,,6646998188.642645,0.25477178423236513,28.2153377532959,32.998252868652344
FOX,2021,2021-06-30,Communication Services,Entertainment,,0.3300601635795581,,,,,,,,,7773761335.336018,,32.99824905395508,24.80959129333496
FOXA,2025,2025-06-30,Communication Services,Entertainment,0.6881140227033578,0.6492128634600309,0.18918241096806554,0.13883435582822085,,0.6240595218190937,2.9095616154642734,0.09756413020047423,11.361095327466666,,11743402306.36686,0.12240388864339373,55.78297805786133,33.82400131225586
FOXA,2024,2024-06-30,Communication Services,Entertainment,0.06126819652636837,0.02069352897160152,0.14009706925518015,0.10736766809728183,,0.7608736232966212,2.540989159891599,0.06831421809575824,10.727786713133986,,7068816552.936218,0.1872085276482345,33.577972412109375,32.897212982177734
FOXA,2023,2023-06-30,Communication Services,Entertainment,0.11878947922784802,0.07248622022102105,0.11938716515706302,0.08308187487427077,,0.7908074773559453,1.9285144831251662,0.05666331290588128,14.118975528831646,,6925503446.71862,0.2413236481033091,32.897212982177734,30.67378616333008
FOXA,2022,2022-06-30,Communication Services,Entertainment,-0.0814931326840797,-0.1231790801248908,0.10627039421465738,0.08623157292113925,,0.6806596701649176,3.606707317073171,0.05431597926526933,14.537338509943813,,6457428436.378147,0.25477178423236513,30.673784255981445,34.98295211791992
FOXA,2021,2021-06-30,Communication Services,Entertainment,,0.4035650168279569,,,,,,,,,7364592119.104454,,34.98295211791992,24.924354553222656
FRT,2024,2024-12-31,Real Estate,REIT - Retail,0.16577738560305197,0.12071444357914882,0.09307874841483493,0.24550501807972377,0.6741666195407384,1.4381575952029169,1.1618805582686476,0.03462949149166363,31.323362651624173,,9241336196.17877,1.2587260507845315,107.12590026855467,95.58715057373048
FRT,2023,2023-12-31,Real Estate,REIT - Retail,0.126613630549933,0.08019955061989621,0.07996770045240288,0.20932223001464464,0.6792883300328401,1.5818129791406066,1.550394520363966,0.028090400392958608,34.608677455357146,,8359558090.3515625,1.515682427157837,96.904296875,89.70962524414062
FRT,2022,2022-12-31,Real Estate,REIT - Retail,-0.1795154236479778,-0.2142208956079902,0.1304974387375542,0.35880388466629065,0.6679176230339787,1.5148198450107853,0.946786105961936,0.046817029554683746,19.352011063043225,,7862982264.125275,0.9008874396548817,91.1479721069336,115.99694061279295
FRT,2021,2021-12-31,Real Estate,REIT - Retail,0.7153441778075161,0.6596730354987127,0.10133216978053958,0.274906856849701,0.6671478011488357,1.6245201700998448,0.9816878315568657,0.03430687769602955,35.58188362355612,,10006606462.523832,1.2835891670299582,115.99694061279295,69.89144134521484
FRT,2020,2020-12-31,Real Estate,REIT - Retail,,-0.30655846099868705,,,,,,,,,6029263087.466736,,69.89143371582031,100.78922271728516
FSLR,2024,2024-12-31,Technology,Solar,,0.0229858761430585,0.16195945209930282,0.30716957394035455,0.4416871974322259,0.09010279687679605,2.4496630952873772,0.10656594603212491,14.662230074306494,,18901326601.368942,,176.24000549316406,172.27999877929688
FSLR,2023,2023-12-31,Technology,Solar,,0.14934248867509312,0.12422891231346268,0.2503394501660639,0.3919358211680702,0.09336701224334647,3.5484290568216097,0.08015112590944332,22.24289452998829,,18463755988.91263,,172.16000366210938,149.7899932861328
FSLR,2022,2022-12-31,Technology,Solar,,0.6743918805598904,-0.007567783374214259,-0.01686163464625729,0.02667029101839066,0.04011802493293843,3.652452487746231,-0.005352657810449548,,,15651722448.775085,,145.94000244140625,87.16000366210938
FSLR,2021,2021-12-31,Technology,Solar,,-0.1188838932927503,0.07864568991858614,0.16032588338760276,0.24969547205167175,0.06688322660549427,4.390341983111334,0.06321945747804146,19.899544215093464,,9347705653.912628,,87.16000366210938,98.91999816894533
FSLR,2020,2020-12-31,Technology,Solar,,0.7676912042050564,,,,,,,,,10608937440.543688,,98.91999816894533,55.959999084472656
FTI,2024,2024-12-31,Energy,Oil & Gas Equipment & Services,0.45832511883172544,0.44781916185968146,0.27244812205055274,0.09279667081347087,0.18969977871478427,0.5790290257935226,1.1239105410294359,0.08540712519758441,15.079233658875472,,11837823658.966513,0.10191007236920156,28.80133628845215,19.89291000366211
FTI,2023,2023-12-31,Energy,Oil & Gas Equipment & Services,0.6621466591020695,0.6533111511916877,0.017916919055057864,0.007182842974361596,0.16284092942409448,0.6277935409825612,1.1626460188873473,0.005819853778762711,165.03340403238934,,8139773718.309196,0.7740213523131673,19.80400848388672,11.978391647338867
FTI,2022,2022-12-31,Energy,Oil & Gas Equipment & Services,0.9510132403271803,0.9510132403271803,-0.03308437750756126,-0.01599904483314429,0.13376813324577638,0.7072711561014752,1.1950985794025346,-0.011350761835181009,,,4664831338.017033,,11.349499702453612,5.817233562469482
FTI,2021,2021-12-31,Energy,Oil & Gas Equipment & Services,-0.1535659253409587,-0.1535659253409587,0.003908660769389015,0.0020769891465604747,0.1286640118685094,0.8316043142210597,1.3867542447686796,0.0013273320625542659,193.9077854156494,,2390978821.463432,0.0,5.817233562469482,6.872636318206787
FTI,2020,2020-12-31,Energy,Oil & Gas Equipment & Services,,-0.5523295260489393,,,,,,,,,2824766935.7089863,,6.872636795043945,15.351999282836914
FTNT,2024,2024-12-31,Technology,Software - Infrastructure,,0.6142150235334172,1.1682956219038694,0.2930252862755633,0.8056348433459821,0.6656178872673718,1.470559263181225,0.1787546988149256,41.80531121988213,,72396817370.1442,,94.4800033569336,58.52999877929688
FTNT,2023,2023-12-31,Technology,Software - Infrastructure,,0.18183676622280218,-2.476909797151489,0.21637007992761273,0.7667772583320767,-2.141346568839016,1.1907233127184726,0.15812313160396202,39.5753416296554,,44274850451.35667,,57.77999877929688,48.88999938964844
FTNT,2022,2022-12-31,Technology,Software - Infrastructure,,-0.3249860557631491,-3.0443892045454546,0.19407343686331327,0.7544030425136958,-3.5170454545454546,1.237785862785863,0.13765253692999357,45.7735853375129,,37179228271.92876,,48.52000045776367,71.87999725341797
FTNT,2021,2021-12-31,Technology,Software - Infrastructure,,1.4197131477551863,0.7762568760394013,0.18155705822512117,0.7657231763509066,1.2644236919534348,1.5532548207583796,0.10251558513963271,99.00826067963908,,55079200347.42748,,71.87999725341797,29.70599937438965
FTNT,2020,2020-12-31,Technology,Software - Infrastructure,,0.39125142244959754,,,,,,,,,22762698296.91404,,29.70599937438965,21.351999282836918
FTV,2024,2024-12-31,Technology,Scientific & Technical Instruments,0.02879474221249379,0.022826867033608624,0.0817482284121469,0.13365319811290477,0.5987034243717706,0.3805135151051175,1.1581040028591851,0.048947761237886474,23.86857695498709,,19058432726.031685,0.1335094249009485,56.32984161376953,55.07270431518555
FTV,2023,2023-12-31,Technology,Scientific & Technical Instruments,0.1358913478054803,0.12959145336904473,0.08390429212416052,0.14274644287998944,0.5925675564275469,0.3692350928878078,2.049684586613074,0.05119502359299424,22.245049182279608,,18288929982.266865,0.11781011781011781,54.05546951293945,47.854000091552734
FTV,2022,2022-12-31,Technology,Scientific & Technical Instruments,-0.1485908057278375,-0.15378956037005057,0.07798913604725613,0.12963249051616116,0.5773383456065365,0.35325402234752257,0.9082908584210333,0.04752495185833134,22.794716244652157,,16195790057.008247,0.1317531779661017,47.86890411376953,56.56855773925781
FTV,2021,2021-12-31,Technology,Scientific & Technical Instruments,0.08885957330102874,0.08139009919560314,0.06395996720001682,0.11578206177326965,0.572268635697566,0.4355984945648746,0.6769765000403779,0.036949986335064224,34.704641330461556,,19139201648.723408,0.2172912557527942,56.56856536865234,52.31097030639648
FTV,2020,2020-12-31,Technology,Scientific & Technical Instruments,,0.1123467086870066,,,,,,,,,17698703787.520447,,52.31097412109375,47.02758026123047
GD,2024,2024-12-31,Industrials,Aerospace & Defense,0.0580082724637392,0.035217269819889464,0.17141821148529213,0.0792606253667533,0.1543297845586386,0.4838870507183973,1.3681552962298025,0.067680744452398,18.942538378261418,,69450529680.04242,0.4042834479111581,258.1867980957031,249.4034881591797
GD,2023,2023-12-31,Industrials,Aerospace & Defense,0.0896467943208357,0.06684450078042754,0.15564110991126345,0.07842070401211204,0.1578349735049205,0.5203530682191653,1.437134858812074,0.06048166392993979,20.663543548837875,,66811434753.90857,0.4307692307692308,248.37579345703125,232.81349182128903
GD,2022,2022-12-31,Industrials,Aerospace & Defense,0.2458863607335582,0.21928510415661434,0.18257216716932356,0.08602532544979319,0.16804121095236887,0.6524127531236535,1.3729874193338114,0.06571677813317825,19.13644792214097,,62748964612.33914,0.403834808259587,233.27330017089844,191.3197326660156
GD,2021,2021-12-31,Industrials,Aerospace & Defense,0.4744872124227581,0.43774986239794517,0.18462672184116546,0.08466557487847358,0.16657568431724246,0.7468397483135877,1.429889826870797,0.06504503424999501,16.564477697595372,,51463730175.86545,0.4037457783236107,191.31971740722656,133.06884765625
GD,2020,2020-12-31,Industrials,Aerospace & Defense,,-0.13140072473569417,,,,,,,,,35794638151.65622,,133.06886291503906,153.19937133789062
GDDY,2024,2024-12-31,Technology,Software - Infrastructure,,0.8591747203154326,1.35370611183355,0.20486748884807138,0.6387649785708038,5.62736598757405,0.7233175214942188,0.11376496587901012,30.599999242974807,,27325681809.26941,,197.3699951171875,106.16000366210938
GDDY,2023,2023-12-31,Technology,Software - Infrastructure,,0.3766372683789943,22.10289389067524,0.32317058837356905,0.6300980230836134,63.27491961414791,0.4680779695128769,0.18173406125659294,11.195652173913045,,14260248751.0,,103.0,74.81999969482422
GDDY,2022,2022-12-31,Technology,Software - Infrastructure,,-0.12491160025784943,-1.061482820976492,0.08608510742306846,0.6371568938968054,-11.99789029535865,0.6433856411090333,0.050505485050548506,33.90867677453446,,10281224298.179008,,74.26000213623047,84.86000061035156
GDDY,2021,2021-12-31,Technology,Software - Infrastructure,,0.023025964223978797,2.9657282741738067,0.06350079932908771,0.6403805330607752,49.71725826193391,0.7755571059219436,0.03266775424357229,59.76056381010674,,11748783667.122574,,84.86000061035156,82.94999694824219
GDDY,2020,2020-12-31,Technology,Software - Infrastructure,,0.221289740643264,,,,,,,,,11484345537.63713,,82.94999694824219,67.91999816894531
GE,2024,2024-12-31,Industrials,Aerospace & Defense,0.6576908960775928,0.6482546250376418,0.33895150449798367,0.16939693039119424,0.37191876388817113,0.9964326336469859,1.094295184926727,0.05324021439012506,27.718629661903954,,176069620616.42517,0.1537522879804759,166.0345916748047,100.73358154296876
GE,2023,2023-12-31,Industrials,Aerospace & Defense,0.9421528287941733,0.9313615379085292,0.34602050870342665,0.2682471426954849,0.3510523933461582,0.7490055833302923,1.3256494922434738,0.05471436814772072,11.890862204811791,,105415742924.83061,0.06211769668846235,99.40760803222656,51.47022247314453
GE,2022,2022-12-31,Industrials,Aerospace & Defense,-0.08615305623709416,-0.09658159292044746,0.009971509971509971,0.011530937918253886,0.34839905281581385,0.7759971509971509,1.1811523832645463,0.001779180412070892,1044.0242004394531,,55356219156.35894,1.9017857142857142,52.201210021972656,57.78187561035156
GE,2021,2021-12-31,Industrials,Aerospace & Defense,0.10714581669047617,0.09685289252128838,-0.157206648474324,-0.11222086454514867,0.23182631178168553,0.9434879682460928,1.277121188789652,-0.03186439655259109,,,61274172706.69623,,57.7818717956543,52.67969131469727
GE,2020,2020-12-31,Industrials,Aerospace & Defense,,-0.027347206707451926,,,,,,,,,55863623610.36202,,52.67969512939453,54.16084289550781
GEHC,2024,2024-12-31,Healthcare,Health Information Services,0.014148772136853853,0.012586336559203626,0.23596968979398533,0.10131150874339162,0.4170902806018707,1.1101112952877101,1.036428347116089,0.06023149687207229,17.98883780905728,,35644508680.80761,0.027596588058203714,78.0715560913086,77.10113525390625
GEHC,2023,2023-12-31,Healthcare,Health Information Services,0.31127543305004723,0.3097309809446968,0.2198233562315996,0.08019639934533551,0.4051759410801964,1.3827281648675172,1.0477675091860594,0.048314537499229676,25.133275198857778,,34768944943.45442,0.02614795918367347,76.15382385253906,58.144630432128906
GEHC,2022,2022-12-31,Healthcare,Health Information Services,,,0.2047664849845036,0.1044654053759337,0.39141813423477456,0.9228385166185743,1.1567236823807536,0.06957405860779259,12.046267713377851,,25464391272.912785,0.0,55.77421951293945,
GEHC,2021,2021-12-31,Healthcare,Health Information Services,,,0.13491444010807566,0.12777935740688087,0.4079613306795564,0.02623836685679976,1.0353498003253956,0.08541128173939486,,,,0.0,,
GEHC,2020,2020-12-31,Healthcare,Health Information Services,,,,,,,,,,,,,,
GEN,2025,2025-03-31,Technology,Software - Infrastructure,0.2303685737991566,0.20706078725214022,0.28338475099162624,0.16340533672172808,0.8027954256670902,3.6646099603349493,0.5064889512451771,0.041497257179735396,25.5532885060727,,16209605560.262133,0.4867807153965785,26.319887161254883,21.80493927001953
GEN,2024,2024-03-31,Technology,Software - Infrastructure,0.3666291850100192,0.33440403152559256,0.2836448598130841,0.15973684210526315,0.8076315789473684,4.044392523364486,0.49816581071166544,0.038434749572595454,22.622219721476238,,13375033338.19841,0.5321252059308073,21.717330932617188,16.27492904663086
GEN,2023,2023-03-31,Technology,Software - Infrastructure,-0.31798865462028686,-0.33870519737359106,0.6063636363636363,0.4021706361169732,0.822429906542056,4.463181818181818,0.4327834327834328,0.08365209757321126,7.5346884904084375,,10023224941.409372,0.2353823088455772,16.274927139282227,24.61069869995117
GEN,2022,2022-03-31,Technology,Software - Infrastructure,0.2964428078381442,0.2710338179441139,-8.989247311827956,0.2989985693848355,0.8540772532188842,-41.17204301075269,0.7373572593800979,0.12040904508137693,17.454394888370597,,15156968003.97207,0.3624401913875598,24.61069679260254,19.36273956298828
GEN,2021,2021-03-31,Technology,Software - Infrastructure,,0.16386124356713158,,,,,,,,,11924915589.261822,,19.362743377685547,16.636642456054688
GEV,2021,2021-12-31,Industrials,Specialty Industrial Machinery,,,,-0.019178331212506818,0.1498212446221899,,,,,,,,,
GEV,2022,2022-12-31,Industrials,Specialty Industrial Machinery,,,-0.25690140845070425,-0.09226411276724894,0.1166115869697174,0.10741784037558685,0.994585669303433,-0.06152323986418115,,,,,,
GEV,2023,2023-12-31,Industrials,Specialty Industrial Machinery,,,-0.05906148867313916,-0.01317729173561178,0.1449502090917296,0.15601402373247034,0.9359175595441207,-0.009496758526484681,,,,,,
GEV,2024,2024-12-31,Industrials,Specialty Industrial Machinery,,,0.1625811858369998,0.04442536138543009,0.1741806211535709,0.10926042321391159,1.0778917468833833,0.03014470234048752,58.85295799556172,,89101504598.89847,,328.3995056152344,
GHC,2024,2024-12-31,Consumer Defensive,Education & Training Services,0.2762737799600392,0.26322555427561894,0.17023530884888413,0.15125203928110437,0.306072924859275,0.27470263664407385,1.749146315341153,0.09438773616179326,5.294709036370677,,2937955460.2105713,0.04187907274568955,865.1554565429688,684.8780517578125
GHC,2023,2023-12-31,Consumer Defensive,Education & Training Services,0.19034811185059777,0.1748358570526804,0.05163520625232504,0.04649914369075288,0.2971641112538356,0.31510057129030417,1.5038851602735348,0.02856089474702027,15.75366411509442,,2344255864.6105957,0.15077841861190133,690.3255615234375,587.5932006835938
GHC,2022,2022-12-31,Consumer Defensive,Education & Training Services,-0.0020444798578080903,-0.016970461553400817,0.017976980653017928,0.017092398941723173,0.3227869179534783,0.31891472947161953,1.4663826911137134,0.010235791409528247,43.19330537725481,,2022701340.5548096,0.4578482088283964,595.6356811523438,605.9183959960938
GHC,2021,2021-12-31,Consumer Defensive,Education & Training Services,0.20998743917381216,0.1925217105825452,0.08002462960694229,0.1105078070316958,0.33630312111774924,0.2614693256156322,1.583738161664972,0.04741415590143458,8.600686955231991,,2057620103.411255,0.08559539870766172,605.9183959960938,508.0984191894531
GHC,2020,2020-12-31,Consumer Defensive,Education & Training Services,,-0.15315591352564595,,,,,,,,,1725436075.1391602,,508.098388671875,599.990478515625
GILD,2020,2020-12-31,Healthcare,Drug Manufacturers - General,,-0.06700398881851335,,,,,,,,,60056429285.51849,,48.40110778808594,51.877079010009766
GILD,2021,2021-12-31,Healthcare,Drug Manufacturers - General,0.3595760328886656,0.299549158850986,0.29545778157482555,0.22798022340230728,0.7582494048709028,1.2670273862072239,1.2723514211886304,0.09160878267012008,12.75854439570986,,78046288312.74889,0.5791164658634538,62.89962387084961,48.4011116027832
GILD,2022,2022-12-31,Healthcare,Drug Manufacturers - General,0.27719420870951983,0.2296711402789888,0.21619585687382298,0.1683222755764085,0.7926395659983139,1.1878531073446328,1.285193094856736,0.07269158316316031,21.248865651560354,,95971291625.7038,0.8077090592334495,77.34587097167969,62.89963912963867
GILD,2023,2023-12-31,Healthcare,Drug Manufacturers - General,0.046527071226030926,0.007050778852784859,0.24810581176367538,0.20891724443133206,0.7603628853813247,1.0943371436079359,1.4259751773049645,0.0911871227364185,17.40240478515625,,97168608956.04016,0.6723742277140335,78.31082153320312,77.76253509521484
GILD,2024,2024-12-31,Healthcare,Drug Manufacturers - General,0.228257014441011,0.18682540198961398,0.024831867563372995,0.01669332962370453,0.7826041594212979,1.3818416968442835,1.5972175941352882,0.00813628273582507,238.02996183696547,,112232704687.75867,8.1625,90.45138549804688,76.21288299560547
GIS,2021,2021-05-31,Consumer Defensive,Packaged Foods,,0.02748818948804315,,,,,,,,,28603255084.6718,,53.62274932861328,52.18819046020508
GIS,2022,2022-05-31,Consumer Defensive,Packaged Foods,0.1901739399620584,0.14680334001099155,0.2568011079071179,0.14254349016469398,0.33708563245019163,1.1359273030808923,0.6346463172857517,0.08707916668006857,13.957247151508591,,32907009777.451126,0.4596830790824807,61.69103240966797,53.793907165527344
GIS,2023,2023-05-31,Consumer Defensive,Packaged Foods,0.276495281891028,0.2373577288458228,0.24822959730516,0.12908700022892178,0.325755690696818,1.1545705098759762,0.6869169420226389,0.08247248956336223,17.710878235004895,,40717747916.94008,0.4965110451443772,76.3338851928711,61.6910400390625
GIS,2024,2024-05-31,Consumer Defensive,Packaged Foods,-0.11778511881476833,-0.15137705933219,0.26568901848521287,0.12572769574763815,0.3490975565537941,1.4169974565538965,0.6513344044589157,0.07933294989815665,14.98163847248405,,34443158075.56384,0.5461026996715533,64.57086181640625,76.0889892578125
GIS,2025,2025-05-31,Consumer Defensive,Packaged Foods,-0.14308454716335983,-0.18195148256641042,0.2494999565179581,0.11778350250941673,0.345519485184691,1.6628293764675188,0.6714392984867575,0.06940198541929359,12.88343848251715,,28176174399.44577,0.5832607180202161,52.82209777832031,64.57086181640625
GL,2024,2024-12-31,Financial Services,Insurance - Life,-0.0664843774887418,-0.07530837609450373,0.2018203682202687,0.18531485172641587,,0.5163776594942626,,0.03682608799278007,9.262177612713634,,8958213504.016724,0.07983566843051958,110.59040069580078,119.59706115722656
GL,2023,2023-12-31,Financial Services,Insurance - Life,0.029397704502593047,0.020561175668524764,0.21635783875512252,0.17820084798017746,,0.4715321800399973,,0.03460617202667137,11.909746247701637,,9714846798.390505,0.08665008163748834,119.93114471435548,117.51490020751952
GL,2022,2022-12-31,Financial Services,Insurance - Life,0.2975083042928673,0.28653477489085893,0.22645108577450193,0.17111736952670306,,0.5258930260126591,,0.03441693872469162,15.606301344701723,,9443316978.233887,0.09005843114717807,116.57907104492188,90.61478424072266
GL,2021,2021-12-31,Financial Services,Insurance - Life,0.006008761774156826,-0.004843289374726013,0.11930315224014053,0.20133628776151297,,0.23443057729168051,,0.03463828061551097,12.550523076361237,,7340117319.367676,0.0776276919913802,90.61477661132812,91.0557861328125
GL,2020,2020-12-31,Financial Services,Insurance - Life,,-0.08922775268049313,,,,,,,,,7375842504.041382,,91.0558090209961,99.97648620605467
GLW,2024,2024-12-31,Technology,Electronic Components,0.6459542091610044,0.6064380879167004,0.04735167508890137,0.038572953194084464,0.32596432382985213,0.757158899494666,1.6247204716405774,0.018244095907697856,80.67724293675917,,40083588793.88188,1.948616600790514,46.79280090332031,29.128293991088867
GLW,2023,2023-12-31,Technology,Electronic Components,0.02812946388068106,-0.011018721452682076,0.0502986754393559,0.046155068319034,0.3122815379726724,0.7344818630421609,1.669830979393378,0.020385964912280702,42.891996047076056,,24984618728.923103,1.70223752151463,29.16655731201172,29.49151611328125
GLW,2022,2022-12-31,Technology,Electronic Components,-0.06639717716394739,-0.09902306168348013,0.10959360426382411,0.09274790330537741,0.31756994855169496,0.6509826782145236,1.440193236714976,0.044611681751923794,19.51007843017578,,25737555284.003765,0.7082066869300911,30.045520782470703,33.347713470458984
GLW,2021,2021-12-31,Technology,Electronic Components,0.0915132428725797,0.059217174876349046,0.15454471742479525,0.13535009231643233,0.35953699758557023,0.6348009405659613,1.5936329588014981,0.0632088611792797,26.052895188331604,,28566268792.379803,0.45697796432318993,33.34770584106445,31.48335075378418
GLW,2020,2020-12-31,Technology,Electronic Components,,0.27574475623166544,,,,,,,,,26969232242.279068,,31.48335647583008,24.67841339111328
GM,2024,2024-12-31,Consumer Cyclical,Auto Manufacturers,0.5182830163026885,0.49842857784320205,0.09525621511922881,0.03205258159857449,0.12486529166355459,2.0721239218670724,1.127564535397081,0.02147547370791497,8.293447689134249,,49282373980.41849,0.1086884154460719,52.82926177978516,35.25644302368164
GM,2023,2023-12-31,Consumer Cyclical,Auto Manufacturers,0.10271451404194129,0.08312479193054242,0.15753041097595122,0.05893204222483444,0.11136974662771616,1.9078492984475623,1.0759489650060883,0.03708654381390443,4.833885880767322,,33008405995.012836,0.05895131825812185,35.3840446472168,32.66848373413086
GM,2022,2022-12-31,Consumer Cyclical,Auto Manufacturers,-0.4130511151093816,-0.4205593142121368,0.1465364644795846,0.06338086579257983,0.13386288959071044,1.7061895208874203,1.1017625832209097,0.03762351488617126,5.3577958273459805,,30638232831.807377,0.03996376082142138,32.84328842163086,56.6810188293457
GM,2021,2021-12-31,Consumer Cyclical,Auto Manufacturers,0.4129741447879584,0.40802115605518846,0.16769884841992502,0.07888727914081446,0.14076721993008096,1.8477336636314943,1.1034162993226535,0.04094100147925367,8.459854695334364,,52875536197.677895,0.01856472701866454,56.68102645874024,40.25580596923828
GM,2020,2020-12-31,Consumer Cyclical,Auto Manufacturers,,0.1515835667168354,,,,,,,,,37553080051.19534,,40.255802154541016,34.9569091796875
GME,2025,2025-01-31,Consumer Cyclical,Specialty Retail,,0.8654645961308343,0.026633940524970586,0.0343447554276746,0.2913680355741564,0.08330966773499938,8.047790802524798,0.022347414644109338,81.51515035918267,,12048743590.136398,,26.89999961853028,14.420000076293944
GME,2024,2024-01-31,Consumer Cyclical,Specialty Retail,,-0.34933703721178605,0.005005229344090841,0.0012706721286602943,0.2454483386436049,0.45032123113700884,2.1125735687533442,0.0024732373569582872,711.4999771118164,,6373740453.663673,,14.229999542236328,21.8700008392334
GME,2023,2023-01-31,Consumer Cyclical,Specialty Retail,-0.19691542172173296,-0.19691542172173296,-0.23678439083415262,-0.05282426778242678,0.23149210419759753,0.46630870452998563,1.7352699574340975,-0.10056529838761483,,,9795763426.199932,,21.8700008392334,27.232500076293945
GME,2022,2022-01-31,Consumer Cyclical,Specialty Retail,-0.6648307682917668,-0.6648307682917668,-0.23794071762870514,-0.06343687091353753,0.22423345034688139,0.4049921996879875,1.9183583081124973,-0.10896465007287172,,,12197673434.597721,,27.232500076293945,81.25
GME,2021,2021-01-31,Consumer Cyclical,Specialty Retail,57.594448996531256,57.59375130967239,,,,,,,,,25194863812.5,,56.25,0.959999978542328
GNRC,2024,2024-12-31,Industrials,Specialty Industrial Machinery,,0.19970594600414907,0.1304008614917824,0.07571428504918952,0.3877305314870174,0.5916489661537326,1.966961299015053,0.0636592148756853,28.766234332422602,,9097706381.614792,,155.0500030517578,129.24000549316406
GNRC,2023,2023-12-31,Industrials,Specialty Industrial Machinery,,0.26534867984042104,0.08678082531282956,0.050486157566609416,0.3394342609020334,0.7407603967435985,2.268117365353764,0.03987366177449958,38.95107117632478,,7473556040.028314,,127.37000274658205,100.66000366210938
GNRC,2022,2022-12-31,Industrials,Specialty Industrial Machinery,,-0.7223516840296521,0.15516521136662353,0.0767332269088011,0.3334264383687384,0.7087850921045229,2.1998500066529307,0.06775695420529254,18.027675107836284,,5733227118.490562,,97.70999908447266,351.9200134277344
GNRC,2021,2021-12-31,Industrials,Specialty Industrial Machinery,,0.5475133360915145,0.24094239068667353,0.1427256458338685,0.3639323083904887,0.5970514605375256,1.599145952053236,0.1093513852613279,42.40000161779932,,20649241463.805084,,351.9200134277344,227.41000366210935
GNRC,2020,2020-12-31,Industrials,Specialty Industrial Machinery,,1.2607616258203167,,,,,,,,,13343498231.787746,,227.41000366210932,100.58999633789062
GNW,2024,2024-12-31,Financial Services,Insurance - Life,,0.046407178255368435,0.035201318577819635,0.041859162816743664,,0.17871438662585354,,0.003441885093989939,10.279411428114946,,2868933041.8091297,,6.989999771118164,6.679999828338623
GNW,2023,2023-12-31,Financial Services,Insurance - Life,,0.26086958873200433,0.010160427807486631,0.010310676977343645,,0.21176470588235294,,0.0008368477267471949,41.68750047683716,,2737594311.0636234,,6.670000076293945,5.289999961853027
GNW,2022,2022-12-31,Financial Services,Insurance - Life,,0.29135796858432117,0.12003669243873673,0.12385073012439156,,0.21111256716026733,,0.010210223599438215,4.394957999221417,,2146569435.5784059,,5.230000019073486,4.050000190734863
GNW,2021,2021-12-31,Financial Services,Insurance - Life,,0.07142862999700589,0.0548033526756931,0.11185682326621924,,0.12243713733075436,,0.00857105403797481,2.301136472008445,,1662257474.5340586,,4.050000190734863,3.7799999713897705
GNW,2020,2020-12-31,Financial Services,Insurance - Life,,-0.14090911603170925,,,,,,,,,1551440224.7573912,,3.7799999713897705,4.400000095367432
GOOG,2020,2020-12-31,Communication Services,Internet Content & Information,,0.3102870257283368,,,,,,,,,472402625885.00977,,86.99864196777344,66.3966293334961
GOOG,2021,2021-12-31,Communication Services,Internet Content & Information,,0.6517058627813559,0.30215590041131,0.2951167728237792,0.5693980290098084,0.11284201323345322,2.928113424845146,0.21163309841121392,25.614290016432708,,780270186767.5781,,143.6961669921875,86.99864196777344
GOOG,2022,2022-12-31,Communication Services,Internet Content & Information,-0.3800089877408235,-0.3800089877408235,0.2341339246673746,0.2120380715326196,0.5537944250378312,0.11586841776500718,2.377994227994228,0.16418809409084936,19.537353515625,,483760502929.6875,0.0,89.09033203125,143.6961669921875
GOOG,2023,2023-12-31,Communication Services,Internet Content & Information,0.5728613015664307,0.5728613015664307,0.26041096905557576,0.24006649446638517,0.566250479840205,0.09570575095543424,2.096584936563424,0.18339082287918249,23.898525895743536,,752660174560.5469,0.0,138.6114501953125,88.12693786621094
GOOG,2024,2024-12-31,Communication Services,Internet Content & Information,0.36585216657025244,0.35616462846769176,0.30797578472025694,0.28603671811164,0.5820043540617911,0.07832129541903016,1.8369313974102914,0.22235794747876764,23.610104613043184,,1030751059112.5488,0.07354321900157813,189.8252410888672,139.9721221923828
GOOGL,2020,2020-12-31,Communication Services,Internet Content & Information,,0.3085359670555307,,,,,,,,,506263621582.03125,,87.03173828125,66.51077270507812
GOOGL,2021,2021-12-31,Communication Services,Internet Content & Information,,0.6529576131335512,0.30215590041131,0.2951167728237792,0.5693980290098084,0.11284201323345322,2.928113424845146,0.21163309841121392,25.6434557909634,,836832380905.1514,,143.8597869873047,87.03174591064453
GOOGL,2022,2022-12-31,Communication Services,Internet Content & Information,-0.38475137078456234,-0.38475137078456234,0.2341339246673746,0.2120380715326196,0.5537944250378312,0.11586841776500718,2.377994227994228,0.16418809409084936,19.409986127886857,,514859975234.98535,0.0,88.50953674316406,143.8597869873047
GOOGL,2023,2023-12-31,Communication Services,Internet Content & Information,0.5660205374415762,0.5660205374415762,0.26041096905557576,0.24006649446638517,0.566250479840205,0.09570575095543424,2.096584936563424,0.18339082287918249,23.659231251683728,,798229339508.0566,0.0,137.22354125976562,87.6256332397461
GOOGL,2024,2024-12-31,Communication Services,Internet Content & Information,0.36917980368343495,0.3600560095802735,0.30797578472025694,0.28603671811164,0.5820043540617911,0.07832129541903016,1.8369313974102914,0.22235794747876764,23.468266197698036,,1097579831954.956,0.07354321900157813,188.6848602294922,138.733154296875
GPC,2024,2024-12-31,Consumer Cyclical,Auto Parts,-0.10187562037234264,-0.1322349799460102,0.20843697628560104,0.0384933193094317,0.36291443846055166,1.3240021054053723,1.1556768144059268,0.04688533066289195,17.623182057965852,,15861655749.855042,0.6138101221578717,114.02198791503906,131.39730834960938
GPC,2023,2023-12-31,Consumer Cyclical,Auto Parts,-0.16007816759639726,-0.1836693208132537,0.29913881855840213,0.05701555740623569,0.3590495010742462,1.110228088907026,1.2272541496483567,0.07326862956601608,14.04162178979937,,18224634471.14563,0.40004891669274545,131.00833129882812,160.48439025878906
GPC,2022,2022-12-31,Consumer Cyclical,Auto Parts,0.2693473796496648,0.24117582228361725,0.3120284257734681,0.053525635644105826,0.3502947799583209,1.0987976613321733,1.1471002887026076,0.07169892853022655,18.900378946793207,,21848994085.121155,0.41930885320972927,157.06214904785156,126.54302978515624
GPC,2021,2021-12-31,Consumer Cyclical,Auto Parts,0.47182675238453164,0.43389712905858085,0.257478209503882,0.0476293433510806,0.35156103359156693,0.9162917225048428,1.1785040164349518,0.06262427622100233,20.311882790554773,,17603464144.927975,0.5180843133546212,126.54302978515624,88.2511215209961
GPC,2020,2020-12-31,Consumer Cyclical,Auto Parts,,-0.021940709428137434,,,,,,,,,12276656579.01764,,88.25111389160156,90.23084259033205
GPN,2020,2020-12-31,Industrials,Specialty Business Services,,0.18512936465694407,,,,,,,,,50190240911.288635,,206.87869262695312,174.56211853027344
GPN,2021,2021-12-31,Industrials,Specialty Business Services,-0.36392773793768496,-0.36910256902916594,0.037671781956134964,0.11326688849360177,0.5572700176283665,0.4713975046473219,1.0555613314231145,0.02132213161333421,39.67149728699658,,31664891715.225952,0.2690178774884511,130.51922607421875,206.8786773681641
GPN,2022,2022-12-31,Industrials,Specialty Business Services,-0.24388951311081586,-0.2525412075627076,0.004998900172914518,0.012421905595389233,0.5790083354548458,0.640522481084364,0.9152675485827674,0.0024881824000858397,243.8943862915039,,23668204491.131134,2.457149776219135,97.55775451660156,130.5192413330078
GPN,2023,2023-12-31,Industrials,Specialty Business Services,0.30299189309479213,0.29189098990989165,0.04288116852709289,0.10215353197328601,0.6139051971951911,0.7554964714005394,0.9936042661526123,0.019502261668564953,33.13716615226603,,30308206169.283916,0.2640664021585163,124.92711639404295,96.7009735107422
GPN,2024,2024-12-31,Industrials,Specialty Business Services,-0.10131573306318976,-0.10966823779719818,0.07048099865506834,0.15539100251793656,0.6279284148438525,0.7547066100208943,0.9654479638761664,0.03349022094249647,18.032123516132305,,26948283215.90576,0.1609886873433883,111.077880859375,124.76010131835938
GRMN,2024,2024-12-31,Technology,Scientific & Technical Instruments,0.656347792122167,0.6325342637345177,0.17983746491959252,0.2241476484551215,0.5870433449586249,0.01718643728312453,3.5388962355871705,0.14655854243490518,27.923130401193276,,39237744752.02842,0.40551254183682434,203.8388519287109,124.86038208007812
GRMN,2023,2023-12-31,Technology,Scientific & Technical Instruments,0.44239782049548326,0.4091255748378624,0.18391685182385775,0.24666676357604797,0.5747532827415358,0.016120084540063834,3.4059542819910473,0.14989546779946789,18.321469075278273,,23664639183.92693,0.43327652143705664,122.9370574951172,87.2435073852539
GRMN,2022,2022-12-31,Technology,Scientific & Technical Instruments,-0.2640468008278015,-0.2922737708410528,0.15691999471337806,0.20031434364150588,0.5774917360830206,0.01846143183642418,3.2643089709359665,0.12592983985606318,17.550301930261035,,17026767346.665192,0.697521017682072,88.45352172851562,124.98268127441406
GRMN,2021,2021-12-31,Technology,Scientific & Technical Instruments,0.18270577985380917,0.1590295178189054,0.17699899528291627,0.21718734164259215,0.58008788240335,0.011456031810752713,2.9429119123183543,0.13778217048805724,22.278551451875135,,24058407906.577335,0.4541277028275735,124.98267364501952,107.83390045166016
GRMN,2020,2020-12-31,Technology,Scientific & Technical Instruments,,0.25858843626764727,,,,,,,,,20757367028.228344,,107.83386993408205,85.67842102050781
GS,2020,2020-12-31,Financial Services,Capital Markets,,0.17453720486052937,,,,,,,,,72671577294.92188,,235.33541870117188,200.3643798828125
GS,2021,2021-12-31,Financial Services,Capital Markets,0.5136101964685929,0.4761127255892847,0.19681422047559266,0.36460001011139387,,2.928142568637083,,0.014778126596666092,5.843255768478404,,107271426123.04688,0.12595331638548649,347.3815612792969,235.33538818359372
GS,2022,2022-12-31,Financial Services,Capital Markets,-0.03676643476428667,-0.07109057990780812,0.09609263668091715,0.23774939301171752,,2.766462722610484,,0.007810381336094698,10.734730693235925,,99645438232.42188,0.3269691856851079,322.6860046386719,347.3815612792969
GS,2023,2023-12-31,Financial Services,Capital Markets,0.20904345597077567,0.1666567178809813,0.07284547281981096,0.18411380637350283,,2.8505880843419873,,0.0051876407930340875,16.326007584478848,,115298445019.53127,0.4918976045091592,373.3757934570313,320.03912353515625
GS,2024,2024-12-31,Financial Services,Capital Markets,0.5595720212203739,0.5203131008299257,0.11702023017148103,0.26678128270294516,,2.8079199318010426,,0.008518042067528575,13.910941908261902,,174147631835.9375,0.3150042028579434,563.9495849609375,370.9430541992188
GT,2020,2020-12-31,Consumer Cyclical,Auto Parts,-0.2820526700630998,-0.29046496027087454,,,,,,,,,3120766856.7727737,,10.90999984741211,15.376266479492188
GT,2021,2021-12-31,Consumer Cyclical,Auto Parts,0.9541704851518763,0.9541704851518763,0.15283056611322265,0.04371209520540108,0.21661517336079644,1.6843368673734747,1.1087416817906837,0.035697598355293896,7.377162524160629,,6098510482.5455475,0.0,21.31999969482422,10.90999984741211
GT,2022,2022-12-31,Consumer Cyclical,Auto Parts,-0.5220450409829466,-0.5220450409829466,0.03811320754716981,0.009709204518144677,0.18514780100937275,1.681132075471698,1.2135854341736694,0.009005394320360216,14.352112085046903,,2914813327.750128,0.0,10.1899995803833,21.31999969482422
GT,2023,2023-12-31,Consumer Cyclical,Auto Parts,,0.4000000563748388,-0.1476006855184233,-0.03433668892654241,0.1748729193660919,1.8528277634961439,1.0703791800755562,-0.03192475210823835,,,4064720235.9318066,,14.210000038146973,10.149999618530272
GT,2024,2024-12-31,Consumer Cyclical,Auto Parts,,-0.3715083664943838,0.01471825063078217,0.0037080199173641277,0.19610128191545714,1.8473507148864592,1.0402071691427013,0.0033390574317878267,37.5,,2574418158.0,,9.0,14.31999969482422
GWW,2020,2020-12-31,Industrials,Industrial Distribution,,0.2284825951535394,,,,,,,,,18529580432.782104,,387.3868103027344,315.337646484375
GWW,2021,2021-12-31,Industrials,Industrial Distribution,0.307242549438506,0.2879760596671218,0.5565635005336179,0.08009522346797728,0.36246352326831516,1.4738527214514408,2.625,0.15822208737864077,25.14843633097987,,23865657873.189575,0.3422818791946309,498.9449768066406,387.3868408203125
GWW,2022,2022-12-31,Industrials,Industrial Distribution,0.10235253671815984,0.08684908812411736,0.634016393442623,0.10158917783031259,0.3840950879957972,1.1086065573770492,2.476119402985075,0.20387453874538744,18.039850068742723,,25938368496.958252,0.2391725921137686,542.2778930664062,498.9449768066406
GWW,2023,2023-12-31,Industrials,Industrial Distribution,0.49238159353223326,0.47727753871462036,0.5871589085072231,0.11099648015535866,0.39422259983007646,0.8834670947030497,2.8803932277444018,0.22449981588314716,22.12409520392717,,38340220700.26196,0.21432476763258612,801.5559692382812,542.5899658203125
GWW,2024,2024-12-31,Industrials,Industrial Distribution,0.2928462838856781,0.2820703698027281,0.5684931506849316,0.11119524697110904,0.39363932898415654,0.9478856462179869,2.488937093275488,0.2162192773813569,27.051784049260526,,50088709090.6709,0.22053431115767416,1047.174560546875,816.7839965820312
Gap,2025,2025-01-31,Consumer Cyclical,Apparel Retail,0.3109750749463502,0.27797848585192325,0.25857843137254904,0.055945910115338726,0.41276680365902163,1.677389705882353,1.597972972972973,0.07101388304585612,10.675424229015002,,8714390402.408253,0.2665876777251185,23.485933303833008,18.37740898132324
Gap,2024,2024-01-31,Consumer Cyclical,Apparel Retail,0.5010988085345784,0.45217659690641465,0.19344894026974951,0.03371616629726644,0.38787023977433005,2.0967244701348746,1.4195736434108528,0.045454545454545456,13.253553589778159,,6589710354.133568,0.44223107569721115,17.759761810302734,12.229753494262695
Gap,2023,2023-01-31,Consumer Cyclical,Apparel Retail,-0.1644362700335586,-0.20307248807824016,-0.09046126287505597,-0.012935450819672132,0.34317366803278687,2.695924764890282,1.417997542997543,-0.017741085543650097,,,4537816108.70998,,12.229753494262695,15.34613037109375
Gap,2022,2022-01-31,Consumer Cyclical,Apparel Retail,-0.050422575675394064,-0.08667247718013163,0.0940484937545922,0.015356928614277145,0.39814037192561486,2.296473181484203,1.2668628893794456,0.020061123736384297,22.904676465845817,,5694140165.603315,0.8828125,15.3461332321167,16.80244255065918
Gap,2021,2021-01-31,Consumer Cyclical,Apparel Retail,,0.15680653121841306,,,,,,,,,6200634052.353939,,16.711172103881836,14.445952415466309
HAL,2024,2024-12-31,Energy,Oil & Gas Equipment & Services,-0.21158350013690658,-0.2319240559895941,0.23805444507900247,0.10900453277545327,0.18745641562064155,0.8187702265372169,2.0466115702479337,0.09774494860671434,9.389873949462027,,22656488335.118618,0.23990403838464613,26.57334327697754,34.597286224365234
HAL,2023,2023-12-31,Energy,Oil & Gas Equipment & Services,-0.04724072253315883,-0.0655037262005933,0.28090725162389524,0.114605960552611,0.18941697801720392,0.9380257693536365,2.058309557774608,0.10687517724749827,11.838552396591396,,29473238001.275208,0.21834723275208492,34.568572998046875,36.99166488647461
HAL,2022,2022-12-31,Energy,Oil & Gas Equipment & Services,0.69367224744157,0.6696109719319682,0.19778560644187218,0.07744986943883332,0.16322609252598907,1.1251887267237042,2.0490177736202058,0.06759836594280799,20.346525345725574,,30184633084.00171,0.2767175572519084,35.4029541015625,21.20431327819824
HAL,2021,2021-12-31,Energy,Oil & Gas Equipment & Services,0.230786966040299,0.2199230177262015,0.21704156115000744,0.0952598888525662,0.13180778032036614,1.5212274690898258,2.309103576405016,0.06527485327718292,13.00878115226886,,18078842072.45833,0.11050102951269733,21.20431327819824,17.381681442260742
HAL,2020,2020-12-31,Energy,Oil & Gas Equipment & Services,,-0.21227804442858583,,,,,,,,,14819659760.175354,,17.381683349609375,22.06575965881348
HAS,2024,2024-12-31,Consumer Cyclical,Leisure,0.20641079323965725,0.1476093649810686,0.33310297166551484,0.09324144601620118,0.6460645629307218,2.9462681409813407,1.600299721687005,0.06081731148368374,19.732310901988637,,7609558214.102783,1.0111514522821576,54.26385498046875,47.28425598144531
HAS,2023,2023-12-31,Consumer Cyclical,Leisure,-0.08796574163310913,-0.13948896785281625,-1.402486109803183,-0.29766354206223894,0.5734215417824235,3.292494585177512,1.1299358101536665,-0.22769037899983183,,,6480150894.460144,,46.21003723144531,53.70069122314453
HAS,2022,2022-12-31,Consumer Cyclical,Leisure,-0.33796493312500864,-0.3697235175071363,0.07183705168031629,0.034746529615653866,0.5893933443748186,1.414289748658571,1.3696396766680368,0.021891371464839337,37.34799737799658,,7646610622.895508,1.8933660933660934,54.528076171875,86.51453399658203
HAS,2021,2021-12-31,Consumer Cyclical,Leisure,0.15354675207119736,0.11900487848586451,0.14167685647245448,0.0667715407139742,0.6031555666313625,1.344723883803166,1.518017834602386,0.042708561637012095,27.907916653540827,,12132153919.146423,0.8735712619547469,86.51454162597656,77.3138198852539
HAS,2020,2020-12-31,Consumer Cyclical,Leisure,,-0.08423068143390862,,,,,,,,,10841914409.501038,,77.31382751464844,84.42500305175781
HBAN,2024,2024-12-31,Financial Services,Banks - Regional,0.39779548872154286,0.3371387885167756,0.09827760891590678,0.2626946513202437,,0.8323708206686931,,0.009499094158546736,12.950840934378203,,23058411817.110725,0.5391752577319587,15.800025939941406,11.81629467010498
HBAN,2023,2023-12-31,Financial Services,Banks - Regional,0.020413494195738763,-0.036716961985757586,0.10081124373482148,0.2671504861016021,,0.6405208494807006,,0.010302691056567108,9.634151766377109,,17434390128.83861,0.5299846232701179,11.946348190307615,12.401700973510742
HBAN,2022,2022-12-31,Financial Services,Banks - Regional,0.009666498835119303,-0.04369929445934888,0.1262196153629237,0.30851943755169564,,0.6463256443517004,,0.012235793248991286,8.552897880817284,,18098929163.602962,0.451295799821269,12.40170192718506,12.968412399291992
HBAN,2021,2021-12-31,Financial Services,Banks - Regional,0.33014798153166725,0.270534945549626,0.06710887702751724,0.21615756968786512,,0.3690729128880137,,0.007439792260318044,14.409344991048176,,18925978404.92396,0.6857142857142857,12.96841049194336,10.20704746246338
HBAN,2020,2020-12-31,Financial Services,Banks - Regional,,-0.11062878172460602,,,,,,,,,14896069331.195877,,10.207046508789062,11.476699829101562
HBI,2020,2020-12-31,Consumer Cyclical,Apparel Manufacturing,,0.032163647908775635,,,,,,,,,4705439153.306568,,13.300686836242676,12.886219024658203
HBI,2021,2021-12-31,Consumer Cyclical,Apparel Manufacturing,0.22877290057694039,0.18425335453774994,0.10992849750816022,0.011354400079985415,0.3898846386835342,5.327411091640771,1.5161249013236915,0.010920554184468332,71.5971903367476,,5572431702.326878,2.7126799958562104,15.751381874084473,13.30068588256836
HBI,2022,2022-12-31,Consumer Cyclical,Apparel Manufacturing,-0.5351738413041272,-0.5727358988009642,-0.31939617941867704,-0.03293043999845708,0.3487190280440995,10.798151477411968,1.7489676817656357,-0.019558183458602225,,,2380900022.7877064,,6.730000019073486,15.751381874084473
HBI,2023,2023-12-31,Consumer Cyclical,Apparel Manufacturing,-0.2971698590638832,-0.2971698590638832,-0.04226987764484814,-0.0048706017993145,0.3549747127674833,8.58617918555489,1.6368958583830493,-0.0031427328336684802,,,1581370367.3352299,,4.46999979019165,6.360000133514404
HBI,2024,2024-12-31,Consumer Cyclical,Apparel Manufacturing,0.8251121689910874,0.8251121689910874,-9.421670097030285,-0.09135756640602058,0.38761169833935766,75.01952366950897,1.3739055216492864,-0.0834251294149012,,,2879721686.1787148,,8.140000343322754,4.460000038146973
HCA,2024,2024-12-31,Healthcare,Medical Care Facilities,0.12858167239117518,0.11753660455829228,-2.304921968787515,0.08158293556931008,0.40618670594733935,-18.102040816326532,1.0815049087434934,0.09678557626064893,13.561757867986506,,69813990173.01941,0.11979166666666667,298.3586730957031,266.9788818359375
HCA,2023,2023-12-31,Healthcare,Medical Care Facilities,0.16990638289630244,0.15786168604107212,-2.9549041713641486,0.0806858761236301,0.3937169067848787,-23.595828635851184,1.1795337811141842,0.09325576844389888,14.314993142955984,,63542203151.48926,0.12609690957649752,271.555419921875,234.5318298339844
HCA,2022,2022-12-31,Healthcare,Medical Care Facilities,-0.03240868305921676,-0.043636313854520395,-2.039392844235634,0.09368618531369848,0.384789069114937,-14.52837007589447,1.3778024641486568,0.10761279987795111,12.412965938876878,,55622196564.76593,0.11571858940279993,237.7082977294922,248.5542907714844
HCA,2021,2021-12-31,Healthcare,Medical Care Facilities,0.5927243344303329,0.5758173755542823,-7.455519828510182,0.11839596949891068,0.38282952069716775,-39.363344051446944,1.4132748904195367,0.13708564896929565,11.74641989579949,,58160077726.26495,0.08970672800460035,248.5542449951172,157.73036193847656
HCA,2020,2020-12-31,Healthcare,Medical Care Facilities,,0.11885784696060203,,,,,,,,,36907883016.708374,,157.73037719726562,140.97445678710938
HD,2025,2025-01-31,Consumer Cyclical,Home Improvement Retail,0.1981822386618148,0.17219093262358826,2.2298192771084335,0.09281943904610254,0.3341901024361498,9.381024096385541,1.1054394473326123,0.15403822345217907,27.13336292167065,,402692070263.8988,0.6030663244630555,404.5584411621094,345.1301574707031
HD,2024,2024-01-31,Consumer Cyclical,Home Improvement Retail,0.14696809567526548,0.11910952231115478,14.504789272030651,0.09918844035134834,0.33379402498215094,50.0411877394636,1.3524869407222349,0.19787011629426368,22.390145201465298,,336754327040.3175,0.5535891170838011,338.3150939941406,302.3074035644531
HD,2023,2023-01-31,Consumer Cyclical,Home Improvement Retail,-0.07099103261676086,-0.0944313043920238,10.950704225352112,0.10867010158637383,0.3353049179494673,32.24327784891165,1.4050627434011251,0.2237556413107463,18.11308040813174,,300912661666.92755,0.45536392867582576,302.30731201171875,333.8314514160156
HD,2022,2022-01-31,Consumer Cyclical,Home Improvement Retail,0.41245786551488467,0.3833782740976037,-9.689268867924529,0.1087147799969568,0.3362861131141793,-27.28125,1.012616317568745,0.2286298625410429,21.49590801133391,,332291369088.1312,0.42505933183228867,333.8314514160156,241.31610107421875
HD,2021,2021-01-31,Consumer Cyclical,Home Improvement Retail,,0.211932177694894,,,,,,,,,239537603396.32895,,240.64779663085932,198.56539916992188
HIG,2024,2024-12-31,Financial Services,Insurance - Property & Casualty,0.4117227308102403,0.3854120284689156,0.18915303702802944,0.11791237113402062,,0.2654587462759166,,0.03844680351471261,10.440238915779743,,30382417392.599247,0.18547090967534555,108.05647277832033,77.99591064453125
HIG,2023,2023-12-31,Financial Services,Insurance - Property & Casualty,0.1264140344854533,0.0992405511658027,0.1633718274939649,0.10291820797369503,,0.2845958113133686,,0.03261265954675697,9.91037098347318,,22208527905.350098,0.21924920127795527,78.98565673828125,71.85475158691406
HIG,2022,2022-12-31,Financial Services,Insurance - Property & Casualty,0.14533099231729235,0.11603427908244711,0.133006727113191,0.08323419053720142,,0.3185873062298918,,0.024915077799693184,13.124984853407915,,20075633070.569458,0.2897196261682243,71.39991760253906,63.97645568847656
HIG,2021,2021-12-31,Financial Services,Insurance - Property & Casualty,0.48287600209918424,0.44230498166271,0.13288124194361936,0.1095200702110952,,0.27708345009247326,,0.030961895061244745,43.521395832502925,,17988364918.354828,0.21341206242091945,63.9764518737793,44.35708999633789
HIG,2020,2020-12-31,Financial Services,Insurance - Property & Casualty,,-0.16982108303163526,,,,,,,,,12471956449.611359,,44.35708999633789,53.43075942993164
HII,2024,2024-12-31,Industrials,Aerospace & Defense,-0.23561516479728836,-0.2566563151474038,0.1178739819974282,0.04768097095795405,0.12570437798006068,0.730390055722246,1.0792377131394182,0.04530104604233589,13.285135744635902,,7277586849.18074,0.37454545454545457,185.4604949951172,249.4949493408203
HII,2023,2023-12-31,Industrials,Aerospace & Defense,0.17720490570369707,0.15367977091067275,0.16638162716833618,0.059455212152959666,0.14370525580583202,0.6530662106034694,0.9498680738786279,0.06072224699063754,14.642446615155427,,9808060876.682098,0.2936857562408223,249.94656372070312,216.65159606933597
HII,2022,2022-12-31,Industrials,Aerospace & Defense,0.27905016514594355,0.25052009105841944,0.16595012897678418,0.05423379542899963,0.1348819782690146,0.9031241043278877,0.94853195164076,0.053329649074329924,14.852030323482943,,8415675919.6152935,0.3316062176165803,214.4633178710937,171.49929809570312
HII,2021,2021-12-31,Industrials,Aerospace & Defense,0.15213087039084905,0.12114412096496739,0.19373219373219372,0.057118857622847546,0.14363712725745484,1.2435897435897436,1.1495673671199012,0.051190364166745085,12.703652841073495,,6729741272.097,0.34191176470588236,171.4993133544922,152.96812438964844
HII,2020,2020-12-31,Industrials,Aerospace & Defense,,-0.304576594495145,,,,,,,,,6002567520.229828,,152.96817016601562,219.96408081054688
HLT,2024,2024-12-31,Consumer Cyclical,Lodging,0.36469318684090474,0.36113314405623553,-0.4118594043466595,0.1373724718095579,0.27411848935027744,-3.2205527233700026,0.6961702127659575,0.09290642779324537,40.1852287764658,,57350426373.43164,0.09771986970684039,246.7373046875,181.27345275878903
HLT,2023,2023-12-31,Consumer Cyclical,Lodging,0.436170920443949,0.4307455651769588,-0.48347457627118645,0.11148021494870543,0.2862725940400586,-4.288135593220339,0.7023105857066093,0.07408609830530485,41.40011829261692,,41666911782.418335,0.13847502191060473,179.26251220703125,125.29307556152344
HLT,2022,2022-12-31,Consumer Cyclical,Lodging,-0.19230158714540851,-0.19573456520775062,-1.1388384754990926,0.1430525475891941,0.3075344807933432,-8.794010889292196,0.8511269276393831,0.08090510572460032,27.36739438627466,,28815986202.940323,0.09800796812749003,123.97429656982422,154.14599609375
HLT,2021,2021-12-31,Consumer Cyclical,Lodging,0.4020311882619265,0.4020311882619265,-0.4993909866017052,0.07083621285418107,0.2859364201796821,-11.907429963459196,0.9509771447499172,0.02655268441163137,105.57942847683006,,35828943096.927795,0.0,154.14596557617188,109.94474792480467
HLT,2020,2020-12-31,Consumer Cyclical,Lodging,,0.004695142705314975,,,,,,,,,25555025734.73013,,109.94474792480467,109.4309539794922
HOG,2024,2024-12-31,Consumer Cyclical,Recreational Vehicles,-0.14483729541826248,-0.16603252435254082,0.14382509166793797,0.08779147536381762,0.3487883285307594,2.2193163904389293,1.4045384194604404,0.038324619985273,8.584135632182276,,3589385575.138832,0.20033512167376366,29.52942657470703,35.40836715698242
HOG,2023,2023-12-31,Consumer Cyclical,Recreational Vehicles,-0.09090930235193793,-0.11110157311480152,0.21722339590901155,0.12106376482529362,0.3738199647115949,2.212258762275548,1.5258056109097873,0.058200474212297064,7.162164613696339,,4239731553.6577415,0.13630329499876873,34.87974166870117,39.239288330078125
HOG,2022,2022-12-31,Consumer Cyclical,Recreational Vehicles,0.13031292647781156,0.10840629388452606,0.2553480793478534,0.12882558691115578,0.37075600377402423,2.3954680510098263,1.3443061744409233,0.06451246885353513,7.819865595909857,,4714613166.782032,0.12567978764728732,38.78653335571289,34.993064880371094
HOG,2021,2021-12-31,Consumer Cyclical,Recreational Vehicles,0.0655586401097838,0.042897140383912916,0.25458749731713853,0.12181155960263164,0.356065841776749,2.716807324329363,1.3611261762662035,0.058820085503148795,8.35156497636672,,4253505384.159622,0.14218859611337428,34.99305725097656,33.5536994934082
HOG,2020,2020-12-31,Consumer Cyclical,Recreational Vehicles,,0.0019120380484862292,,,,,,,,,4078546901.581955,,33.55369567871094,33.48966217041016
HOLX,2024,2024-09-30,Healthcare,Medical Instruments & Supplies,,0.1737751771388166,0.15389863547758284,0.19589112473016898,0.5527628216261816,0.5181286549707602,3.686174315464713,0.08622761031017911,24.536144302552007,,18130267782.294273,,81.45999908447266,69.4000015258789
HOLX,2023,2023-09-30,Healthcare,Medical Instruments & Supplies,,0.06742105284940518,0.0908927823955032,0.11314013497419612,0.5139688368400159,0.5788634415675018,3.4659985090698253,0.049894412044686136,37.63388128228526,,15328156223.86718,,68.87000274658203,64.5199966430664
HOLX,2022,2022-09-30,Healthcare,Medical Instruments & Supplies,,-0.1258637206721558,0.2670111972437554,0.2677469770502591,0.6163938471662417,0.5991550797752349,4.118588034552629,0.14353117558867626,12.576997396309242,,14359990542.579002,,64.5199966430664,73.80999755859375
HOLX,2021,2021-09-30,Healthcare,Medical Instruments & Supplies,,0.11042569885803565,0.44363058834684493,0.3322798856594997,0.6739342719670472,0.7454131702460532,2.388227313837805,0.20981176919023756,10.237170257779994,,16427633633.534729,,73.80999755859375,66.47000122070312
HON,2024,2024-12-31,Industrials,Conglomerates,0.12276806055186774,0.10015610410060109,0.30640743326709274,0.1481895163385111,0.3808509532962751,1.7307589021966807,1.3129469326307865,0.07586839725517315,25.532447648513738,,141193134746.2462,0.5086765994741455,222.3876190185547,202.14187622070312
HON,2023,2023-12-31,Industrials,Conglomerates,0.01905283422070017,-0.0031971157857082298,0.3568365287588295,0.15432873274780426,0.3727838088483989,1.3582240161453079,1.2677059172555154,0.09196261682242991,23.78482570895901,,127904657476.18033,0.5045952633439378,201.4574737548828,202.10362243652344
HON,2022,2022-12-31,Industrials,Conglomerates,0.07125695348016618,0.049027988442609007,0.29741869796969517,0.14002142897422884,0.3699035696159702,1.2299814337905013,1.2529842511786538,0.07974307507025291,27.7996708635123,,128314885364.9421,0.5475231574708015,202.1036071777344,192.6579742431641
HON,2021,2021-12-31,Industrials,Conglomerates,0.01845781175018269,-0.0029475591744651856,0.29845441326942757,0.1611421260758316,0.35854268434519654,1.1110452905379935,1.3005946278449867,0.08596246316116023,24.356254645153488,,122317885488.86943,0.47383616023096353,192.6579742431641,193.2275238037109
HON,2020,2020-12-31,Industrials,Conglomerates,,0.2297271235324391,,,,,,,,,122679509922.25465,,193.22755432128903,157.13043212890625
HOOD,2024,2024-12-31,Financial Services,Capital Markets,,1.9246467025849066,0.17699448068238835,0.47814300237207724,0.8292104371399526,0.9361515303562469,1.386599646486964,0.05388169702524153,23.88461430867513,,28837884896.087685,,37.2599983215332,12.739999771118164
HOOD,2023,2023-12-31,Financial Services,Capital Markets,,0.5196559415020416,-0.08079450418160096,-0.2900804289544236,0.753887399463807,0.5297192353643967,1.5762664944172742,-0.03069677712210622,,,9573930459.846888,,12.369999885559082,8.140000343322754
HOOD,2022,2022-12-31,Financial Services,Capital Markets,,-0.545045055204103,-0.14778608395629672,-0.7569955817378498,0.5670103092783505,0.2636572742955722,1.410016612317726,-0.04405022067960749,,,6253626362.231258,,8.079999923706055,17.760000228881836
HOOD,2021,2021-12-31,Financial Services,Capital Markets,,,-0.5055532702591526,-2.031404958677686,0.7195592286501378,0.5006170300287948,1.5617558921195431,-0.18650412261621732,,,13745594885.306225,,17.760000228881836,
HOOD,2020,2020-12-31,Financial Services,Capital Markets,,,,,,,,,,,,,,
HP,2024,2024-09-30,Energy,Oil & Gas Drilling,-0.20081081153599611,-0.24475098844733623,0.11797979673325215,0.12485094901086735,0.2644693276916151,0.6372352212020491,2.6671253319729993,0.05952457134318177,8.489225626686919,,2895493422.656542,0.48947161971728675,29.118043899536133,38.554229736328125
HP,2023,2023-09-30,Energy,Oil & Gas Drilling,0.20749512367893796,0.1446491752382492,0.15660495183342515,0.15112687172249473,0.26981037946735525,0.2164380725000478,2.4028419954598728,0.09906534889898484,8.869958840883696,,3669233259.5540886,0.464077401520387,36.89902877807617,32.23610305786133
HP,2022,2022-09-30,Energy,Oil & Gas Drilling,0.4356565950201018,0.3891172623545643,0.002514218187709006,0.0033769738273600448,0.11131191523421716,0.21057598847502343,2.5403206605709077,0.0015963610407089285,644.7219085693359,,3205551945.9788017,15.445850711922912,32.2360954284668,23.206172943115234
HP,2021,2021-09-30,Energy,Oil & Gas Drilling,1.042304409697604,0.9500827005009312,-0.11197829581496783,-0.2676502255105993,-0.12617925302486196,0.36941713606109694,1.83141522741387,-0.06478778449812957,,,2307618531.031786,,23.206178665161133,11.900099754333496
HPE,2024,2024-10-31,Technology,Communication Equipment,0.32583696810650087,0.2909776411031607,0.10392488716956802,0.08560427523483918,0.3278786470607761,0.7985170857511283,1.2881453817425788,0.03619039600348012,9.830965032231623,,25034932123.104843,0.26211709965102753,18.97376251220703,14.69720458984375
HPE,2023,2023-10-31,Technology,Communication Equipment,0.14676586579792467,0.1109582174802552,0.09560003776791616,0.06950403295006007,0.35143298438304443,0.6380417335473515,0.8659171922127776,0.03543121096005459,9.451459909414318,,19204923219.739544,0.305679012345679,14.555248260498049,13.101526260375977
HPE,2022,2022-10-31,Technology,Communication Equipment,0.04219826049589351,0.006057312839110134,0.0436971405557793,0.030460415496911846,0.3335906793935991,0.6788159484494563,0.8848709760938983,0.015195280359925074,19.850794474283852,,17286807119.89644,0.7154377880184332,13.101524353027344,13.022642135620115
HPE,2021,2021-10-31,Technology,Communication Equipment,0.8551744308209347,0.7913659549876232,0.17159881828651544,0.12334437086092716,0.3374604088684135,0.7299584397376195,0.9125537777348093,0.0593944435778783,5.15434279922367,,17546316649.09271,0.18237525532535745,13.29820442199707,7.423499584197998
HPE,2020,2020-10-31,Technology,Communication Equipment,,-0.43716889473048753,,,,,,,,,10101026585.050592,,7.655482292175293,13.601739883422852
HPQ,2024,2024-10-31,Technology,Computer Hardware,0.4345731608091953,0.38781151447875273,-2.0975056689342404,0.05181202038873019,0.2206538583618066,-8.238095238095237,0.7236727437515251,0.06953318800270615,12.147019681557218,,31904295403.162743,0.38738738738738737,34.13312530517578,24.59492874145508
HPQ,2023,2023-10-31,Technology,Computer Hardware,0.033036126815847604,-0.011794467619261072,-3.0523854069223573,0.060743140102014224,0.2142298670836591,-10.045837231057062,0.7341146684090166,0.08817965625337801,7.501719773181377,,22858700626.023544,0.3178057002758198,24.45560646057129,24.74748992919922
HPQ,2022,2022-10-31,Technology,Computer Hardware,-0.020546794128534333,-0.06257223174153528,-1.0353719008264464,0.04978540772532189,0.19492926402797647,-4.064132231404959,0.7535988392073008,0.08136332935002857,8.113932375048028,,23131528210.030964,0.33109833971902936,24.747493743896484,26.39936065673828
HPQ,2021,2021-10-31,Technology,Computer Hardware,0.8546022342418358,0.7886127051088656,-3.9787104622871046,0.10307280176489127,0.21126693980460132,-5.339416058394161,0.7628092632738034,0.16943401113845358,5.103214328329291,,25424014073.679455,0.14340314936554044,27.20013236999512,15.207390785217283
HPQ,2020,2020-10-31,Technology,Computer Hardware,,0.07434283478456462,,,,,,,,,14570527622.214077,,15.588422775268556,14.50972843170166
HRB,2025,2025-06-30,Consumer Cyclical,Personal Services,0.06793684226095491,0.038497039931955405,6.814401097912167,0.1610672175847083,0.44533002569798685,22.78221742260619,0.89522489431007,0.18559801807531975,12.400447697737222,,6960869458.281349,0.32574908422792037,54.437965393066406,52.419952392578125
HRB,2024,2024-06-30,Consumer Cyclical,Personal Services,0.8130463596849806,0.7661106693515233,6.571262997549507,0.16489190651203334,0.4483726910460407,21.663001964810032,1.2682292945664095,0.18494940676833985,12.840595986079242,,6764629290.140498,0.3019819692701535,52.90325546264648,29.954666137695312
HRB,2023,2023-06-30,Consumer Cyclical,Personal Services,-0.026158002285325485,-0.06938745470893748,17.268587824351297,0.15946730948955773,0.44603988554757307,60.34518463073852,1.264921994669689,0.18022574926975535,8.534094003530647,,3830241371.053607,0.32133826982120284,29.95466995239257,32.1881217956543
HRB,2022,2022-06-30,Consumer Cyclical,Personal Services,0.6365001531756868,0.5655688597756638,2.6162235211287572,0.15987029599193825,0.4567960338062005,9.08465205948089,1.386103304622587,0.1693628757007156,9.996311116662824,,4115828214.905102,0.33679746565668606,32.1881217956543,20.56001663208008
HRB,2021,2021-04-30,Consumer Cyclical,Personal Services,,0.42181243876648883,,,,,,,,,2464810948.9341235,,19.27622604370117,13.557502746582031
HRL,2024,2024-10-31,Consumer Defensive,Packaged Foods,0.01284663332821141,-0.024364885284138185,0.10071258610206896,0.06753222959840688,0.16963110771872048,0.35763878289893436,2.32007312232768,0.05992216143697428,19.942431547203842,,16123409968.722662,0.7638894064628006,29.31537437438965,30.04747772216797
HRL,2023,2023-10-31,Consumer Defensive,Packaged Foods,-0.25343454128198895,-0.2792081433726798,0.10259648333491707,0.06553025142010617,0.16513950029768762,0.4278341565517781,1.4262839479257505,0.05900702309474798,20.79266646812702,,16582104264.274183,0.7471684988885696,30.14936637878418,41.82811737060547
HRL,2022,2022-10-31,Consumer Defensive,Packaged Foods,0.1483549301513238,0.12116863403907888,0.13270727420492712,0.08026346987022673,0.17374746825658896,0.4378527736977133,2.4687497030407273,0.07514789862326508,22.982482071761247,,23005399009.173088,0.557846252001276,41.82811737060547,37.3076057434082
HRL,2021,2021-10-31,Consumer Defensive,Packaged Foods,-0.07612464074973435,-0.09876371811628992,0.1303390577469893,0.07981941982519349,0.16931969072355993,0.4766899143438948,2.082299770989239,0.07158281736397978,22.80902632747788,,20824581705.69184,0.5755848945742865,37.86298370361328,42.01227188110352
HRL,2020,2020-10-31,Consumer Defensive,Packaged Foods,,0.222684704912364,,,,,,,,,23472101666.612583,,42.67667007446289,34.90406799316406
HSIC,2024,2024-12-31,Healthcare,Medical Distribution,,-0.08598602846325491,0.11494252873563218,0.03077408664089008,0.31689418448670403,0.8458591217211907,1.4209775240813414,0.03816793893129771,22.688523589587604,,8391772771.518219,,69.19999694824219,75.70999908447266
HSIC,2023,2023-12-31,Healthcare,Medical Distribution,,-0.053962752469953114,0.11381668946648427,0.0337142394035173,0.312829240619175,0.7499316005471957,1.6727543794260156,0.03934550269554526,23.911391632466376,,9163039856.814575,,75.55999755859375,79.87000274658203
HSIC,2022,2022-12-31,Healthcare,Medical Distribution,,0.02669933867427041,0.15612304120719675,0.04253973274294299,0.30291768798924645,0.4344167150319211,1.7931654676258992,0.06250726153131173,20.358055875734294,,9652964295.75911,,79.5999984741211,77.52999877929688
HSIC,2021,2021-12-31,Healthcare,Medical Distribution,,0.15958716828508876,0.18423357664233578,0.05088299330699137,0.2962664301266027,0.35532846715328464,1.6662332032943217,0.07440160358448296,17.42247163579705,,9401938748.907288,,77.52999877929688,66.86000061035156
HSIC,2020,2020-12-31,Healthcare,Medical Distribution,,0.0020983121565800555,,,,,,,,,8108005164.296356,,66.86000061035156,66.72000122070312
HST,2024,2024-12-31,Real Estate,REIT - Hotel & Motel,0.005309325150659241,-0.054787522990718165,0.10546224844908458,0.12262491203377902,0.5336030964109781,0.8538356786200636,0.6521116678596993,0.05341814837522992,17.029827772968947,,11591649430.882687,1.0573888091822095,16.859529495239258,17.836761474609375
HST,2023,2023-12-31,Real Estate,REIT - Hotel & Motel,0.3480464286070118,0.2911295557869955,0.1115633951454847,0.13933345885897194,0.5366221050649596,0.719433137343585,1.0684462696783026,0.06044270195213591,17.35333662766677,,12408409528.204378,0.7391891891891892,18.04747009277344,13.978047370910645
HST,2022,2022-12-31,Real Estate,REIT - Hotel & Motel,-0.03840353280382462,-0.05329099666361856,0.09433681073025335,0.12899938862848992,0.5522722641124923,0.7128166915052161,0.958827634333566,0.05159344689868775,15.765385194258256,,9538652912.130241,0.23696682464454977,13.873538970947266,14.654491424560549
HST,2021,2021-12-31,Real Estate,REIT - Hotel & Motel,0.18865329948205878,0.18865329948205878,-0.0017078093463747865,-0.0038062283737024223,0.5166089965397924,0.8469181804067691,1.6612702366127023,-0.0008905440414507772,,,10075592521.052647,,14.65449333190918,12.328652381896973
HST,2020,2020-12-31,Real Estate,REIT - Hotel & Motel,,-0.1970847048802797,,,,,,,,,8476476484.8190155,,12.328651428222656,15.354859352111816
HSY,2024,2024-12-31,Consumer Defensive,Confectioners,-0.023617205655211315,-0.06505933223851972,0.4711351034455551,0.19828484655287953,0.4731979600907424,1.1554514923046315,0.9567277729072057,0.17156583360244618,15.131548647478823,,24473297822.450256,0.488376982395861,165.23651123046875,176.73475646972656
HSY,2023,2023-12-31,Consumer Defensive,Confectioners,-0.12626613114837537,-0.15415860159018493,0.4541956426383833,0.16675220188245546,0.4476327434896505,1.2504280222469106,0.968006071098063,0.1564140324647497,20.092025655784354,,26961149228.229675,0.47753636694208307,182.03375244140625,215.21026611328125
HSY,2022,2022-12-31,Consumer Defensive,Confectioners,0.22383638618723897,0.19420591337400203,0.49849827733771696,0.15786261525972872,0.4317744561195797,1.5511176695931317,0.80450786177135,0.15022778710399842,26.49473640786943,,31236268650.72434,0.4711952758270373,210.89810180664065,176.6011199951172
HSY,2021,2021-12-31,Consumer Defensive,Confectioners,0.3298115512924272,0.29582689034288706,0.5358684389290842,0.1646925090429665,0.4512814533664269,1.9498144695271955,0.9008921062056789,0.14190157709716583,24.838413501422952,,26156518152.277603,0.46428523084753287,176.6011199951172,136.2845001220703
HSY,2020,2020-12-31,Consumer Defensive,Confectioners,,0.058970180615111514,,,,,,,,,20185199276.477737,,136.28453063964844,128.69534301757812
HUBB,2024,2024-12-31,Industrials,Electrical Equipment & Parts,0.30504949527132524,0.2894123004456546,0.23798304929168068,0.1381895709336413,0.33829617127120903,0.5261450907199462,1.6396954952126825,0.11645281549909418,28.863801471707554,,22041031767.623413,0.3436616096682952,414.7728271484375,321.6758728027344
HUBB,2023,2023-12-31,Industrials,Electrical Equipment & Parts,0.431435982448035,0.4109844402508783,0.26409454292665974,0.1414133894172607,0.3514117143442089,0.7959680222453945,1.6376001209007103,0.10989297078391669,22.68557076776579,,16937435658.507416,0.32311134509081335,318.7322692871094,225.8935394287109
HUBB,2022,2022-12-31,Industrials,Electrical Equipment & Parts,0.17191261567033841,0.14990066754395595,0.2312253801516371,0.1103296347945593,0.2974191070959397,0.6599178279469694,1.8570509875976113,0.1010439418057972,23.93538474025302,,11994267465.661243,0.420589851621176,225.710678100586,196.287109375
HUBB,2021,2021-12-31,Industrials,Electrical Equipment & Parts,0.3841726117656302,0.35597591980182125,0.17916405058749663,0.09525285520135428,0.27455234734508,0.6864292761682662,1.7642696207285018,0.0756413897566979,26.96251292805095,,10430697947.919294,0.5429286608260325,196.2870941162109,144.75706481933594
HUBB,2020,2020-12-31,Industrials,Electrical Equipment & Parts,,0.08886495663672558,,,,,,,,,7692390916.460907,,144.75704956054688,132.9430694580078
HUM,2024,2024-12-31,Healthcare,Healthcare Plans,-0.4315520430629798,-0.43955137664983296,0.07370992366412214,0.01024957328827031,,0.7157862595419847,,0.025968717055014093,25.157347470820543,,30196685016.47575,0.35708367854183926,251.07032775878903,447.9809875488281
HUM,2023,2023-12-31,Healthcare,Healthcare Plans,-0.06799591579009935,-0.075200294885313,0.15305620464887468,0.023398574839716472,,0.7167630057803468,,0.052884308934452354,23.00035400390625,,55325888273.874756,0.17316191241462434,460.007080078125,497.4126586914063
HUM,2022,2022-12-31,Healthcare,Healthcare Plans,0.09342886189906917,0.08614554747262335,0.18326693227091634,0.030214278023042964,,0.7266671020834694,,0.06517245383811404,22.013144562209863,,58458145520.02521,0.1397006414825374,486.05023193359375,447.5000915527344
HUM,2021,2021-12-31,Healthcare,Healthcare Plans,0.14546710380103067,0.13798227552375178,0.1824004975124378,0.03531012231532312,,0.7769900497512437,,0.06612110555029532,19.739744155271282,,53821639002.5,0.12069553358336174,447.5,393.2398681640625
HUM,2020,2020-12-31,Healthcare,Healthcare Plans,,0.12708505116834065,,,,,,,,,47295677917.81662,,393.2398986816406,348.8999328613281
HWM,2024,2024-12-31,Industrials,Aerospace & Defense,1.0320756903229136,1.0270539741165747,0.2536231884057971,0.15545087483176312,0.2737550471063257,0.7621870882740448,2.170432537120723,0.10980131191177869,38.84115796072203,,43998679754.10457,0.09437229437229437,109.1436538696289,53.84348678588867
HWM,2023,2023-12-31,Industrials,Aerospace & Defense,0.37310765126458295,0.3684718445877572,0.18949715135001238,0.11521084337349398,0.24021084337349397,0.9499628436958137,1.858744394618834,0.07336018411967779,29.21064616552468,,21549312044.071003,0.09542483660130718,53.45548248291016,39.06217193603516
HWM,2022,2022-12-31,Industrials,Aerospace & Defense,0.2340920874808182,0.23062268837025726,0.130241599555679,0.08281829419035847,0.22867737948084055,1.187725631768953,2.120782726045884,0.04573378839590444,34.87861220901077,,15607140188.473915,0.09381663113006397,38.71525955200195,31.45989418029785
HWM,2021,2021-12-31,Industrials,Aerospace & Defense,0.11841083407392686,0.1167377935745293,0.07354618015963511,0.051890587288817375,0.22244569589702334,1.2388825541619157,2.184357541899441,0.02524708875623838,53.321848077289125,,12682309893.607798,0.07364341085271318,31.459890365600582,28.171241760253903
HWM,2020,2020-12-31,Industrials,Aerospace & Defense,,0.21026928563878228,,,,,,,,,11356572152.593721,,28.17124938964844,23.276844024658203
IBKR,2024,2024-12-31,Financial Services,Capital Markets,1.1543630626842767,1.1442909665389078,0.1764018691588785,0.08104336625161013,0.8904036066981537,0.0032710280373831778,1.1557724522238555,0.005028572950939777,25.390862799310067,,19586267453.601562,0.12185430463576159,43.98966979980469,20.51478576660156
IBKR,2023,2023-12-31,Financial Services,Capital Markets,0.17958732096857663,0.17429314008654442,0.16741071428571427,0.07705149608321561,0.8827533067933736,0.004743303571428571,1.1158470051829625,0.004678326094923237,14.760565379309275,,9315947638.098633,0.07,20.9231014251709,17.81761360168457
IBKR,2022,2022-12-31,Financial Services,Capital Markets,-0.09120664012643274,-0.09582749972849272,0.13342696629213482,0.09064885496183206,0.8144083969465649,0.006320224719101123,1.091071768916372,0.003300244044362228,18.75064697265625,,7826877058.705078,0.10526315789473684,17.578731536865234,19.441789627075195
IBKR,2021,2021-12-31,Financial Services,Capital Markets,0.3169209007191814,0.31116512681602776,0.12860125260960334,0.10476190476190476,0.7840136054421769,0.01127348643006263,1.142753623188406,0.0028227617240842062,24.002211770893613,,8656398888.72461,0.12337662337662338,19.441791534423828,14.827874183654783
IBKR,2020,2020-12-31,Financial Services,Capital Markets,,0.3171201530243791,,,,,,,,,6602064442.29834,,14.82787036895752,11.25779628753662
IBM,2024,2024-12-31,Technology,Information Technology Services,0.43535597866786746,0.39270450456367895,0.2205661551983008,0.0959794750848565,0.566522716045448,2.138499285897389,1.0404320801400035,0.04390741753234919,33.51084233071904,,200718844292.23544,1.0205877469699485,215.47471618652344,154.7167510986328
IBM,2023,2023-12-31,Technology,Information Technology Services,0.2542804103239069,0.2032147498363856,0.3329339191408157,0.12127384416424183,0.5544778532169414,2.6598766253938666,0.9644217806693629,0.055471343749306797,18.768730444755835,,142315149155.6184,0.8051186350306585,152.7774658203125,126.97439575195312
IBM,2022,2022-12-31,Technology,Information Technology Services,0.16718939061904142,0.11155244736649671,0.07473569084943492,0.027094002973732035,0.5400132165868164,2.461401749908859,0.924234248531979,0.012888724723560431,70.8717770046658,,118833163190.24277,3.626829268292683,127.56919860839844,114.76669311523438
IBM,2021,2021-12-31,Technology,Information Technology Services,0.23056822159567894,0.1665281662922662,0.30379345008200626,0.10012031176439817,0.5490052483827658,2.9172530553938945,0.8786400547309557,0.04349967045704199,18.07349257581816,,106907368763.69414,1.0221177290142807,114.76667785644533,98.38311767578124
IBM,2020,2020-12-31,Technology,Information Technology Services,,-0.011626083509440823,,,,,,,,,91645760096.01274,,98.38311004638672,99.54037475585938
ICE,2020,2020-12-31,Financial Services,Financial Data & Stock Exchanges,,0.2615224628466461,,,,,,,,,62080880557.120605,,108.45278930664062,85.96976470947266
ICE,2021,2021-12-31,Financial Services,Financial Data & Stock Exchanges,0.21143867412630726,0.1994059848225042,0.17869567131974107,0.44262652705061084,0.5473385689354275,0.6239816812717425,1.0057948908487657,0.020971359469152774,18.116843135908123,,74460184921.35718,0.18408082799408576,130.0789337158203,108.45279693603516
ICE,2022,2022-12-31,Financial Services,Financial Data & Stock Exchanges,-0.22294470989612544,-0.23440049530467033,0.06368360785695411,0.15006226650062265,0.5398505603985057,0.8093015062098123,1.0521280946028384,0.0074406446500427095,38.6001468628876,,57006687382.42969,0.5899031811894883,99.58837890625,130.07894897460938
ICE,2023,2023-12-31,Financial Services,Financial Data & Stock Exchanges,0.26849703829124727,0.2516401075520801,0.09207916942100557,0.23911945874987378,0.5714429970715945,0.890928179803243,1.0041003946777587,0.01740101701890009,29.564679494052054,,70909486501.88818,0.4032939189189189,123.87600708007812,98.970947265625
ICE,2024,2024-12-31,Financial Services,Financial Data & Stock Exchanges,0.18900640799169005,0.17457982167757216,0.09961297789995298,0.23416376158489924,0.554544681574696,0.7488335081564004,0.9948857101381305,0.019752130131680867,30.916439040435407,,84593015156.24121,0.37726942628903415,147.78057861328125,125.8156967163086
IDXX,2024,2024-12-31,Healthcare,Diagnostics & Research,,-0.25513014767308195,0.5565472104847137,0.22780399968800547,0.6103719200801333,0.6186547718222066,1.3108680832574846,0.2695862658014728,38.74789151278409,,33077140882.683964,,413.4400024414063,555.0499877929688
IDXX,2023,2023-12-31,Healthcare,Diagnostics & Research,,0.3425091036205551,0.5692320128256081,0.23082568937650935,0.5981966990562293,0.7189837861141236,1.5713926900090063,0.259221301103553,54.44234616713779,,43817771052.18396,,547.6900024414062,407.9599914550781
IDXX,2022,2022-12-31,Healthcare,Diagnostics & Research,,-0.3833945931155023,1.1155704351797247,0.20167022834749493,0.5952317032753605,2.414890174246021,0.8913046820569298,0.24723228962069926,50.56164505175903,,32482706592.23584,,406.010009765625,658.4600219726562
IDXX,2021,2021-12-31,Healthcare,Diagnostics & Research,,0.317262545070923,1.079498023165486,0.23165213226512738,0.5876268909235669,1.4942332664726548,1.2515469912085062,0.3056146738700059,76.5651188340298,,52679892569.15564,,658.4600219726562,499.8699951171875
IDXX,2020,2020-12-31,Healthcare,Diagnostics & Research,,0.9142572120025598,,,,,,,,,39991945999.13208,,499.8699951171875,261.1300048828125
IEX,2020,2020-12-31,Industrials,Specialty Industrial Machinery,,0.17219775622291733,,,,,,,,,14104344782.291016,,187.34033203125,159.81973266601562
IEX,2021,2021-12-31,Industrials,Specialty Industrial Machinery,0.20957489981216915,0.19815288655255298,0.16032250008918697,0.1625434027777778,0.44288917824074076,0.4642360244015554,3.495833333333333,0.09139347596192955,38.17386756948872,,16899160037.405025,0.35847797062750336,224.4623413085937,187.3403167724609
IEX,2022,2022-12-31,Industrials,Specialty Industrial Machinery,-0.006757617820310588,-0.017255180275948287,0.19310367518836574,0.1844495427260442,0.4484427543291744,0.5221268055144277,2.5741353936718174,0.10647870970082912,28.610793533028332,,16607563113.417664,0.3022661441472142,220.58921813964844,224.4623565673828
IEX,2023,2023-12-31,Industrials,Specialty Industrial Machinery,-0.03556457583309852,-0.047105633832193364,0.16832326198678488,0.18207642261522955,0.44194996792815905,0.3805557124301124,2.890865480711573,0.1016333628861761,26.641491932474125,,15745259719.035522,0.31991276631437676,209.13571166992188,219.47418212890625
IEX,2024,2024-12-31,Industrials,Specialty Industrial Machinery,-0.010633912596532187,-0.02354904255251493,0.13308034890768702,0.15449094468918256,0.4421194322075379,0.5234405881887896,2.529299666507861,0.07486694439090923,31.04923432131848,,15521747148.282166,0.4065346534653465,206.1669158935547,211.1390380859375
IFF,2020,2020-12-31,Basic Materials,Specialty Chemicals,,-0.1333630578814819,,,,,,,,,24547809827.471924,,95.782470703125,110.52202606201172
IFF,2021,2021-12-31,Basic Materials,Specialty Chemicals,0.44262803980492565,0.4154565729943287,0.012712266388388198,0.02299245024021963,0.32043582704186685,0.5776966132245518,1.9232039636663913,0.006757779010540118,123.25084339488636,,34746358772.90991,2.4888059701492535,135.575927734375,95.782470703125
IFF,2022,2022-12-31,Basic Materials,Specialty Chemicals,-0.25470883963126895,-0.2780206374647543,-0.10580572075899179,-0.15016077170418007,0.33368167202572346,0.6642877371849334,1.9935622317596566,-0.05258712910309104,,,25086151133.89192,,97.8830108642578,135.57591247558594
IFF,2023,2023-12-31,Basic Materials,Specialty Chemicals,-0.157078329521732,-0.19025611732688855,-0.1755526657997399,-0.22345152016726197,0.3206725324505619,0.7390322359865854,1.6745609366684406,-0.08280069726902964,,,20159525132.174034,,78.6599349975586,97.1417465209961
IFF,2024,2024-12-31,Basic Materials,Specialty Chemicals,0.08827958240574975,0.0626412495225849,0.017512251369270683,0.02115987460815047,0.359108324625566,0.6913375612568463,1.8446803600276944,0.008476645620399762,87.5003292686061,,21303943776.050423,2.1152263374485596,83.12531280517578,78.22518920898438
ILMN,2024,2024-12-31,Healthcare,Diagnostics & Research,,-0.01341818482913385,-0.5153813737884534,-0.27973467520585543,0.654391582799634,1.1049304677623262,1.7750484809308338,-0.19403458670474377,,,20538931750.48828,,133.6300048828125,135.4474639892578
ILMN,2023,2023-12-31,Healthcare,Diagnostics & Research,,-0.3194362460820793,-0.202088772845953,-0.2577708703374778,0.6092362344582594,0.393733681462141,1.6617834394904458,-0.11482543764217189,,,20574568217.46826,,133.8618621826172,196.69261169433597
ILMN,2022,2022-12-31,Healthcare,Diagnostics & Research,,-0.47200609233666857,-0.6673738445218973,-0.9607329842931938,0.6483420593368238,0.5387179875738748,1.28416877028489,-0.3594515181194907,,,30032800820.922848,,195.3988342285156,370.0778198242188
ILMN,2021,2021-12-31,Healthcare,Diagnostics & Research,,0.02821620952473025,0.07094972067039106,0.16836058329650905,0.6968625718073354,0.23649906890130354,2.4821591948764867,0.05007557337188671,73.42813885401166,,56880960906.98243,,370.0778198242188,359.92218017578125
ILMN,2020,2020-12-31,Healthcare,Diagnostics & Research,,0.1153312716194831,,,,,,,,,55320039093.01758,,359.92218017578125,322.70428466796875
INCY,2020,2020-12-31,Healthcare,Biotechnology,,-0.0038936823073623746,,,,,,,,,16985119747.629051,,86.9800033569336,87.31999969482422
INCY,2021,2021-12-31,Healthcare,Biotechnology,,-0.15612786050751698,0.25161273038437093,0.317647752193625,0.949438211653546,0.01188884680228456,3.650526508004139,0.19227920488949501,17.18969590769998,,14333269340.96775,,73.4000015258789,86.9800033569336
INCY,2022,2022-12-31,Healthcare,Biotechnology,,0.08378748498677589,0.07795211068623074,0.10035246793837924,0.9390214264567472,0.009486469361589468,3.5372321807451015,0.05832236486181096,52.335528323524876,,15534217930.685501,,79.55000305175781,73.4000015258789
INCY,2023,2023-12-31,Healthcare,Biotechnology,,-0.1851344970503062,0.11514793239171095,0.16170339769821215,0.9309999407411256,0.007377302986587055,3.7451472493487876,0.08811406248825034,24.69811205594045,,12780823094.314499,,65.44999694824219,80.31999969482422
INCY,2024,2024-12-31,Healthcare,Biotechnology,,0.10001590520352889,0.009460127368730037,0.007690009730697581,0.9264126310915004,0.01263013294937853,1.9727964907814188,0.005990644932463583,460.4666646321615,,13487723275.55645,,69.06999969482422,62.790000915527344
INTC,2024,2024-12-31,Technology,Semiconductors,-0.5888726684600029,-0.5956512243158846,-0.18893925657298277,-0.35321368712453627,0.32664168283083184,0.5037876498438602,1.3268659227275277,-0.09545766852431484,,,95382217992.33067,,20.049999237060547,49.58590316772461
INTC,2023,2023-12-31,Technology,Semiconductors,0.8762323617998883,0.8507625993007596,0.01599583293872526,0.031146271298959947,0.400365125027661,0.46657827445780853,1.5424018821516416,0.008816528511473493,117.92070388793945,,224389799741.40836,1.8283007696862048,47.16828155517578,25.485862731933597
INTC,2022,2022-12-31,Technology,Semiconductors,-0.4339783202887186,-0.460370517705875,0.07901560789958885,0.1270974085704317,0.426079233672725,0.4141762716543585,1.5676255636759446,0.04400806137186098,13.2861569984672,,122617982662.33743,0.7483154479660594,25.775144577026367,47.76452255249024
INTC,2021,2021-12-31,Technology,Semiconductors,0.08686752586506659,0.06052547125616277,0.2082796070908157,0.2514172909495849,0.5544518121077141,0.39951358094579154,2.1323283082077054,0.11797679417597948,9.828090275266042,,227226230020.28867,0.2840748943023958,47.76451873779297,45.03853988647461
INTC,2020,2020-12-31,Technology,Semiconductors,,-0.14688745242845816,,,,,,,,,214258136115.69577,,45.038536071777344,52.79319381713867
INTU,2025,2025-07-31,Technology,Software - Application,0.22730859825858898,0.22066612846247127,0.1962962962962963,0.2054590834262652,0.7956560989857151,0.33683409436834094,1.3603664416586307,0.10468640077926294,57.32975522357352,,218498852277.83203,0.30731455156371157,783.69775390625,642.024658203125
INTU,2024,2024-07-31,Technology,Software - Application,0.2881515328143768,0.2807532031057519,0.16071816012150142,0.18194657660423702,0.7872275099785079,0.3562052505966587,1.2919503404084902,0.09221336984937134,61.55558190204039,,178999701847.229,0.34897063786702665,642.0247192382812,501.2868347167969
INTU,2023,2023-07-31,Technology,Software - Application,0.1372221614705097,0.130078856823211,0.13805084255023453,0.16592427616926503,0.78125,0.38734147895072096,1.46622691292876,0.08581713462922966,59.90991297923471,,140640803286.438,0.3729026845637584,504.44146728515625,446.3772277832031
INTU,2022,2022-07-31,Technology,Software - Application,-0.1437819386178449,-0.14916447572477395,0.12566145611580803,0.16234480590916234,0.8109382366808109,0.45860957362690835,1.390358126721763,0.07449340160092305,60.27921739515368,,122348751658.63039,0.37463697967086157,438.8327026367188,515.7667846679688
INTU,2021,2021-07-31,Technology,Software - Application,,0.7321117191701488,,,,,,,,,143130887249.45068,,513.3727416992188,296.3854675292969
INVH,2020,2020-12-31,Real Estate,REIT - Residential,,0.011870861397462268,,,,,,,,,15784817850.89199,,25.749765396118164,25.44767951965332
INVH,2021,2021-12-31,Real Estate,REIT - Residential,0.5807532698584529,0.555804488405956,0.026682168197529593,0.13093410597436161,0.6104612055904619,0.8163777939855938,5.061554590384904,0.014102231726382882,89.02578565809462,,24558092280.16655,1.5064052787606388,40.06160354614258,25.7497673034668
INVH,2022,2022-12-31,Real Estate,REIT - Residential,-0.3170470471595112,-0.33899635190100696,0.03724771754742968,0.17127268811650487,0.609365624110582,0.7549138878097725,3.414629352444021,0.02067945397855973,42.03311677963015,,16232987041.823921,1.4061889395271425,26.480863571166992,40.06159973144531
INVH,2023,2023-12-31,Real Estate,REIT - Residential,0.2538451856748506,0.21503852806720866,0.05114922049304788,0.21357344842982587,0.5986708756153696,0.8414805438101389,5.705259484520664,0.02702621569455897,38.34485222311581,,19979853166.336975,1.2284232005698115,32.59312438964844,26.824766159057617
INVH,2024,2024-12-31,Real Estate,REIT - Residential,0.0037606046837686995,-0.03125213450578952,0.04652331449238702,0.17332075318964682,0.5903830630842531,0.8406785282497352,0.8245035825703276,0.02427240197570701,42.039703678440404,,19070306101.72367,1.5184361898761227,31.1093807220459,32.112979888916016
IP,2024,2024-12-31,Consumer Cyclical,Packaging & Containers,0.5893398131662446,0.5532073825692494,0.06815122965863209,0.029915677533702133,0.2815940705730705,0.7161385048329867,1.5086895255988728,0.02442982456140351,33.34451420291973,,27640331151.015263,1.1543985637342908,52.350887298583984,33.705020904541016
IP,2023,2023-12-31,Consumer Cyclical,Packaging & Containers,0.1537040779559672,0.11394603302738013,0.03447037701974865,0.015225206174666949,0.2794988369634172,0.7067624177139438,1.6691083606971457,0.012381238983706633,41.54713793498714,,17987638841.098156,2.2291666666666665,34.06865310668945,30.583755493164062
IP,2022,2022-12-31,Consumer Cyclical,Packaging & Containers,-0.18104176148582166,-0.21311500271735834,0.17700364834647522,0.07107414583431784,0.2843910968290724,0.6898905496057433,1.354,0.06282372598162071,7.627468574337844,,16511384033.444788,0.4474734042553192,31.27262115478516,39.74230194091797
IP,2021,2021-12-31,Consumer Cyclical,Packaging & Containers,0.07332329237600337,0.034855090386607744,0.19290905086985247,0.09048184682125704,0.2856478851417652,0.6402774719224841,1.7123552123552124,0.06940537970922632,8.890896142195801,,20983225852.98029,0.4452054794520548,39.742305755615234,38.40373992919922
IP,2020,2020-12-31,Consumer Cyclical,Packaging & Containers,,0.13840766906112803,,,,,,,,,20276485049.5619,,38.40373611450195,33.7346076965332
IPG,2020,2020-12-31,Communication Services,Advertising Agencies,,0.07209105731658434,,,,,,,,,7150684662.826366,,19.52318000793457,18.21037483215332
IPG,2021,2021-12-31,Communication Services,Advertising Agencies,0.7067504212528326,0.6469379785851009,0.2702212138400454,0.093040514808558,0.18093489702852344,1.36091888825865,1.031386593204775,0.04785727201494786,13.453335941586035,,11776736445.188904,0.448887489504618,32.153472900390625,19.52318382263184
IPG,2022,2022-12-31,Communication Services,Advertising Agencies,-0.026109704510944284,-0.06494050544096351,0.2595031262103691,0.0858361243800216,0.168807994289793,1.2536933547280473,1.0342575526885167,0.049862585518586834,12.685824044143097,,11011946615.071678,0.4875266524520256,30.06540298461914,32.153465270996094
IPG,2023,2023-12-31,Communication Services,Advertising Agencies,0.0746044540025271,0.030470214610183243,0.2785978795718561,0.10086966104340958,0.16660391393386167,1.1848019073707705,1.0599657338663622,0.05700850664078516,10.716279682360195,,11186287259.441984,0.43617989803350327,30.54139709472656,29.6383113861084
IPG,2024,2024-12-31,Communication Services,Advertising Agencies,-0.05962723458605017,-0.10463745375383542,0.18157160162216254,0.06448927672867738,0.1701974428762498,1.120398167167009,1.0869030539044886,0.03762455117921182,14.735296906017863,,9876590526.121958,0.7200870195794054,26.96559333801269,30.1169548034668
IPGP,2024,2024-12-31,Technology,Semiconductor Equipment & Materials,,-0.3300165781526167,-0.08966589296660708,-0.1857739061377457,0.3460681953549871,0.008870959376548243,6.979816504811749,-0.07929448067151713,,,3070232488.497986,,72.72000122070312,108.54000091552734
IPGP,2023,2023-12-31,Technology,Semiconductor Equipment & Materials,,0.12580547050244048,0.09061826582511691,0.1700103849580446,0.42075624553862356,0.007560285420336717,8.911128590111746,0.08109902634334458,23.01943884040058,,4499798937.746978,,106.58000183105467,94.66999816894533
IPGP,2022,2022-12-31,Technology,Semiconductor Equipment & Materials,,-0.4394678854078589,0.04607648321427374,0.07688379605567358,0.3885237771126098,0.015952309085421067,7.2321242617769785,0.04006481292467411,44.6712953073007,,4073799797.6285243,,96.48999786376952,172.13999938964844
IPGP,2021,2021-12-31,Technology,Semiconductor Equipment & Materials,,-0.23079670872703348,0.10136817324223343,0.1905836288213792,0.4767041331818244,0.02116521552970201,7.490222790835681,0.0878134324121443,33.36046499799388,,7267736658.751007,,172.13999938964844,223.7899932861328
IPGP,2020,2020-12-31,Technology,Semiconductor Equipment & Materials,,0.5442312732107696,,,,,,,,,9448395165.761078,,223.7899932861328,144.9199981689453
IQV,2024,2024-12-31,Healthcare,Diagnostics & Research,,-0.15070451050269962,0.22630624690951046,0.08912690684842584,0.3489126906848426,2.3332783912971813,0.8378611470461406,0.051042789694784194,26.236314353382642,,33406699066.16212,,196.509994506836,231.3800048828125
IQV,2023,2023-12-31,Healthcare,Diagnostics & Research,,0.12445702609186657,0.22218586387434555,0.09063000533902829,0.34963961558996265,2.2735602094240837,0.8621167770759514,0.05089764251714703,31.60356644576796,,39166299896.240234,,230.38999938964844,204.88999938964844
IQV,2022,2022-12-31,Healthcare,Diagnostics & Research,,-0.2774509462460589,0.18924544666088464,0.07571131158917419,0.34892435808466343,2.256895056374675,0.8929723915381858,0.04305955716935707,35.639860246564965,,34656200103.75977,,203.8600006103516,282.1400146484375
IQV,2021,2021-12-31,Healthcare,Diagnostics & Research,,0.5747056847229431,0.15988083416087387,0.06962663975782038,0.334510595358224,2.058589870903674,0.9087960312917382,0.03912673660334562,56.9979827572601,,47963802490.234375,,282.1400146484375,179.1699981689453
IQV,2020,2020-12-31,Healthcare,Diagnostics & Research,,0.15960134967850478,,,,,,,,,30458899688.720703,,179.1699981689453,154.50999450683594
IR,2024,2024-12-31,Industrials,Specialty Industrial Machinery,0.1716903642763363,0.1706379133775216,0.08238530307495824,0.11590877677954388,0.43814789219073946,0.47291482463896256,2.289020836769476,0.04656353762951282,43.880421906999004,,35927191135.16757,0.038516575244455044,90.39366912841795,77.21744537353516
IR,2023,2023-12-31,Industrials,Specialty Industrial Machinery,0.4719362769221489,0.47037165139315457,0.07959075205952697,0.11324733497185904,0.4191620249850933,0.28263047077822523,2.2166037322826027,0.05003373277219134,40.320217734888985,,30448206693.750534,0.04160780788493643,76.60841369628906,52.10139465332031
IR,2022,2022-12-31,Industrials,Specialty Industrial Machinery,-0.1406351235448108,-0.1419586392100685,0.06575828095434873,0.1022091509896388,0.39308351503473454,0.3036386176297875,2.369952210274791,0.040952464800655564,35.951876478130316,,21005070676.047287,0.053580287745989746,52.84925842285156,61.59290313720703
IR,2021,2021-12-31,Industrials,Specialty Industrial Machinery,0.35891351971796476,0.3584584852737991,0.06248958506915514,0.10917242450120332,0.38593665088114276,0.3861023162806199,2.803638345710976,0.037117687815500344,45.96485593425694,,24480255774.195347,0.014577777777777778,61.5929069519043,45.340293884277344
IR,2020,2020-12-31,Industrials,Specialty Industrial Machinery,,0.24209366988839984,,,,,,,,,18020612318.984127,,45.34029006958008,36.503116607666016
IRM,2024,2024-12-31,Real Estate,REIT - Specialty,0.5850835795304348,0.5448003813297426,-0.3580761723796614,0.029294091993881534,0.5615302600412462,-32.53547250964975,0.5478041314751683,0.009625201319754674,168.05491212938654,,30277179199.96662,4.382462976531451,102.51349639892578,66.3603515625
IRM,2023,2023-12-31,Real Estate,REIT - Specialty,0.49215345049102327,0.43700594533365744,0.8704736165709102,0.03361757016828857,0.5697672148311886,69.86770014363472,0.7761176609480062,0.010543440975238245,103.3018566313244,,19221312597.01767,4.003875506149788,65.08016967773438,45.28872680664063
IRM,2022,2022-12-31,Real Estate,REIT - Specialty,0.049730179850611185,-0.004383832356244664,0.8748374348954243,0.10913548035161241,0.571061377771734,20.869432734172285,0.8068283509702936,0.03450825667633633,23.750102394505554,,13327646112.992382,1.3005614195098216,45.12519454956055,45.32388687133789
IRM,2021,2021-12-31,Real Estate,REIT - Specialty,0.9782873496089193,0.8775346924172874,0.5259862702581454,0.10023731329027898,0.5798250084436688,13.672507336860011,0.7140004359500243,0.031156957379537803,29.241217336347024,,13386329537.55045,1.5955346175972138,45.32388687133789,24.140106201171875
IRM,2020,2020-12-31,Real Estate,REIT - Specialty,,0.009850622915837683,,,,,,,,,7129738644.4916725,,24.14011001586914,23.904634475708008
ISRG,2020,2020-12-31,Healthcare,Medical Instruments & Supplies,,0.38391275302544886,,,,,,,,,97756547562.13391,,272.70001220703125,197.0500030517578
ISRG,2021,2021-12-31,Healthcare,Medical Instruments & Supplies,,0.31756498609978656,0.14323045768878506,0.29852366858724017,0.6932453021838497,0.00731024863247935,5.0834058097060355,0.12575433419402435,77.10300167231088,,128800604229.86609,,359.29998779296875,272.70001220703125
ISRG,2022,2022-12-31,Healthcare,Medical Instruments & Supplies,,-0.26070132505579036,0.11975294106992455,0.2125132589759249,0.6743595512841117,,4.397018493776809,0.10191922306150764,72.77534380351028,,95222116039.15356,,265.6300048828125,359.29998779296875
ISRG,2023,2023-12-31,Healthcare,Medical Instruments & Supplies,,0.24733372290637745,0.135110763774084,0.25238275712019764,0.6638733313681728,,4.75553144028456,0.11643946507787456,65.801195027103,,118648557894.22052,,330.9800109863281,265.3500061035156
ISRG,2024,2024-12-31,Healthcare,Medical Instruments & Supplies,,0.5471900777702555,0.14133153215648334,0.27808575088899795,0.6745848349516887,,4.074371168280525,0.12391694054377055,81.30218410789038,,187110404948.44104,,521.9600219726562,337.3599853515625
IT,2024,2024-12-31,Technology,Information Technology Services,,0.07395095864070099,0.9224128861090858,0.20003714452427007,0.677215679648263,2.1336610826173934,1.0573227721934102,0.14689669935724528,30.279375076293945,,36691720696.10092,,484.4700012207031,451.1099853515625
IT,2023,2023-12-31,Technology,Information Technology Services,,0.30079723015812776,1.2965352891568742,0.1493943750385139,0.6777968212392305,4.510787001530925,0.9073957062449589,0.11261806049807305,39.4629963898917,,33115476363.75,,437.25,336.1400146484375
IT,2022,2022-12-31,Technology,Information Technology Services,,0.009481882150959771,3.5461198078999816,0.1475204014137724,0.6906832295868073,13.86487589882264,0.7744349010451412,0.11066139926156233,33.884537172126,,25560072714.942627,,337.489990234375,334.32000732421875
IT,2021,2021-12-31,Technology,Information Technology Services,,1.0870216756910605,2.138641398379768,0.16763125686264485,0.6949504453140942,8.759503905049884,0.7754514943263545,0.10700179765608946,36.29967506234731,,25319991539.10553,,334.32000732421875,160.19000244140625
IT,2020,2020-12-31,Technology,Information Technology Services,,0.039519767012856,,,,,,,,,12132117185.951843,,160.19000244140625,154.10000610351562
ITT,2024,2024-12-31,Industrials,Specialty Industrial Machinery,0.22002415932696878,0.20859095401548397,0.18761311807717368,0.1427548406643347,0.3435425675489575,0.2738362412220372,1.3986648664866486,0.11002611076910013,22.522825210813494,,11067716308.59375,0.20200655990738955,141.893798828125,117.4043197631836
ITT,2023,2023-12-31,Industrials,Specialty Industrial Machinery,0.4748837362564342,0.4593054255884325,0.16236848350605174,0.12503807493146513,0.3372829728906488,0.11280753104975873,1.7900366159182888,0.104383868178813,23.19610503412062,,8974109115.600586,0.23337393422655298,115.05268096923828,78.84071350097656
ITT,2022,2022-12-31,Industrials,Specialty Industrial Machinery,-0.1751837250159232,-0.18668973975781045,0.1632489657933366,0.12283696488937978,0.3086989992301771,0.23869044971309106,1.5493884436946437,0.09708224215009391,18.186598825672448,,6213269622.802734,0.23950953678474116,79.65730285644531,97.94208526611328
ITT,2021,2021-12-31,Industrials,Specialty Industrial Machinery,0.3528113941682709,0.33952048415917757,0.14210620900350435,0.11439421338155516,0.32531645569620254,0.1310090753886243,1.8551114941290532,0.08871374880798788,26.76012633276767,,7639480865.478515,0.23964590578564654,97.94206237792967,73.11725616455078
ITT,2020,2020-12-31,Industrials,Specialty Industrial Machinery,,0.0546939182476781,,,,,,,,,5703145980.834961,,73.11725616455078,69.32556915283203
ITW,2020,2020-12-31,Industrials,Specialty Industrial Machinery,,0.16424288656114241,,,,,,,,,53276513282.77588,,182.7667694091797,156.98336791992188
ITW,2021,2021-12-31,Industrials,Specialty Industrial Machinery,0.2634163598187019,0.23595585634896013,0.7431724137931035,0.18637149775164302,0.41272915946039435,2.1740689655172414,1.8368876080691643,0.16756857622690802,26.544262967854912,,65847424095.15381,0.5430586488492948,225.8916778564453,182.76678466796875
ITW,2022,2022-12-31,Industrials,Specialty Industrial Machinery,-0.06107315495070702,-0.08449092274811458,0.9825129533678757,0.1904343459703741,0.40817223198594027,2.574158031088083,1.405829596412556,0.19673194138244066,21.167443547790594,,60283926689.14796,0.5082399472643375,206.8059234619141,225.8917236328125
ITW,2023,2023-12-31,Industrials,Specialty Industrial Machinery,0.2361690110633466,0.20937668171659657,0.9817397078353254,0.18358477680511578,0.42161793009250637,2.7788844621513946,1.3336898395721926,0.19055290630235855,25.67592675680986,,72899348007.20213,0.5461616503212715,250.08352661132807,206.78712463378903
ITW,2024,2024-12-31,Industrials,Specialty Industrial Machinery,0.013467789770394319,-0.00966360866664271,1.051869722557298,0.2193986664989307,0.44282299660334634,2.436067551266586,1.3593314763231197,0.23149930311276298,21.259600397463437,,72568901870.72754,0.4859518348623853,248.94992065429688,251.379150390625
IVZ,2024,2024-12-31,Financial Services,Asset Management,0.1134589646320143,0.030243678113839333,0.05321465119952747,0.1277072688313829,0.3341354870611505,0.5183002630512572,3.1419797687861273,0.028686840263764907,14.311101881124205,,7531034929.018387,0.7851058337635519,16.887100219726562,16.39136505126953
IVZ,2023,2023-12-31,Financial Services,Asset Management,0.12127778502341117,0.03652400550359734,-0.006638077492190497,-0.01695122804562312,0.35081519837660063,0.6196224036827972,2.2981029810298104,-0.003349024324492462,,,7273077726.626713,,16.308673858642578,15.734004974365234
IVZ,2022,2022-12-31,Financial Services,Asset Management,-0.11044496977227916,-0.1766683019089565,0.060518220539517276,0.15220949263502456,0.40298236042916896,0.5625361518641215,1.6228297744961087,0.030940826970642005,10.694738682484466,,7106504360.9938345,0.6208319756706854,15.935160636901855,19.35448455810547
IVZ,2021,2021-12-31,Financial Services,Asset Management,0.4411470894989371,0.3556290905452273,0.1051768866402509,0.23639132641960983,0.41103778374066285,0.6266859407065141,1.2549168749320874,0.049862936583694346,6.4730723964729435,,8631399808.611345,0.33409007240152166,19.3544864654541,14.277125358581545
IVZ,2020,2020-12-31,Financial Services,Asset Management,,0.030554158711539606,,,,,,,,,6367079841.89861,,14.27712345123291,13.85383129119873
J,2024,2024-09-30,Industrials,Engineering & Construction,0.16795237056062523,0.15718895048712875,0.1771840525494525,0.07008930834442155,0.2463064544022963,0.6049429526579707,1.1999732335949758,0.0685511231605055,20.31892945494833,,15350351471.317184,0.17712472382218925,128.41563415527344,110.97205352783205
J,2023,2023-09-30,Industrials,Engineering & Construction,0.2587809355877819,0.24652120414086995,0.1017040368334703,0.06135390575611303,0.2498161530933279,0.5296577261381378,1.3704220319228788,0.04554778923794028,20.60986212964328,,13057239771.438202,0.19288740824630468,109.23226928710938,87.62969207763672
J,2022,2022-09-30,Industrials,Engineering & Construction,-0.16482176323440392,-0.17396520898628812,0.1062760806170768,0.06583196651686372,0.26371659868871483,0.687335067530729,1.4525435694411761,0.04393046337897982,17.596323710368818,,10474943970.517967,0.18003257566700154,87.62969207763672,106.08474731445312
J,2021,2021-09-30,Industrials,Engineering & Construction,0.4505746870470293,0.4384162577111378,0.08030752649687098,0.033849603111753716,0.21598321732945272,0.6437937044542286,1.337070597310092,0.03260047473420495,33.15147638320922,,12680993372.754309,0.22469865626899777,106.08472442626952,73.75106048583984
JBHT,2020,2020-12-31,Industrials,Integrated Freight & Logistics,,0.18110096093948916,,,,,,,,,12458466609.527588,,130.8415069580078,110.7792739868164
JBHT,2021,2021-12-31,Industrials,Integrated Freight & Logistics,0.5163975413555133,0.5064089915272936,0.24401889014617925,0.06252359614348822,0.1536630994201163,0.41735272382975774,1.337516766882516,0.11197630736606368,27.605154000076595,,18767543932.556152,0.16356600762875162,197.10079956054688,130.84149169921875
JBHT,2022,2022-12-31,Industrials,Integrated Freight & Logistics,-0.13902692632927258,-0.14791056078880266,0.2643611485646215,0.0654347958306194,0.16690476352806558,0.3441008539400366,1.4103649271057643,0.12448992382023331,18.23534307987242,,15991625984.863281,0.171995489765833,167.947509765625,197.10079956054688
JBHT,2023,2023-12-31,Industrials,Integrated Freight & Logistics,0.14204406173217066,0.13127951015757847,0.17746831075321692,0.05676586255369879,0.17226786513911313,0.38405481024953225,1.3502182444061963,0.08480140304987757,27.537006832434766,,18275470454.49829,0.23877674598063675,191.9329376220703,169.66004943847656
JBHT,2024,2024-12-31,Industrials,Integrated Freight & Logistics,-0.12810952815809357,-0.1375105382635743,0.1422058261230214,0.04723060850135399,0.17068943322210828,0.36809071105902225,1.0553878334247098,0.0686799153540489,30.420682070066604,,16105076569.732666,0.3074922138570573,169.1389923095703,196.10557556152344
JBL,2024,2024-08-31,Technology,Electronic Components,-0.09825650258942871,-0.10167817102686202,0.7990788716177317,0.0480559498667036,0.09264965550669944,1.8750719631548647,1.0856391105075538,0.0799953893147369,9.239896195427903,,11026643144.060347,0.03025936599423631,103.20964050292967,114.89160919189452
JBL,2023,2023-08-31,Technology,Electronic Components,0.9120323367563659,0.9049874766926624,0.2854152128401954,0.02357212840758458,0.08261771655812346,1.1332868108862526,1.160299330445057,0.042112850082372325,18.919633630898307,,12168366110.327711,0.0550122249388753,113.8961944580078,59.788421630859375
JBL,2022,2022-08-31,Technology,Electronic Components,-0.011413241194414987,-0.018786586931733025,0.40636474908200737,0.029750881175697474,0.07861879443216441,1.3916768665850674,1.0154048331751477,0.05051478419637876,8.664988089298856,,6387635342.922115,0.04819277108433735,59.78841781616211,60.933143615722656
JBL,2021,2021-08-31,Technology,Electronic Components,0.8356308878301374,0.8216396570769338,0.3258426966292135,0.02376643332764214,0.08055318422400547,1.5538389513108615,1.0181596929701395,0.04179176173892158,13.304177330050406,,6509933576.286068,0.07183908045977011,60.93313217163086,33.449607849121094
JCI,2024,2024-09-30,Industrials,Building Products & Equipment,0.5221716631609472,0.49241013459992283,0.10591377810908187,0.07428546531892645,0.35190833042872083,0.5897005839234688,0.9350899205353409,0.03993441855018152,30.4087653992668,,50145614380.653076,0.5865102639296188,76.63008880615234,51.34653472900391
JCI,2023,2023-09-30,Industrials,Building Products & Equipment,0.12219399641894658,0.08990188171434924,0.11175581746751284,0.08279969549057364,0.34946934754377323,0.5333333333333333,0.9686936124142909,0.04377160172340325,18.790186204874825,,33076305279.195557,0.5300162249864792,50.54560089111328,46.37628555297852
JCI,2022,2022-09-30,Industrials,Building Products & Equipment,-0.23712329430369858,-0.25947475071847426,0.09417260880255716,0.07423559625914619,0.3435576876483985,0.5507745266781411,1.0396832458403773,0.03633948479529389,21.176382613508668,,30347961034.586792,0.597911227154047,46.376277923583984,62.62619400024414
JCI,2021,2021-09-30,Industrials,Building Products & Equipment,0.7280025001986806,0.6964590810913253,0.09321261815282997,0.06916511745817137,0.3405019435524759,0.44072429108302014,1.098922840184656,0.03907853903079494,27.58862835720247,,40981664523.810425,0.4654856444715944,62.62618637084961,36.91582489013672
JEF,2024,2024-11-30,Financial Services,Capital Markets,1.2470769304510931,1.2048438523402871,0.07319087206053262,0.07069692077151372,0.5911969764535069,2.0049925310915713,3.380909438036293,0.011550332985505089,25.644084203203384,,15816709147.456299,0.40754765712963575,76.67581176757812,34.77607345581055
JEF,2023,2023-11-30,Financial Services,Capital Markets,0.05120725599601668,0.01092765618555968,0.028598655774196596,0.03731663898146034,0.6060674881161459,1.657281844465406,2.8090255264753434,0.004795565631878651,30.81469102339311,,6992109943.999481,1.0032662556538272,33.89616012573242,33.52975845336914
JEF,2022,2022-11-30,Financial Services,Capital Markets,0.08984896893154178,0.04743036703220253,0.07675762930469197,0.10986433147025085,0.5275476647033408,1.3411433143819422,3.3196998893650846,0.015383561373123807,10.957436156428717,,6916527711.672607,0.35661640666676003,33.529754638671875,32.01144027709961
JEF,2021,2021-11-30,Financial Services,Capital Markets,0.7549091240677208,0.6976306510247559,0.15864988338273914,0.18717329810952232,0.5162363852786171,1.0822331956730094,2.568289817180025,0.029841957672860138,5.222095906442764,,6603330949.540192,0.13306520970500826,32.01144790649414,18.856544494628903
JEF,2020,2020-11-30,Financial Services,Capital Markets,,0.12423688690682438,,,,,,,,,3889732399.5438995,,18.856538772583008,16.77274513244629
JKHY,2021,2021-06-30,Technology,Information Technology Services,,-0.10132832667640988,,,,,,,,,11274163582.1456,,155.1521759033203,172.6461181640625
JKHY,2022,2022-06-30,Technology,Information Technology Services,0.12558713916944364,0.11325185723836635,0.2626736816048951,0.1867924178695177,0.4191037653303028,0.0832839349084374,1.128154018719085,0.1477933379052633,34.96426416312152,,12550984780.987396,0.38320162241400213,172.7234649658203,155.15219116210938
JKHY,2023,2023-06-30,Technology,Information Technology Services,-0.047672993299955585,-0.05940410464852793,0.22794138674922754,0.17646707756935306,0.4132642698519807,0.17096567630913082,1.1989521898430384,0.1321806054164897,32.363143860106454,,11805404767.61554,0.40157808894683156,162.46298217773438,172.7234649658203
JKHY,2024,2024-06-30,Technology,Information Technology Services,0.0031984892183037797,-0.010005377013151375,0.2072424341769596,0.17233517923145703,0.41347245347980155,0.0814171358102959,0.9971663611090951,0.13055855038894082,30.752866901813455,,11687288339.811829,0.4082516185806776,160.83749389648438,162.46299743652344
JKHY,2025,2025-06-30,Technology,Information Technology Services,0.11304816280143472,0.09917540214595559,0.21388265240995066,0.19187062789859588,0.4271233635668601,,1.2719006166664177,0.14972158069888994,28.769940596360424,,13045178202.468475,0.36126104777201434,179.52442932128906,163.3264617919922
JNJ,2020,2020-12-31,Healthcare,Drug Manufacturers - General,,0.10823714851539724,,,,,,,,,330925222930.93066,,137.4080810546875,123.98797607421876
JNJ,2021,2021-12-31,Healthcare,Drug Manufacturers - General,0.14771773769965438,0.11438089765051762,0.28204747173175904,0.2651511303022606,0.7027940055880112,0.45595287951042246,1.3483173395834254,0.1147029414673274,19.60626423893146,,368776706033.3258,0.5284031037455695,153.1249237060547,137.40806579589844
JNJ,2022,2022-12-31,Healthcare,Drug Manufacturers - General,0.10066519426885726,0.06898749162447848,0.233594604447685,0.22429053631703963,0.6925115639454932,0.51614499244831,0.9908963836421634,0.09574763312662106,24.32223542484096,,394217725235.6129,0.65113427345187,163.6886444091797,153.12493896484375
JNJ,2023,2023-12-31,Healthcare,Drug Manufacturers - General,-0.036827390380460547,-0.06694427766992939,0.511137930031698,0.41279254101151963,0.6881950234267664,0.4264983860179719,1.1558489261483946,0.20979601093352748,11.035760151054003,,364648104110.84875,0.3348220635507638,151.41062927246094,162.27394104003906
JNJ,2024,2024-12-31,Healthcare,Drug Manufacturers - General,-0.015023424196632655,-0.04811461422497296,0.19675479087984332,0.1583634500850024,0.6907150336069173,0.512435305637152,1.1107291190556627,0.07809932039266201,24.389550928830687,,340094777684.9293,0.8405374662306271,141.2154998779297,148.3534698486328
JPM,2020,2020-12-31,Financial Services,Banks - Diversified,,-0.05534772705697582,,,,,,,,,303803663392.63916,,111.60225677490234,118.14109802246094
JPM,2021,2021-12-31,Financial Services,Banks - Diversified,0.3197813295283284,0.2774579368002128,0.16433037429409744,0.3972059004807495,,1.2055982619752692,,0.012911215426356735,9.281716744105022,,388096347967.5293,0.26602391691149085,142.56716918945312,111.60224151611328
JPM,2022,2022-12-31,Financial Services,Banks - Diversified,-0.0848227804351681,-0.11976771117472426,0.12888086148625535,0.2949728718281961,,1.1626917340557996,,0.010277861814098807,10.379836695365812,,341614936656.18896,0.35996390274976114,125.49222564697266,142.56716918945312
JPM,2023,2023-12-31,Financial Services,Banks - Diversified,0.3611814143525222,0.3214717912556781,0.15112938349020064,0.319789354122567,,1.3314007039203606,,0.012786316123293819,10.140641471594847,,448026783892.82227,0.27169438165967064,164.58261108398438,124.54492950439452
JPM,2024,2024-12-31,Financial Services,Banks - Diversified,0.476261070483484,0.4428812056596237,0.16960012530528662,0.34508584210246757,,1.3177678255471954,,0.014607473642292647,11.885609300830696,,639011361364.7461,0.25282618734073303,234.74078369140625,162.6889190673828
K,2020,2020-12-31,Consumer Defensive,Packaged Foods,,-0.06782096232160796,,,,,,,,,17248142432.266235,,49.61078643798828,53.22023391723633
K,2021,2021-12-31,Consumer Defensive,Packaged Foods,0.1200725546509157,0.07438648254709741,0.4,0.1266706393121648,0.3250191538265089,2.0776881720430107,0.6385700846660395,0.08185719000990208,12.309738229659082,,18531173928.089905,0.5295698924731183,53.30116653442383,49.61079406738281
K,2022,2022-12-31,Consumer Defensive,Packaged Foods,0.1870183656517345,0.14400975739557365,0.24359299670134485,0.07587133486129771,0.30119339287125585,1.8178127378837858,0.659316427783903,0.05190311418685121,21.85557512399544,,21199843789.729313,0.8302083333333333,60.97705459594727,53.30116653442383
K,2023,2023-12-31,Consumer Defensive,Packaged Foods,-0.06498991930131147,-0.10274193153692227,0.29952755905511813,0.07247370827617741,0.32639841487578114,2.0554330708661417,0.658102766798419,0.06087958517380449,19.81490314870641,,19013727011.175537,0.8412197686645636,54.68913269042969,60.95139694213867
K,2024,2024-12-31,Consumer Defensive,Packaged Foods,0.5397018382892399,0.49753877678611447,0.3557615894039735,0.10534159541924856,0.3564985489057965,1.68,0.8055793991416309,0.08593550038392629,20.431945250206386,,27561805271.18225,0.5778108711839166,79.27594757080078,52.93749237060547
KBH,2024,2024-11-30,Consumer Cyclical,Residential Construction,0.5850167549922057,0.5639662292876959,0.1613100081366965,0.09451801896830718,0.2124749967027826,0.4217434005086913,6.973212540338216,0.09443512694111116,9.714118009488258,,5316163650.320473,0.10923974608331374,82.08429718017578,52.48469924926758
KBH,2023,2023-11-30,Consumer Cyclical,Residential Construction,0.7137543681116396,0.6846318721316664,0.15489640800600502,0.0920622609731432,0.21442950449948048,0.4504897457836195,6.872908918865392,0.08877028657585131,7.2205143327563786,,3287469384.181633,0.09629484036145089,50.760215759277344,30.13134002685547
KBH,2022,2022-11-30,Consumer Cyclical,Residential Construction,-0.1790771410667466,-0.2005647739052231,0.2230843300430644,0.11829265607690632,0.24402167741247688,0.5097267123671224,6.729743132756068,0.12277128592754283,3.3147793005008506,,1951446992.5248525,0.0642269912057071,30.13134384155273,37.69078826904297
KBH,2021,2021-11-30,Consumer Cyclical,Residential Construction,0.17732482216579745,0.1518199626769975,0.18703450103080835,0.09864679568134457,0.21844179754162932,0.5677496915854577,6.957085459848267,0.09677072227539867,6.27134516711243,,2441031782.5885963,0.09571028391524686,37.6907844543457,32.722808837890625
KBH,2020,2020-11-30,Consumer Cyclical,Residential Construction,,0.03178094091359297,,,,,,,,,2119282653.7588692,,32.72281265258789,31.71488380432129
KDP,2024,2024-12-31,Consumer Defensive,Beverages - Non-Alcoholic,0.01738554512705661,-0.010514919364750464,0.05943983830384028,0.09387010618200768,0.5555989837795583,0.7125355772800396,0.4942500309138123,0.026969867115852517,29.68751816522507,,42345000622.67485,0.8285912560721721,31.171894073486328,31.50314712524414
KDP,2023,2023-12-31,Consumer Defensive,Beverages - Non-Alcoholic,-0.015371448381650292,-0.04092633674521415,0.08494313756036766,0.14722559740785743,0.5454299986499257,0.5773484966505686,0.3785329744279946,0.041837713408785726,20.355108937909527,,42859202038.17401,0.5236130215497479,31.55041885375977,32.89676284790039
KDP,2022,2022-12-31,Consumer Defensive,Beverages - Non-Alcoholic,0.008567927509350993,-0.015303363592474598,0.057151954151078564,0.10215550971046454,0.5209504161627658,0.540595399188092,0.4710252600297177,0.027702220421706503,32.470574709448485,,44550265956.867195,0.7520891364902507,32.79528045654297,33.30495834350586
KDP,2021,2021-12-31,Consumer Defensive,Beverages - Non-Alcoholic,0.19974757372468027,0.17494632753573391,0.08593624859843024,0.16920286998344242,0.5501064416936056,0.5312349831811629,0.47139552814186586,0.04241274358670303,22.20330810546875,,45242635561.463104,0.4450139794967381,33.304962158203125,28.34594345092773
KDP,2020,2020-12-31,Consumer Defensive,Beverages - Non-Alcoholic,,0.1302805174541091,,,,,,,,,38506129600.279236,,28.34594345092773,25.07868003845215
KEY,2024,2024-12-31,Financial Services,Banks - Regional,0.31659149875594084,0.2534486963068711,-0.008857834507042254,-0.03664921465968586,,0.7831756161971831,,-0.0008601897760300906,,,18401890578.323364,,16.5343074798584,13.191052436828612
KEY,2023,2023-12-31,Financial Services,Banks - Regional,-0.04745301485886338,-0.10235396490710968,0.0660654505704721,0.15559131134352372,,1.544510487121678,,0.00513594042946447,15.20843505859375,,14895107229.492188,0.9420889348500517,13.3834228515625,14.909465789794922
KEY,2022,2022-12-31,Financial Services,Banks - Regional,-0.16803399989161544,-0.20833797934715356,0.14248550616916902,0.27284372331340734,,1.8353649472275904,,0.010099413633418153,7.809370169367816,,16774506507.064821,0.44548774126238916,15.072084426879885,19.03853416442871
KEY,2021,2021-12-31,Financial Services,Banks - Regional,0.5158891892296078,0.4592119968627821,0.1506629168340699,0.3729752770673487,,0.7249038627102107,,0.01408669893638715,7.238985649079879,,21188972552.58179,0.31352380952380954,19.03853225708008,13.04713249206543
KEY,2020,2020-12-31,Financial Services,Banks - Regional,,-0.1450129223835182,,,,,,,,,14520831139.915464,,13.047131538391112,15.26003360748291
KEYS,2024,2024-10-31,Technology,Scientific & Technical Instruments,,0.23352641343056363,0.12027424094025466,0.12331793532837919,0.6292428198433421,0.39764936336924583,2.9831814996496147,0.06624231308663286,42.45298988798745,,25608298719.45543,,149.00999450683594,120.8000030517578
KEYS,2023,2023-10-31,Technology,Scientific & Technical Instruments,,-0.2991673423525646,0.22711645896003438,0.1934480234260615,0.6464128843338214,0.4353244520842286,2.3469985358711565,0.12173212023494184,20.651438756642605,,20975055714.913647,,122.0500030517578,174.14999389648438
KEYS,2022,2022-10-31,Technology,Scientific & Technical Instruments,,-0.032607544920909344,0.2701273732275895,0.207380073800738,0.6365313653136532,0.48497957221821675,3.0092395167022032,0.13879970363052604,28.17961066286155,,29928764714.4227,,174.14999389648438,180.02000427246094
KEYS,2021,2021-10-31,Technology,Scientific & Technical Instruments,,0.726232421455687,0.23625792811839325,0.1809350333940498,0.6211293260473588,0.5346194503171248,2.928953399541635,0.11489525767896157,37.87238468186127,,31111136546.68454,,181.02999877929688,104.87000274658205
KEYS,2020,2020-10-31,Technology,Scientific & Technical Instruments,,0.027870424880900073,,,,,,,,,18000223153.13544,,104.73999786376952,101.9000015258789
KG,2024,2024-12-31,Financial Services,Insurance Brokers,,-0.2620087379890132,inf,0.061771145044362534,0.35199016608354144,inf,6.078697016351162,0.06904065945600457,1036.0153022853808,,261677667.49336624,,33.79999923706055,45.79999923706055
KG,2023,2023-12-31,Financial Services,Insurance Brokers,,0.09478672814415795,-inf,-3.1694295282333678,-1.6505366076651364,inf,2.506563871022703,-0.7165704051449329,,,357677772.50663376,,46.20000076293945,42.20000076293945
KHC,2024,2024-12-31,Consumer Defensive,Packaged Foods,-0.08134666029946357,-0.12958810103754156,0.05578936667683237,0.1061672986148727,0.34697825582295133,0.4039646233607807,1.0554253412381083,0.03108045352090342,13.02487955684156,,34840696114.82071,0.7037172011661808,29.43622779846192,33.81873321533203
KHC,2023,2023-12-31,Consumer Defensive,Packaged Foods,0.025461282713533658,-0.021154063876065707,0.05764648871299923,0.10716966966966968,0.33506006006006006,0.4044744174776885,0.986562150055991,0.031603183564130666,15.091462568803268,,41261781906.66246,0.6882661996497373,34.86127853393555,35.61467361450195
KHC,2022,2022-12-31,Consumer Defensive,Packaged Foods,0.2387371607915499,0.18378931696692521,0.04854348987222154,0.08922031338493487,0.30666414951859544,0.41230124491556763,0.8747230837394772,0.026106747097102073,18.678491402670975,,42225989224.628525,0.8294540837917901,35.67591857910156,30.13705062866211
KHC,2021,2021-12-31,Consumer Defensive,Packaged Foods,0.13911578516571835,0.07981267885973979,0.020528216154813584,0.03886030258812687,0.33338453267798174,0.44251288084709317,0.9922771403353927,0.010835813863845644,36.752500766661115,,35670189466.499725,1.9357707509881423,30.13705062866211,27.909517288208008
KHC,2020,2020-12-31,Consumer Defensive,Packaged Foods,,0.13781323814843274,,,,,,,,,33033678238.279243,,27.909513473510746,24.52908134460449
KIM,2024,2024-12-31,Real Estate,REIT - Retail,0.2016316228182199,0.1501504089675524,0.038562139176668266,0.201660371504565,0.6869668053336894,0.8052886319112227,3.5816023533003096,0.020225854430766164,41.14206487482244,,15323784276.897087,1.669727473008995,22.628135681152344,19.6740665435791
KIM,2023,2023-12-31,Real Estate,REIT - Retail,0.11135543712287921,0.059022523188962034,0.06868672552993475,0.3668683413704161,0.6878333520242234,0.8111710032003687,6.415992236340247,0.035803448195476616,19.26114886414771,,13304532382.336214,1.0048710553545692,19.646371841430664,18.551420211791992
KIM,2022,2022-12-31,Real Estate,REIT - Retail,-0.06676859470174368,-0.10544732214950003,0.013239019924107047,0.07291611197418046,0.6927059578024685,0.7641804305140619,4.934700503422617,0.007066932448908405,116.27484560012817,,12598620944.561304,4.324156982282339,18.603975296020508,20.796958923339844
KIM,2021,2021-12-31,Real Estate,REIT - Retail,0.7407626957405206,0.6947784310625976,0.08526374708580499,0.6185462979587201,0.69374498473895,0.7676717219618302,7.980888361087232,0.04572565689334624,12.998099327087402,,14083710503.035149,0.4527313848913405,20.796958923339844,12.271196365356444
KIM,2020,2020-12-31,Real Estate,REIT - Retail,,-0.23942029797621736,,,,,,,,,8310058094.493945,,12.271193504333496,16.134000778198242
KKR,2024,2024-12-31,Financial Services,Asset Management,0.8048373260344283,0.7964590019697023,0.13006516100750698,0.14215360719783396,0.17753349678155855,2.1485442318242916,4.121545687497793,0.008542765986362583,44.908988766553925,,131238068606.92978,0.1989659471205967,147.30148315429688,81.9954605102539
KKR,2023,2023-12-31,Financial Services,Asset Management,0.7864740240907029,0.7712793702111824,0.16327533847734257,0.26058052610964144,0.33936292097882614,2.1605599602496977,4.713078510453579,0.01176277748088892,19.675145230841228,,71695841330.616,0.1647880467094879,80.47134399414062,45.43119812011719
KKR,2022,2022-12-31,Financial Services,Asset Management,-0.358270798006429,-0.36626328965061944,-0.027736626043910476,-0.09373921843733468,0.360607871690779,2.3434465665169077,1.511388326390177,-0.001894571902450989,,,40703581700.19894,,45.68566131591797,72.08934020996094
KKR,2021,2021-12-31,Financial Services,Asset Management,0.8697705238154644,0.8576337623232535,0.2691594732025023,0.29383191561662747,0.4281420631179014,2.234638239070003,1.2862078218961173,0.01790641966504095,9.715545530910441,,64227912543.55526,0.08867159749184664,72.08934783935547,38.80708312988281
KKR,2020,2020-12-31,Financial Services,Asset Management,,0.41125418194865887,,,,,,,,,34575114438.13877,,38.80707550048828,27.498289108276367
KLAC,2025,2025-06-30,Technology,Semiconductor Equipment & Materials,0.10492384770443815,0.09649654894800176,0.8655692449130551,0.33412215138297763,0.6090980853989936,1.297462542512413,2.618532990519593,0.2527795435453213,,,117698948128.72437,0.2227162751625389,893.7947998046875,815.1369018554688
KLAC,2024,2024-06-30,Technology,Semiconductor Equipment & Materials,0.7357436068246255,0.7233814438607938,0.8199605264095421,0.2814743656575298,0.5996765063089016,2.0246374462344523,2.152248532110761,0.1789538464409327,40.35401654666697,,107767913967.91809,0.2798950431153092,818.3794555664062,474.8684387207031
KLAC,2023,2023-06-30,Technology,Semiconductor Equipment & Materials,0.558786548139627,0.5407372077035628,1.160124503682332,0.3227190289381078,0.5981055169675161,2.0765907253113536,2.236811492443443,0.24070431129625264,19.663289388020836,,62532827164.76959,0.21626693063484326,474.8684387207031,308.2085876464844
KLAC,2022,2022-06-30,Technology,Semiconductor Equipment & Materials,0.011505046147964932,-0.004162068850932758,2.370431819008942,0.360600216047034,0.6100209913651747,4.834124355711024,2.4969361735623803,0.2636964193629512,14.060613534746377,,40586311043.576965,0.1922230882167447,308.2086486816406,309.4967956542969
KLAC,2021,2021-06-30,Technology,Semiconductor Equipment & Materials,,0.6904408058438077,,,,,,,23.14859873872242,,40755936053.549194,,309.49676513671875,183.08642578125
KMB,2020,2020-12-31,Consumer Defensive,Household & Personal Products,,0.009522514791844763,,,,,,,,,37706651239.55355,,113.64958190917967,112.57756042480467
KMB,2021,2021-12-31,Consumer Defensive,Household & Personal Products,0.13684659511373695,0.09664149752267055,3.529182879377432,0.09331275720164608,0.3080246913580247,16.93385214007782,0.8245666024596237,0.10169871615181925,23.295865638233792,,41350689585.536026,0.8357221609702316,124.63288116455078,113.6496124267578
KMB,2022,2022-12-31,Consumer Defensive,Household & Personal Products,0.0317427491039946,-0.005934971134711779,3.5356489945155394,0.09586121437422553,0.30825278810408924,15.628884826325411,0.7811562585219526,0.10762381747356706,21.621851896116244,,41105281985.216354,0.8055842812823164,123.8932113647461,124.63290405273438
KMB,2023,2023-12-31,Consumer Defensive,Household & Personal Products,-0.025263960602812077,-0.06428349295242017,1.9278688524590164,0.0863393862268122,0.34418285938035337,8.86775956284153,0.822943722943723,0.10170664206642066,22.030526891550956,,38081384468.62963,0.9002267573696145,114.77904510498048,122.66433715820312
KMB,2024,2024-12-31,Consumer Defensive,Household & Personal Products,0.16091240109756522,0.11786280294978296,3.0297619047619047,0.12688204207797388,0.35796191045966697,9.016666666666667,0.7966876070816676,0.15381361054031187,16.876280323559087,,42274044857.62895,0.6396856581532416,127.4159164428711,113.9817123413086
KMI,2024,2024-12-31,Energy,Oil & Gas Midstream,0.7156510172839282,0.6443556909874957,0.08558514296944089,0.17304635761589404,0.5568874172185431,1.0372735907765878,0.4942168202313272,0.036593051101432635,22.684036972176315,,58974658231.775604,0.9785686949866055,26.54032325744629,16.140256881713867
KMI,2023,2023-12-31,Energy,Oil & Gas Midstream,0.12576588736972952,0.05235054847904939,0.07889526826371016,0.15592800313029867,0.5312377722707708,1.0524318616775556,0.3520288048746711,0.03366657279639538,15.390664226603958,,36251205501.70712,1.0577164366373901,16.314104080200195,15.502537727355955
KMI,2022,2022-12-31,Energy,Oil & Gas Midstream,0.2957889908112311,0.20766323604299786,0.08288335176631319,0.13270833333333334,0.40411458333333333,1.0268687788692994,0.5487734487734488,0.03635948514512401,13.787961857659473,,34314471983.866924,0.9827315541601256,15.442517280578612,12.787105560302734
KMI,2021,2021-12-31,Energy,Oil & Gas Midstream,0.3475436175399566,0.23756740245225352,0.05787885669792039,0.1074051776038531,0.48055388320288983,1.0774421698082601,0.6577907576017866,0.02533515110202227,16.3937250773112,,28413941038.977844,1.4153587443946187,12.787105560302734,10.332451820373535
KMI,2020,2020-12-31,Energy,Oil & Gas Midstream,,-0.3076310720299851,,,,,,,,,22959507789.312138,,10.33245086669922,14.923331260681152
KMX,2021,2021-02-28,Consumer Cyclical,Auto & Truck Dealerships,,0.3903333270417697,,,,,,,,,17825519680.1429,,121.38999938964844,87.30999755859375
KMX,2022,2022-02-28,Consumer Cyclical,Auto & Truck Dealerships,,-0.08518115741954,0.21990457724748583,0.036090348927154924,0.10305641193599631,3.6815932723120257,3.1987436121979607,0.04371195459199589,15.685796532432521,,16054568820.071302,,109.33000183105467,119.51000213623048
KMX,2023,2023-02-28,Consumer Cyclical,Auto & Truck Dealerships,,-0.36851733504758016,0.08636296990046635,0.016330270302992368,0.09433097456741688,3.3727882229301325,2.6009071815616793,0.018514566239372386,22.785478850009024,,10138181903.160652,,69.04000091552734,109.33000183105467
KMX,2024,2024-02-29,Consumer Cyclical,Auto & Truck Dealerships,,0.14892375720817427,0.0788976808358606,0.018058610101582603,0.10224619046398785,3.1793385953300604,2.2603549988777356,0.01761986898677811,26.158940397350992,,11600758397.0,,79.0,68.76000213623047
KMX,2025,2025-02-28,Consumer Cyclical,Auto & Truck Dealerships,,0.05025318000890032,0.08017891432756238,0.018993967386396148,0.10996299531521905,3.0789706787839415,2.3101469491635696,0.018265663307303996,25.847352405203466,,12183733396.964203,,82.97000122070312,79.0
KO,2024,2024-12-31,Consumer Defensive,Beverages - Non-Alcoholic,0.1235128524642935,0.08877515438690271,0.4277035725780496,0.22589830220352308,0.6106330082233696,1.7911972964274219,1.0296249356410154,0.1057295447990532,24.756313727153994,,261994087669.37256,0.7862853917787602,60.90053176879883,55.93490219116211
KO,2023,2023-12-31,Consumer Defensive,Beverages - Non-Alcoholic,0.0016686080843329929,-0.029912261338045833,0.41301414748853166,0.23416531887922368,0.5952266468505486,1.6215257700165762,1.1341054685842773,0.10965886410857395,22.987722481793234,,244266159828.18604,0.7422064588389023,56.7796745300293,58.53045272827149
KO,2022,2022-12-31,Consumer Defensive,Beverages - Non-Alcoholic,0.1280744265604386,0.0946189442189531,0.3958514830947936,0.2218863361547763,0.5814342851827737,1.6241028832192492,1.1453559115798013,0.10286428856332805,26.448928275609127,,249185403877.2583,0.7981555229511633,57.923152923583984,52.9162712097168
KO,2021,2021-12-31,Consumer Defensive,Beverages - Non-Alcoholic,0.14920392141959593,0.11372454500595654,0.42484455845906344,0.2527745440434614,0.6027163368257664,1.8592547502065306,1.130075187969925,0.1035568179409458,23.518341064453125,,227645782333.37402,0.7421962951591444,52.91626739501953,47.51288604736328
KO,2020,2020-12-31,Consumer Defensive,Beverages - Non-Alcoholic,,0.024691388495089464,,,,,,,,,204400370132.4463,,47.51287078857422,46.36798095703125
KR,2025,2025-01-31,Consumer Defensive,Grocery Stores,0.38019945351274365,0.35056915203599415,0.32166566083283044,0.0181140950089381,0.22704131916831494,3.027398913699457,0.9581555834378921,0.050649992397749734,16.549036093563736,,40247736331.11905,0.33133208255159474,60.734962463378906,44.96990203857422
KR,2024,2024-01-31,Consumer Defensive,Grocery Stores,0.08718460962424911,0.05856021613484429,0.18631080499354283,0.014422916708322502,0.22236885076546764,1.6570813603099441,0.8063270643915805,0.042847242847242846,15.007140185381916,,29436918282.83542,0.3678373382624769,44.42113494873047,41.96372985839844
KR,2023,2023-01-31,Consumer Defensive,Grocery Stores,0.06960500207617577,0.04400096195220874,0.22346146186018723,0.015135776821486868,0.21434256498806134,2.0326628161720772,0.735004060795916,0.045220966084275435,13.71363720862694,,27808449471.41449,0.30392156862745096,41.96372985839844,40.195106506347656
KR,2022,2022-01-31,Consumer Defensive,Grocery Stores,0.3177320584952988,0.28922398709907915,0.1750952179432924,0.012002494778370851,0.22009892086330934,2.1625052898857384,0.7458187833118912,0.033716334596422606,18.523088797995573,,26636418782.85927,0.3558912386706949,40.19510269165039,31.177749633789062
KR,2021,2021-01-31,Consumer Defensive,Grocery Stores,,0.2814531077349397,,,,,,,,,20181724596.521297,,30.45478820800781,23.76582336425781
KSS,2021,2021-01-31,Consumer Cyclical,Department Stores,,0.04625930783688686,,,,,,,,,3595427005.99868,,32.08063507080078,30.662221908569336
KSS,2022,2022-01-31,Consumer Cyclical,Department Stores,0.41981991405580626,0.3797976343611161,0.20124436816133875,0.04826840940667936,0.41146503370555243,1.4556962025316456,1.5286062081558125,0.062309020858243656,7.154945180385927,,5067933505.996506,0.15671641791044777,45.21925354003906,32.77238082885742
KSS,2023,2023-01-31,Consumer Cyclical,Department Stores,-0.3799671344008682,-0.4271263956100394,-0.005049162901939941,-0.0010498397612995912,0.3669466239363466,2.010629816635663,1.1993579454253611,-0.0013245033112582781,,,2903285334.3888683,,25.904916763305664,45.21925354003906
KSS,2024,2024-01-31,Consumer Cyclical,Department Stores,-0.05706306475628886,-0.1328392888132706,0.08142820446956076,0.018139162279697873,0.39929045548180364,1.8946827639352684,1.3055130168453293,0.022628310371903777,7.88200913814076,,2517614975.3466525,0.694006309148265,22.46372604370117,25.904916763305664
KSS,2025,2025-01-31,Consumer Cyclical,Department Stores,-0.3566134942113188,-0.4431461843487766,0.02866912151499211,0.006719684359780532,0.40441403119413105,1.8829563387690689,1.082082401788566,0.008038940924846964,13.007096855007875,,1428610931.6397984,2.036697247706422,12.746954917907717,22.89102554321289
KVUE,2024,2024-12-31,Consumer Defensive,Household & Personal Products,0.0714161794705255,0.03124028481729623,0.10653702937525858,0.06664509867356842,0.5796829505014558,0.901841125362019,0.9627112737410699,0.04023280340611695,38.44160150598597,,39836945408.45277,1.5067961165048545,20.758464813232425,20.129610061645508
KVUE,2023,2023-12-31,Consumer Defensive,Household & Personal Products,,,0.14842565337614844,0.10774410774410774,0.5596348096348096,0.7516724645437517,1.1198686371100164,0.05974650820437327,22.407786051432293,,38701897366.589355,8.74639423076923,20.167007446289062,
KVUE,2022,2022-12-31,Consumer Defensive,Household & Personal Products,,,0.10335503254882324,0.13806020066889632,0.554180602006689,0.0058087130696044065,1.4969434538970963,0.0755601112900864,,,,0.0,,
KVUE,2021,2021-12-31,Consumer Defensive,Household & Personal Products,,,0.10186773861463798,0.13803640228510694,0.5592533545901421,0.006323839403892348,1.218951014349332,0.07440295033835798,,,,0.0,,
KVUE,2020,2020-12-31,Consumer Defensive,Household & Personal Products,,,,,,,,,,,,,,
L,2020,2020-12-31,Financial Services,Insurance - Property & Casualty,,-0.13685555587249806,,,,,,,,,9170296203.709507,,44.20988082885742,51.21956253051758
L,2021,2021-12-31,Financial Services,Insurance - Property & Casualty,0.2959869846821035,0.2888988827334323,0.08752661660876387,0.11379034020543455,,0.5087414546677127,,0.019136059588856492,9.49701182047526,,11819585551.161423,0.041613316261203584,56.98207092285156,44.20988464355469
L,2022,2022-12-31,Financial Services,Insurance - Property & Casualty,0.02379402326928872,0.018633097118086514,0.05728622203637884,0.058505338078291814,,0.6285455432434316,,0.010877764103378458,17.172726512660642,,12039819424.606361,0.07420924574209246,58.04381561279297,56.98206329345703
L,2023,2023-12-31,Financial Services,Insurance - Property & Casualty,0.21759325666589557,0.2128378634851467,0.0913143148242486,0.09146574818216609,,0.5732934284258787,,0.01810674646766923,11.142342571992375,,14537548335.333824,0.0397489539748954,70.08533477783203,57.78623580932617
L,2024,2024-12-31,Financial Services,Insurance - Property & Casualty,0.2247476554975859,0.22091705106660028,0.08285479901558655,0.08202331921805209,,0.5240829719910934,,0.017255897392089624,13.184373352717312,,17529984893.63346,0.038896746817538894,84.51183319091797,69.21996307373047
LDOS,2024,2024-12-31,Technology,Information Technology Services,0.3605014267521849,0.345242484033998,0.2842248413417951,0.07526107310046813,0.16792701956547834,1.1992293744333635,1.2118226600985222,0.09569597069597069,15.50211378912605,,18337472120.23871,0.16586921850079744,142.9294891357422,106.24812316894533
LDOS,2023,2023-12-31,Technology,Information Technology Services,0.05812940591398551,0.04271989657505437,0.04736967388716972,0.0128902707604612,0.14535561601243685,1.2373244465603428,1.339464882943144,0.015675462780622294,73.61982663472494,,13601127368.934357,1.0100502512562815,106.0125503540039,101.66925048828124
LDOS,2022,2022-12-31,Technology,Information Technology Services,0.2132841657330005,0.19496991717121523,0.15933938125145383,0.04758266185051403,0.14476243400944708,1.2770411723656665,0.9229794780846212,0.052406089817152474,20.404297305691628,,12984371852.048922,0.2905109489051095,101.20531463623048,84.6927719116211
LDOS,2021,2021-12-31,Technology,Information Technology Services,-0.1262504041955688,-0.1419646777771415,0.17548357026334188,0.05481546189124263,0.14661134163208853,1.320205080400839,1.1207804273768969,0.056783048035593094,16.070733260384547,,10865855697.114563,0.2642762284196547,84.69276428222656,98.70545196533205
LDOS,2020,2020-12-31,Technology,Information Technology Services,,0.08954500755037749,,,,,,,,,12663645162.175293,,98.7054443359375,90.59326934814452
LEG,2024,2024-12-31,Consumer Cyclical,"Furnishings, Fixtures & Appliances",-0.5787219974294874,-0.6193262133718156,-0.7419495213228895,-0.11668491650698057,0.1708869422392554,2.971569480707862,1.997282608695652,-0.1396930303692375,,,1277843591.1954803,,9.440963745117188,24.80066680908203
LEG,2023,2023-12-31,Consumer Cyclical,"Furnishings, Fixtures & Appliances",-0.06488472814194295,-0.12660734285727787,-0.1026025650641266,-0.028950542822677925,0.18068694051171355,1.6465911647791194,1.4900997940757168,-0.02951774732980904,,,3387578492.6528625,,25.028106689453125,28.656190872192383
LEG,2022,2022-12-31,Consumer Cyclical,"Furnishings, Fixtures & Appliances",-0.11906147071416602,-0.16764473473962085,0.18882184433473517,0.06019391066120038,0.18979151689432064,1.3937343816663619,2.02251833488276,0.05973660361350533,12.780546616877754,,3926780767.5030518,0.7398321497740478,29.0118408203125,34.85511779785156
LEG,2021,2021-12-31,Consumer Cyclical,"Furnishings, Fixtures & Appliances",0.006981921446584561,-0.03755319519847796,0.2441747572815534,0.07932815518668927,0.20468793123841816,1.388228155339806,1.5462304409672831,0.07582009684773802,11.855480946651122,,4717673452.225384,0.5424950298210736,34.8551139831543,36.21510696411133
LEG,2020,2020-12-31,Consumer Cyclical,"Furnishings, Fixtures & Appliances",,-0.09051542241734349,,,,,,,,,4901749303.708145,,36.21510314941406,39.81937026977539
LEN,2024,2024-11-30,Consumer Cyclical,Residential Construction,0.3551622961131895,0.33532974109101016,0.1411020434597823,0.11095857472205145,0.1551561431512456,0.15031283486786123,15.93281814030357,0.09518925874295414,11.538134347634411,,36952358063.5582,0.13955966803075778,165.11070251464844,123.64788818359376
LEN,2023,2023-11-30,Consumer Cyclical,Residential Construction,0.49985208459710284,0.4762264008105581,0.14817203212079277,0.1150488970322112,0.1735436708151924,0.1875057748745479,17.987630263803933,0.10038437537682267,8.75517420758319,,26903096006.68503,0.10932050208822573,120.2085418701172,81.42961120605469
LEN,2022,2022-11-30,Consumer Cyclical,Residential Construction,-0.12793885839860472,-0.1484077439368841,0.19145349681541876,0.1370355388804791,0.2138974744149344,0.2572202236468123,17.565057346942815,0.12147454625655156,5.180000712853351,,18224234434.442596,0.09493414244304174,81.42961120605469,95.62042236328124
LEN,2021,2021-11-30,Consumer Cyclical,Residential Construction,0.41968806473093595,0.3994307663104771,0.21281805113029734,0.1632878959595404,0.20407302051743936,0.3064101544813771,19.030896569680007,0.13340582438246848,6.700801515211656,,21400191479.964146,0.06992511022861504,95.62043762207033,68.32809448242188
LEN,2020,2020-11-30,Consumer Cyclical,Residential Construction,,0.284189503785612,,,,,,,,,15292070450.824966,,68.3281021118164,53.20718002319336
LH,2020,2020-12-31,Healthcare,Diagnostics & Research,,0.2032275365475338,,,,,,,,,13919133343.50586,,167.49859619140625,139.20774841308594
LH,2021,2021-12-31,Healthcare,Diagnostics & Research,0.5436503985311353,0.5436503985311353,0.23140343021784415,0.18097456627157224,0.3800519179969702,0.6173808086904043,1.9154479140464982,0.11661777546675561,10.601033378497847,,21486269860.839844,0.0,258.5592041015625,167.49855041503906
LH,2022,2022-12-31,Healthcare,Diagnostics & Research,-0.22760365367157365,-0.23668852728355594,0.12668621119980983,0.10781446236060654,0.3126206390815836,0.618663708575164,1.5023550430404418,0.06346284563212289,14.127498946193294,,16400712419.128418,0.15260730200922523,197.3611602783203,258.55914306640625
LH,2023,2023-12-31,Healthcare,Diagnostics & Research,0.18027305550367748,0.1646346556953425,0.05307936507936508,0.034370477568740954,0.2766823444283647,0.7560888888888889,1.1674934887758899,0.024992376727194458,47.72123900599449,,18916078765.869137,0.6076555023923444,227.6303100585937,195.45211791992188
LH,2024,2024-12-31,Healthcare,Diagnostics & Research,0.03534890822869511,0.0221994283235339,0.0926454881895631,0.05734535587174934,0.27860925981443474,0.9032065770845235,1.4433067083058075,0.04058980358017302,25.725198115698355,,18897833436.584473,0.32587131367292227,227.41075134277344,222.4720001220703
LHX,2024,2024-12-31,Industrials,Aerospace & Defense,0.04207962596862773,0.01879354835998857,0.07697038023982782,0.0704337631887456,0.25903868698710436,0.6270369990775854,1.0766409013494038,0.03576105330825457,26.3261361225133,,38763552154.10196,0.5898801597869507,207.1866912841797,203.36474609375
LHX,2023,2023-12-31,Industrials,Aerospace & Defense,0.056202029299341164,0.03255210166530698,0.0653876898481215,0.0631855399351151,0.2632988310417632,0.6994404476418865,1.0063718140929536,0.029433636385443905,31.452437217191132,,37896742777.16189,0.7074164629176855,202.5536956787109,196.1680145263672
LHX,2022,2022-12-31,Industrials,Aerospace & Defense,0.012480677812816218,-0.01094659782142462,0.0573341251417157,0.062243582229515884,0.2887703668971984,0.3803379582141122,1.1693213296398892,0.03167879727956091,35.51220503009734,,36476377058.25715,0.8135593220338984,194.9620056152344,197.1197967529297
LHX,2021,2021-12-31,Industrials,Aerospace & Defense,0.17529235223511314,0.14982052361763934,0.09608077863946286,0.10362636128887392,0.30178511283260356,0.4074845156924999,1.3972753241045923,0.05318505286813219,21.68534785607467,,36880091410.13049,0.44257854821235104,197.11981201171875,171.43528747558594
LHX,2020,2020-12-31,Industrials,Aerospace & Defense,,-0.02755021775249786,,,,,,,,,32074650480.31668,,171.43528747558594,176.29217529296875
LII,2024,2024-12-31,Industrials,Building Products & Equipment,0.3830463491688027,0.37267803462449467,0.949070806868972,0.15106809203751895,0.33173571976859567,1.7508821453775583,1.434706464631082,0.23241546172014518,26.8448404009192,,21222377852.252197,0.1986615441814351,605.0827026367188,440.8045349121094
LII,2023,2023-12-31,Industrials,Building Products & Equipment,0.8871394470142587,0.8683324380360097,2.068349106203996,0.11844878460025292,0.3106846785363014,5.353312302839116,1.4128720678099744,0.21087803309151984,26.269086586376776,,15239116242.576782,0.25995593967124214,434.4906921386719,232.5553436279297
LII,2022,2022-12-31,Industrials,Building Products & Equipment,-0.22982094634874578,-0.242887630736234,-2.447562776957164,0.10535350966429298,0.272274499830451,-8.615952732644018,0.9378329259885944,0.1936049228851846,16.90108219553483,,8227791630.017395,0.28565680949507144,234.58702087402344,309.8443908691406
LII,2021,2021-12-31,Industrials,Building Products & Equipment,0.21098883062860369,0.1970546487665058,-1.724907063197026,0.11063160153549033,0.28335042082926015,-5.3442379182156134,1.4211099020674647,0.21363782862931074,25.007623236827833,,10867334341.376587,0.27262931034482757,309.8444519042969,258.8390197753906
LII,2020,2020-12-31,Industrials,Building Products & Equipment,,0.13791899684932293,,,,,,,,,9078391290.440186,,258.83892822265625,227.4669189453125
LIN,2024,2024-12-31,Basic Materials,Specialty Chemicals,0.045904556193046876,0.03181434976631733,0.17234589940144912,0.19890925617330707,0.48059384941675504,0.5935367006195527,0.8900577557755776,0.08191198672439393,30.442657694767576,,194423489313.3092,0.4044173648134044,414.6289978027344,401.8445739746094
LIN,2023,2023-12-31,Basic Materials,Specialty Chemicals,0.28987099272511035,0.27305592427868275,0.156067472306143,0.18868326535581664,0.467583855847081,0.5114551863041289,0.8029522173442769,0.07670985385652944,31.829940638341448,,187910314735.054,0.4003871592192289,400.7389526367188,314.7850341796875
LIN,2022,2022-12-31,Basic Materials,Specialty Chemicals,-0.0517052579541683,-0.06688767760370187,0.10360247826521435,0.12429564800383647,0.4170363265795468,0.4694463875287299,0.791734935372292,0.05206005674257451,37.33031410782769,,144062365168.79016,0.5652278755727032,307.2284851074219,329.2513427734375
LIN,2021,2021-12-31,Basic Materials,Specialty Chemicals,0.3528199701632449,0.3339072146963743,0.0868854320426933,0.12424901763387783,0.43029259896729777,0.3455433178153741,0.7446309462728139,0.0468843820844311,44.91832363654289,,154389078740.28088,0.5721380031364349,329.2513122558594,246.83224487304688
LIN,2020,2020-12-31,Basic Materials,Specialty Chemicals,,0.25878934329258785,,,,,,,,,115742013890.90474,,246.8322906494141,196.0870513916016
LKQ,2024,2024-12-31,Consumer Cyclical,Auto Parts,-0.18191769330999596,-0.20915392779906364,0.11467508725278378,0.04806687565308255,0.3908742598397771,0.9321921223200931,1.7141858839972048,0.04613841524573721,13.645453507456036,,9233620420.651123,0.4608695652173913,35.887542724609375,45.37866973876953
LKQ,2023,2023-12-31,Consumer Cyclical,Auto Parts,-0.07171004679453863,-0.09536169821886413,0.15177557969839467,0.06750324534833406,0.4020625991634213,0.9142208529268688,1.467148884870404,0.0620730817693481,12.826970781598773,,11551022896.30899,0.32264957264957267,44.8943977355957,49.62690353393555
LKQ,2022,2022-12-31,Consumer Cyclical,Auto Parts,-0.06457742279153565,-0.08476397469682952,0.21070970108197323,0.08980772236986087,0.40823823667344067,0.7216211259856959,1.8749449581682078,0.09544774879548097,12.088173023168592,,12876247137.478455,0.24717145343777197,50.04503631591797,54.67992401123047
LKQ,2021,2021-12-31,Consumer Cyclical,Auto Parts,0.7197747053354459,0.710897207393327,0.18901593901593902,0.08335243334097334,0.40660096264038503,0.7318087318087318,1.9648960739030024,0.08654608916389021,14.939869948423624,,14068772187.166931,0.06691109074243813,54.67992401123047,31.959794998168945
LKQ,2020,2020-12-31,Consumer Cyclical,Auto Parts,,-0.012885110596467703,,,,,,,,,8223039633.735795,,31.95980262756348,32.376983642578125
LLY,2024,2024-12-31,Healthcare,Drug Manufacturers - General,0.3420798332796887,0.3330108215325502,0.7461897816390809,0.23511023983908602,0.8131040101947707,2.3706287300681366,1.1537569687700429,0.13453615516249148,65.53456789402753,,687949693203.2885,0.44196411709159583,767.4097900390625,575.6965942382812
LLY,2023,2023-12-31,Healthcare,Drug Manufacturers - General,0.6473947500576961,0.6347072189663654,0.4864879919048636,0.15356888533323956,0.7924575300154436,2.341768861575024,0.9426157431155013,0.08187319060779955,100.83823368467134,,524303273683.02155,0.7765246927715441,584.8617553710938,357.7776794433594
LLY,2022,2022-12-31,Healthcare,Drug Manufacturers - General,0.3542340974888971,0.33943359196515216,0.5863772089616707,0.21879795665244173,0.7677128662223998,1.5247798080715131,1.0522983743917098,0.12618357722197301,54.31142782383631,,319986995503.1134,0.5661990776325904,356.9463806152344,266.49053955078125
LLY,2021,2021-12-31,Healthcare,Drug Manufacturers - General,0.6822408308455451,0.6607818038157799,0.6216255345687812,0.19710506243290582,0.7417650714729646,1.8804236457590877,1.2258531691988812,0.11436503708560423,45.530835645515346,,238897190674.47632,0.5530214809108336,266.490478515625,160.4608612060547
LLY,2020,2020-12-31,Healthcare,Drug Manufacturers - General,,0.310398581933673,,,,,,,,,143846250940.8178,,160.4608917236328,122.45197296142578
LMT,2024,2024-12-31,Industrials,Aerospace & Defense,0.13079671145174676,0.10021599421793997,0.8425706616137691,0.07510944076122912,0.09754655631096659,3.200694773409127,1.1250772399588054,0.09594188827157164,21.31822176548143,,110054996440.43909,0.5732758620689655,475.6095275878906,432.2874145507813
LMT,2023,2023-12-31,Industrials,Aerospace & Defense,-0.007771332472332319,-0.03700574207930825,1.0124359912216532,0.1024107975314854,0.125482825472466,2.5543525969275787,1.2116077227372026,0.1319200854049108,15.790718757089383,,100665978611.15674,0.4416184971098266,435.0343017578125,451.751708984375
LMT,2022,2022-12-31,Industrials,Aerospace & Defense,0.41941411190928124,0.3788844089184731,0.6186056550830995,0.08686954413191077,0.12559105237633367,1.677854521908051,1.3212689620444389,0.1083963691376702,20.472369277686404,,102609076070.4878,0.526168876482903,443.4315185546875,321.587158203125
LMT,2021,2021-12-31,Industrials,Aerospace & Defense,0.07226982809600004,0.03151626945037996,0.5762387079113058,0.09419187399319849,0.13515005071296463,1.0648781823159048,1.4156604986782881,0.12413264403514634,14.129487156658474,,74414552568.40613,0.4655581947743468,321.5871276855469,311.7615661621094
LMT,2020,2020-12-31,Industrials,Aerospace & Defense,,-0.06493372168259907,,,,,,,,,72140932225.71997,,311.76153564453125,333.4111633300781
LNC,2020,2020-12-31,Financial Services,Insurance - Life,,-0.11082802690413009,,,,,,,,,7465598722.330765,,39.37958908081055,44.287933349609375
LNC,2021,2021-12-31,Financial Services,Insurance - Life,0.4375819844655768,0.39485266281796094,0.18203719764864604,0.21459812553251917,,0.3202274260383541,,0.009763661502280686,7.392830418706101,,10413411266.119553,0.08443620963472737,54.92873001098633,39.37959289550781
LNC,2022,2022-12-31,Financial Services,Insurance - Life,-0.5040106461337356,-0.5337799495903846,0.2661701293610349,0.07174177188441017,,1.2998823990591926,,0.004061842904187766,3.291629212681003,,4854941125.426315,0.22827687776141384,25.608875274658203,54.92873001098633
LNC,2023,2023-12-31,Financial Services,Insurance - Life,0.036707874392728775,-0.0432642168217993,-0.10909618453503554,-0.06421313295192554,,0.8880023211954157,,-0.0020192635595427657,,,4629824510.862624,,24.42142868041992,25.525781631469727
LNC,2024,2024-12-31,Financial Services,Insurance - Life,0.3349140040788565,0.2478340294133701,0.39605756439714596,0.182055700705987,,0.7685330753416374,,0.00837958094419327,1.6340839027516678,,5703239414.277878,0.1215267175572519,30.083484649658203,24.108562469482425
LNT,2024,2024-12-31,Utilities,Utilities - Regulated Electric,0.23503806163138638,0.19538436406322218,0.09851513420902341,0.1733232856066315,0.4471238382316001,1.4857224443175328,0.43609576427255986,0.030377740600510697,21.449295384290053,,14831633446.240885,0.7130434782608696,57.69860458374024,48.267826080322266
LNT,2023,2023-12-31,Utilities,Utilities - Regulated Electric,0.00783456304608058,-0.02750711898758189,0.10373321528700015,0.1745716414204122,0.43059349391606655,1.403128227829423,0.5520833333333334,0.0331026039459434,17.558830590556852,,12547698021.822395,0.6486486486486487,48.81354904174805,50.19424819946289
LNT,2022,2022-12-31,Utilities,Utilities - Regulated Electric,-0.04099218765687328,-0.07169650427503205,0.10930528999362651,0.16313912009512485,0.40642092746730085,1.3891013384321225,0.5289885738468049,0.034022714873778705,18.439451504102994,,12940001274.456367,0.6239067055393586,50.33970260620117,54.22763442993164
LNT,2021,2021-12-31,Utilities,Utilities - Regulated Electric,0.26413550606790825,0.2286152081423631,0.11252086811352253,0.1837012810029981,0.4240937585173072,1.3160267111853088,0.5204479065238559,0.03632835660001078,20.618872406818117,,13939408107.421532,0.5979228486646885,54.22763442993164,44.13719940185547
LNT,2020,2020-12-31,Utilities,Utilities - Regulated Electric,,-0.03164164079632976,,,,,,,,,11345626539.374428,,44.137203216552734,45.57941055297852
LOW,2025,2025-01-31,Consumer Cyclical,Home Improvement Retail,0.22393825345352172,0.20245123217999667,-0.4888623427728199,0.08314410689102947,0.33316203360661617,-2.7881385707258803,1.0853548008743403,0.16140782330286296,20.936021781416088,,143597840877.81464,0.3688371424464568,256.04754638671875,212.93798828125
LOW,2024,2024-01-31,Consumer Cyclical,Home Improvement Retail,0.06616297042073936,0.043283949933497406,-0.5133554817275747,0.08944510691503525,0.3339314863910532,-2.667441860465116,1.225012846865365,0.1848546476851298,15.590355613014916,,115413668113.72604,0.3275951333160756,205.79269409179688,197.25473022460935
LOW,2023,2023-01-31,Consumer Cyclical,Home Improvement Retail,-0.08546244822432186,-0.10464424233646995,-0.45159253542865163,0.06632048547790519,0.33234424422258624,-2.665497404237407,1.098969811900979,0.14727281046947927,19.395746851858252,,110625373896.52611,0.3681839366164362,197.25474548339844,220.3087921142578
LOW,2022,2022-01-31,Consumer Cyclical,Home Improvement Retail,0.46576658130593307,0.4426017620968431,-1.752906976744186,0.0877090909090909,0.33304935064935065,-6.101328903654485,1.0199308521456172,0.18911290322580646,18.298076236762874,,123554683080.67017,0.23501539919450368,220.308837890625,152.71632385253906
LOW,2021,2021-01-31,Consumer Cyclical,Home Improvement Retail,,0.4289257141315684,,,,,,,,,83860754943.18306,,149.5310821533203,104.64580535888672
LRCX,2021,2021-06-30,Technology,Semiconductor Equipment & Materials,,1.0336408513859088,,,,,,,,,78170379387.28638,,61.98919677734375,30.48188018798828
LRCX,2022,2022-06-30,Technology,Semiconductor Equipment & Materials,-0.3272784858766472,-0.33770813718069426,0.7335166506699354,0.2673289356342666,0.45694486440763266,0.7973141419280112,2.691321710521848,0.26781719915848395,12.535862813469109,,51771618925.40245,0.1770335219137313,41.05495071411133,61.98921203613281
LRCX,2023,2023-06-30,Technology,Semiconductor Equipment & Materials,0.5472756446418392,0.5297388757618021,0.5494319729233443,0.25882473298357705,0.4462184273176213,0.6104063349708142,3.160972807591451,0.24017765644890599,18.910978616486467,,79197065490.05585,0.20126820827008882,62.80335998535156,41.054954528808594
LRCX,2024,2024-06-30,Technology,Semiconductor Equipment & Materials,0.6789067892349067,0.6660412233760657,0.44824552014683844,0.2568046208263241,0.4731706377815375,0.5835658813783645,2.9695526362252957,0.20420525707281537,36.0803380505792,,131945567862.42827,0.2661900970068228,104.63298034667967,62.8033561706543
LRCX,2025,2025-06-30,Technology,Semiconductor Equipment & Materials,-0.06653576859846605,-0.0752134865081175,0.5433405001754783,0.29064525243589967,0.48705023885591736,0.45474328302482586,2.210118102893768,0.25102608260569326,23.40919586549322,,122506971229.16565,0.21453815700259993,97.14816284179688,105.04928588867188
LULU,2021,2021-01-31,Consumer Cyclical,Apparel Retail,,0.3929988807841688,,,,,,,,,37838201443.05084,,333.4700012207031,239.38999938964844
LULU,2022,2022-01-31,Consumer Cyclical,Apparel Retail,,0.015455814783514417,0.35595095848755826,0.15588647986603624,0.5767597728932424,0.3215464265928382,1.8606630167632747,0.19733461636045724,44.560748967373165,,37871108156.40674,,333.760009765625,328.67999267578125
LULU,2023,2023-01-31,Consumer Cyclical,Apparel Retail,,-0.08053692502492538,0.27146858214830477,0.10539400812623806,0.5538906392908567,0.33991817197604546,2.1173148603603544,0.15245125857895023,45.940120491439,,34821085558.20337,,306.8800048828125,333.760009765625
LULU,2024,2024-01-31,Consumer Cyclical,Apparel Retail,,0.4788190827144894,0.3662949740328694,0.16115450660642097,0.583141998806979,0.3315820278487108,2.4892258197799126,0.2185847287787645,37.19836125608351,,51494085804.30506,,453.8200073242188,306.8800048828125
LULU,2025,2025-01-31,Consumer Cyclical,Apparel Retail,,-0.10334673330316411,0.4196568631192029,0.1713821690448338,0.5922493744407651,0.3644250397833326,2.1636426890189875,0.23866188487828693,28.29235056058957,,46998480949.50843,,414.2000122070313,461.9400024414063
LUMN,2020,2020-12-31,Communication Services,Telecom Services,,-0.19179027386134456,,,,,,,,,8666952581.907928,,8.446162223815918,10.450458526611328
LUMN,2021,2021-12-31,Communication Services,Telecom Services,0.513585101113866,0.388166175950528,0.17170608108108107,0.10326611469497637,0.5688525422867883,2.480320945945946,1.60915050913656,0.03505595502905523,6.138574889817162,,12031171781.236975,0.5346778160354156,11.72467803955078,8.446163177490234
LUMN,2022,2022-12-31,Communication Services,Telecom Services,-0.4771601072384694,-0.5419916975592424,-0.1492192018507808,-0.08856848609680741,0.5498340771255292,2.016194331983806,1.1131304880539106,-0.03393843725335438,,,5510376563.897492,,5.369999885559082,11.72467803955078
LUMN,2023,2023-12-31,Communication Services,Telecom Services,-0.6358774257817097,-0.637931022670502,-24.695443645083934,-0.7074259806278766,0.5092395411142405,48.57553956834533,1.3511601584606678,-0.30272208830619085,,,1939406303.3309364,,1.8899999856948853,5.21999979019165
LUMN,2024,2024-12-31,Communication Services,Telecom Services,1.9032368269266453,1.9016392449479205,-0.11853448275862069,-0.004195910894110467,0.48863289594140985,39.13577586206897,1.2074745809288265,-0.0016419871029376642,,,5448808168.073746,,5.309999942779541,1.830000042915344
LUV,2020,2020-12-31,Industrials,Airlines,,-0.13320883429468466,,,,,,,,,22874378530.607468,,43.55467224121094,50.248172760009766
LUV,2021,2021-12-31,Industrials,Airlines,-0.08088392687917842,-0.08088392687917842,0.09381601690032648,0.061874604179860675,0.26060797973400884,1.1792778951411562,1.968136185072021,0.02689977973568282,24.86447162509705,,21024208970.131165,0.0,40.03179931640625,43.55467224121094
LUV,2022,2022-12-31,Industrials,Airlines,-0.2390289491375863,-0.2390289491375863,0.05043510807523159,0.02263374485596708,0.19954648526077098,0.8824740338729298,1.4268645211023319,0.01523933387995137,35.01498562166061,,15998812868.99785,0.0,30.463037490844727,40.03179550170898
LUV,2023,2023-12-31,Industrials,Airlines,-0.1045519006864172,-0.13045373625892645,0.0442225392296719,0.017822237553179257,0.16185657889693764,0.874940561103186,1.1386259791122715,0.012744265080713678,33.77585469940562,,14368317636.769156,0.9204301075268817,27.358442306518555,31.462894439697266
LUV,2024,2024-12-31,Industrials,Airlines,0.22063585413545078,0.19112339652824656,0.04492753623188406,0.016919550267438053,0.16224575191936833,0.7785507246376812,0.918377321603128,0.013777777777777778,43.48021557456568,,17354808851.368526,0.9247311827956989,33.04496383666992,27.7426872253418
LVS,2024,2024-12-31,Consumer Cyclical,Resorts & Casinos,0.08013660383001145,0.06205583024129644,0.5013869625520111,0.12798725438130643,0.4886705611612675,4.768377253814147,0.7395276676435097,0.06996999903222685,25.7581749740912,,34656312506.089966,0.40802213001383125,50.48602294921875,47.536128997802734
LVS,2023,2023-12-31,Consumer Cyclical,Resorts & Casinos,0.08556361403869277,0.0759224861641561,0.2965031568722681,0.1177207867335133,0.4981681450057848,3.4067508499271493,1.306422433288105,0.05606575443107723,30.607423664611062,,34037133678.806038,0.2497952497952498,49.58402633666992,46.08512878417969
LVS,2022,2022-12-31,Consumer Cyclical,Resorts & Casinos,0.3105739890641063,0.3105739890641063,0.4720432878124195,0.4457420924574209,0.40145985401459855,4.116980159752641,1.7283444387493594,0.08312536866463996,19.70546086629232,,32464523206.93979,0.0,47.29310607910156,36.08579635620117
LVS,2021,2021-12-31,Consumer Cyclical,Resorts & Casinos,-0.36845639765968335,-0.36845639765968335,-0.4814629258517034,-0.22697213037316957,0.379782711384034,7.412324649298597,2.1481481481481484,-0.04790866942519567,,,24771225034.095955,,36.08579635620117,57.139041900634766
LVS,2020,2020-12-31,Consumer Cyclical,Resorts & Casinos,,-0.11951043679492793,,,,,,,,,39223298737.463135,,57.1390380859375,64.89462280273438
LW,2025,2025-05-31,Consumer Defensive,Packaged Foods,-0.346518531204537,-0.36385378070490737,0.2055590723369972,0.05536868538124099,0.21679351448545253,2.3912643148990043,1.377168021680217,0.0483185888591294,21.793783569335936,,7592544472.425536,0.5792273236282195,54.48445892333984,85.64769744873047
LW,2024,2024-05-31,Consumer Defensive,Packaged Foods,-0.18965386098456258,-0.20129789973521064,0.4058060185703099,0.11217453151091596,0.27316160554146823,2.1549949658798524,1.286866572255403,0.09847970680059726,17.198334353037147,,11935220108.945312,0.23983459682977257,85.647705078125,107.23360443115234
LW,2023,2023-05-31,Consumer Defensive,Packaged Foods,0.6803472571913277,0.6639515612045318,0.7148728123007156,0.1885582925279408,0.26765222591858856,2.4733933253029123,1.5638876635788854,0.15474401055247095,15.309518498482463,,14827264624.067383,0.1448111804936069,106.40115356445312,63.944862365722656
LW,2022,2022-05-31,Consumer Defensive,Packaged Foods,-0.15526743129015952,-0.1681868079682518,0.5572815533980583,0.04901314986947718,0.2029812876625436,7.629403606102636,2.373909311972536,0.04852891444031113,46.33685402248217,,8910874622.334595,0.6888999502239921,63.94485855102539,76.87406158447266
LW,2021,2021-05-31,Consumer Defensive,Packaged Foods,,0.41634989968048014,,,,,,,,,10903494841.236572,,78.2439956665039,55.243408203125
LYB,2024,2024-12-31,Basic Materials,Specialty Chemicals,-0.11032041418652799,-0.1738360638029676,0.10913176055207832,0.033745223562106096,0.11324500024812664,1.0369924570694913,1.8293810589112602,0.03804621496111453,16.760400978915662,,22372470073.754883,1.2647058823529411,69.5556640625,84.19111633300781
LYB,2023,2023-12-31,Basic Materials,Specialty Chemicals,0.2978025603009916,0.226042052453016,0.1634957463263728,0.051426764298051424,0.1279100883061279,1.005491105955143,1.8394405594405594,0.057135135135135136,13.238286824418296,,27507159071.82701,0.7615894039735099,85.51933288574219,69.75236511230469
LYB,2022,2022-12-31,Basic Materials,Specialty Chemicals,0.14490589962394856,0.0016445168457378432,0.30772889417360283,0.0769459475530713,0.13089928841846543,1.044391597304796,1.7522189349112427,0.10675099683761859,5.974501336054919,,22695146721.5335,0.8361669242658424,70.5588607788086,70.4430160522461
LYB,2021,2021-12-31,Basic Materials,Specialty Chemicals,0.11956906001940527,0.05066219506061407,0.47309833024118736,0.12149957767526476,0.19006778853442488,1.1468207117557767,1.6897648686030429,0.1526862990582984,4.2055536526352615,,22657887901.209503,0.2648841354723708,70.44302368164062,67.04631042480469
LYB,2020,2020-12-31,Basic Materials,Specialty Chemicals,,0.026438347956284972,,,,,,,,,21565340418.38475,,67.04631042480469,65.31937408447266
LYV,2024,2024-12-31,Communication Services,Entertainment,,0.3835470311017653,5.172985576839833,0.03870709600798942,0.2516654592566601,47.74095450269244,0.992718532969577,0.045638650198630046,47.262773722627735,,30037538986.0,,129.5,93.5999984741211
LYV,2023,2023-12-31,Communication Services,Entertainment,,0.3164611467000025,-10.647031832520792,0.02450432245576791,0.2409447602090563,-161.32155625657202,0.9548211746404454,0.02926450526652107,68.51492355118937,,21295338849.19556,,91.80999755859376,69.73999786376953
LYV,2022,2022-12-31,Communication Services,Entertainment,,-0.42468043106556286,-0.7248707045479896,0.015972420298857627,0.25979120034980585,-20.94370308703944,0.9826824587529198,0.01618629327626699,107.59375095367432,,15972084578.45111,,68.86000061035156,119.69000244140624
LYV,2021,2021-12-31,Communication Services,Entertainment,,0.6288785652336563,1.1171421657218472,-0.1038381595951916,0.30509279252101834,-12.804435245112426,0.9749655834936131,-0.045194391625014804,,,27762108992.80444,,119.69000244140624,73.4800033569336
LYV,2020,2020-12-31,Communication Services,Entertainment,,0.02812371767034782,,,,,,,,,17043694714.48111,,73.4800033569336,71.47000122070312
M,2025,2025-01-31,Consumer Cyclical,Department Stores,-0.07846106688977238,-0.12046122650175886,0.12785588752196836,0.02529774841345736,0.4027644962183778,1.2535149384885764,1.4321396993810787,0.03548347762467992,7.234047230890984,,4020733398.9146976,0.32989690721649484,14.974477767944336,17.025375366210938
M,2024,2024-01-31,Consumer Cyclical,Department Stores,-0.1604468605845637,-0.19267418740508066,0.011152416356877323,0.001885527528701919,0.40400569848319784,1.4830235439900867,1.3435569285083848,0.00276991259386926,44.439170235081725,,4534225655.559237,4.022222222222222,16.886884689331055,20.91706275939941
M,2023,2023-01-31,Consumer Cyclical,Department Stores,-0.018734054948603727,-0.048056681019441695,0.28074473297403235,0.04503123894848521,0.39695076427364534,1.4598236158745712,1.204073235959679,0.06794734969761651,4.992139538603352,,5616352157.060749,0.15095986038394416,20.917064666748047,21.97301483154297
M,2022,2022-01-31,Consumer Cyclical,Department Stores,0.7509987698077222,0.7246894168751069,0.39491853079259875,0.056301429190125596,0.41115791960313397,1.8851146092239712,1.2477843426883308,0.08129619101762366,4.829234028910543,,5899880849.077583,0.06293706293706294,21.97301483154297,12.740273475646973
M,2021,2021-01-31,Consumer Cyclical,Department Stores,,-0.03948421003571664,,,,,,,,,3345778327.1882772,,12.460732460021973,12.972959518432615
MA,2020,2020-12-31,Financial Services,Credit Services,,0.20186339572946882,,,,,,,,,311331711306.2269,,346.9750061035156,288.6975402832031
MA,2021,2021-12-31,Financial Services,Credit Services,0.017197976820047655,0.01160587059773114,1.18804704595186,0.4600190637576785,0.7622855327261173,1.901121444201313,1.2877222306640328,0.23061403275903264,40.06871611015982,,314944986860.6172,0.20041441234027857,351.001953125,346.9750061035156
MA,2022,2022-12-31,Financial Services,Credit Services,-0.023146489145819484,-0.029188814248273635,1.5766910130200062,0.4465530422269191,0.7633223906102442,2.2265798666243253,1.1718297932397148,0.25643012085528355,33.34213525581733,,305752116140.71765,0.19164149043303122,340.7566223144531,351.001953125
MA,2023,2023-12-31,Financial Services,Credit Services,0.22771090718766746,0.2206717772489711,1.6156732573242891,0.44605147820543467,0.7600605625946291,2.2630971280127,1.1658263649778653,0.2637344515642669,35.25505936558934,,374223763198.6583,0.1927646270656543,417.0673522949219,341.6703491210937
MA,2024,2024-12-31,Financial Services,Credit Services,0.24821400483881673,0.24174332289070138,1.9851966075558982,0.4570596797671033,0.7630915610466148,2.810485736314572,1.026222684703434,0.26775649424928766,37.693440579441145,,469778561025.0571,0.19015069131583034,523.5618896484375,421.6345520019531
MAA,2024,2024-12-31,Real Estate,REIT - Residential,0.2471435979912408,0.19944721903513898,0.08844920688067004,0.24077562225726432,0.3255418150948305,0.8394944571597863,0.07531465242039874,0.044660220147203326,33.03836746045901,,17366598350.398895,1.309064853481138,148.34226989746094,123.67552947998048
MAA,2023,2023-12-31,Real Estate,REIT - Residential,-0.06128502092368087,-0.10154183426927457,0.09042769151143797,0.2573024126959303,0.3479130245365535,0.7471603428494032,0.051910202350945796,0.048134951943501605,26.527570007712978,,14627436331.226624,1.1855967554621332,124.94485473632812,139.06585693359375
MAA,2022,2022-12-31,Real Estate,REIT - Residential,-0.28106989844220714,-0.30451315047963967,0.10578516236956002,0.315583310972114,0.3404735759698911,0.7374296354318791,0.10944329453509315,0.05670551050536132,25.123189661624657,,16117778213.24176,0.8523098789525537,137.67507934570312,197.95497131347656
MAA,2021,2021-12-31,Real Estate,REIT - Residential,0.8967482025532131,0.858724135747335,0.08903398994089097,0.3002060647371719,0.2911856708520754,0.7533640170518477,0.22347364818617385,0.047300167600309855,42.94034084891032,,23174813764.426056,0.8881547272247003,197.95497131347656,106.50045776367188
MAA,2020,2020-12-31,Real Estate,REIT - Residential,,-0.006414886608293261,,,,,,,,,12468128894.732101,,106.50045013427734,107.18804931640624
MAC,2024,2024-12-31,Real Estate,REIT - Retail,0.3891215631302116,0.34477104872781733,-0.07042296952606705,-0.2114127143859099,0.5314036967819787,1.8373135806553778,0.5070104820151405,-0.022658937352800657,,,4890513235.322284,,19.34911155700684,14.388405799865724
MAC,2023,2023-12-31,Real Estate,REIT - Retail,0.5320308778758879,0.46821796765060764,-0.11199949326119116,-0.31000443404805966,0.5533262147255641,1.7611923891100196,0.6597742460634245,-0.036476284326157994,,,3664970602.9927154,,14.500303268432615,9.876124382019045
MAC,2022,2022-12-31,Real Estate,REIT - Retail,-0.2694579992080338,-0.3205389859295021,-0.023054163745697933,-0.07689800783086814,0.5456595015619835,1.5697768106545773,0.7317519808328943,-0.008162449397026664,,,2478468407.8257914,,9.805956840515137,14.431963920593262
MAC,2021,2021-12-31,Real Estate,REIT - Retail,0.7511172631252435,0.6848595665617578,0.004681202034745855,0.016830749660446735,0.5505459402881866,1.5127263513635483,0.8570367115045692,0.0017090330237710522,206.1709131513323,,3647697743.506791,10.057281076912291,14.431963920593262,8.565677642822266
MAC,2020,2020-12-31,Real Estate,REIT - Retail,,-0.5669026696318528,,,,,,,,,2164985978.521577,,8.56567668914795,19.77771759033203
MAR,2020,2020-12-31,Consumer Cyclical,Lodging,,-0.12534520730648507,,,,,,,,,34617495647.970604,,127.5243911743164,145.7996826171875
MAR,2021,2021-12-31,Consumer Cyclical,Lodging,0.25257717988864875,0.25257717988864875,0.7772277227722773,0.07931009598037093,0.20213610449592265,7.946251768033946,0.5659434992976432,0.04300864869095605,47.82459921465663,,43361090261.86496,0.0,159.73416137695312,127.52440643310548
MAR,2022,2022-12-31,Consumer Cyclical,Lodging,-0.09293665529325293,-0.10033960497458097,4.151408450704225,0.11351273287440428,0.21941943869445915,19.538732394366196,0.4514238997138575,0.09502317146886964,19.84896580817291,,39010259320.22171,0.1361323155216285,143.70651245117188,159.7341766357422
MAR,2023,2023-12-31,Consumer Cyclical,Lodging,0.5205971268605623,0.505665016299783,-4.520527859237537,0.13001307299793363,0.2160840045544638,-18.70967741935484,0.42656531821695437,0.12008257381008024,21.418798180600746,,59189580801.085045,0.19039896204995135,218.0433654785156,144.81532287597656
MAR,2024,2024-12-31,Consumer Cyclical,Lodging,0.26058106959873945,0.24924628719772476,-0.7937834224598931,0.0946215139442231,0.20322709163346614,-5.093917112299465,0.40293675569429993,0.09071117561683599,33.240830511892256,,75165621864.30505,0.2871578947368421,276.8961181640625,221.65054321289065
MAS,2024,2024-12-31,Industrials,Building Products & Equipment,0.11909308188566042,0.10044597128949155,-2.9357142857142855,0.10500766479305058,0.3616504854368932,-11.478571428571428,1.75,0.1638755980861244,19.04152809305394,,14989629372.657776,0.30900243309002434,71.59614562988281,65.06102752685547
MAS,2023,2023-12-31,Industrials,Building Products & Equipment,0.48428195767313376,0.4566299462031288,-7.2063492063492065,0.11397012677293837,0.3559683695242877,-25.8015873015873,1.6849557522123895,0.1693082230095096,16.085268846198694,,13538034894.144287,0.2830396475770925,64.66278076171875,44.39204406738281
MAS,2022,2022-12-31,Industrials,Building Products & Equipment,-0.2911443906607844,-0.3099956956859289,-1.7625,0.09746543778801843,0.31255760368663593,-7.177083333333333,1.5595553202752779,0.16310005783689993,12.425738458134255,,9443436954.395477,0.3049645390070922,45.105430603027344,65.36978149414062
MAS,2021,2021-12-31,Industrials,Building Products & Equipment,0.31606425069301125,0.2960823536494642,-2.2793296089385473,0.048716417910447764,0.3418507462686567,-17.70391061452514,1.7648272305312016,0.07318385650224216,40.35172168119454,,13686056735.456573,0.5171568627450981,65.36978912353516,50.43644714355469
MAS,2020,2020-12-31,Industrials,Building Products & Equipment,,0.15781797012142995,,,,,,,,,10559557960.896423,,50.43644714355469,43.56163787841797
MAT,2020,2020-12-31,Consumer Cyclical,Leisure,,0.2878229164064004,,,,,,,,,5622390245.819092,,17.450000762939453,13.550000190734863
MAT,2021,2021-12-31,Consumer Cyclical,Leisure,,0.2355300013356905,0.5755729200197087,0.16545068738146423,0.4812727463615441,1.8665722450025464,1.7985444106784094,0.14122645761722044,8.521738919344816,,6946631827.926636,,21.559999465942383,17.450000762939453
MAT,2022,2022-12-31,Consumer Cyclical,Leisure,,-0.17022264226357348,0.1915668621177482,0.07248126709045065,0.45657680009906737,1.2629972051322078,2.29765488975776,0.06376410100845611,16.263635808771305,,5764157803.344727,,17.889999389648438,21.559999465942383
MAT,2023,2023-12-31,Consumer Cyclical,Leisure,,0.05213006150343975,0.09973511234112208,0.03939411370871123,0.47484139123972036,1.2408207097202557,2.3258052261486206,0.033306079627435314,31.28333409627279,,6047694147.491455,,18.770000457763672,17.84000015258789
MAT,2024,2024-12-31,Consumer Cyclical,Leisure,,-0.060910999451738265,0.2393052503726605,0.10071797880341575,0.5082339662120187,1.186895599845415,2.3765769846692657,0.08279493356136626,11.22151869761793,,5712605852.508545,,17.729999542236328,18.8799991607666
MBC,2020,2020-12-31,Consumer Cyclical,"Furnishings, Fixtures & Appliances",,,,,,,,,,,,,,
MBC,2021,2021-12-31,Consumer Cyclical,"Furnishings, Fixtures & Appliances",,,0.07441519276224631,0.06395124855531818,0.2745420796413687,0.02575597033173038,2.22466355396869,0.06076741322506573,,,,0.0,,
MBC,2022,2022-12-31,Consumer Cyclical,"Furnishings, Fixtures & Appliances",,,0.1539833531510107,0.04744313845214471,0.2871317356128835,1.0241775663892192,2.0189734857698856,0.06143749505811655,6.37500007947286,,969552635.3367639,6.048906048906049,7.650000095367432,
MBC,2023,2023-12-31,Consumer Cyclical,"Furnishings, Fixtures & Appliances",0.9682118253338586,0.9682118253338586,0.1524543474618864,0.06675959210622845,0.33064338639865015,0.6451666945887083,1.938179736691471,0.07641600537431247,10.614285469055176,,1883340084.78765,0.0,14.859999656677246,7.550000190734863
MBC,2024,2024-12-31,Consumer Cyclical,"Furnishings, Fixtures & Appliances",-0.0161616645540267,-0.0161616645540267,0.09724260446435468,0.0466227225596208,0.3247667012294475,0.8359465513246311,1.6456752655538696,0.04297221653355178,15.218749642372131,,1851655358.53765,0.0,14.609999656677246,14.850000381469728
MBI,2024,2024-12-31,Financial Services,Insurance - Specialty,0.05555558152707882,0.05555558152707882,0.2125418860698899,-10.571428571428571,,-1.543322163714696,,-0.2047970479704797,,,326157268.7859926,,6.460000038146973,6.119999885559082
MBI,2023,2023-12-31,Financial Services,Insurance - Specialty,1.4727341307857882,0.027569296257370483,0.2939046469523235,-69.57142857142857,,-1.9088714544357273,,-0.1868764389869532,,,290815159.71595573,,5.760000228881836,5.605461597442627
MBI,2022,2022-12-31,Financial Services,Insurance - Specialty,-0.2032932156675233,-0.2032932156675233,0.23015873015873015,-1.3181818181818181,,-3.518140589569161,,-0.060148148148148145,,,277066124.3324194,,5.4876813888549805,6.887956142425537
MBI,2021,2021-12-31,Financial Services,Insurance - Specialty,1.3996961566894535,1.3996961566894535,1.4217252396166133,-2.79874213836478,,-10.261980830670927,,-0.09476149914821125,,,347764233.69428205,,6.887956142425537,2.870345115661621
MBI,2020,2020-12-31,Financial Services,Insurance - Specialty,,-0.2924731498758503,,,,,,,,,144920111.12525463,,2.870345115661621,4.056870937347412
MCD,2020,2020-12-31,Consumer Cyclical,Restaurants,,0.11296785354517205,,,,,,,,,137422937914.25778,,192.57579040527344,173.02906799316406
MCD,2021,2021-12-31,Consumer Cyclical,Restaurants,0.30639578607862833,0.27788089803312793,-1.6399043686155184,0.32490343583273407,0.5417152896494408,-10.725733536187786,1.7782338308457712,0.14010394713142682,24.510850944367064,,175610161226.73477,0.5193500503631447,246.0889434814453,192.5758056640625
MCD,2022,2022-12-31,Consumer Cyclical,Restaurants,0.03186673900895044,0.008132350791055596,-1.0289169470633308,0.2664567336726771,0.5697092571822966,-8.111903254822268,1.426632650377423,0.12247301509251401,29.78274195420355,,177038295637.595,0.6747612109438239,248.0902404785156,246.0889587402344
MCD,2023,2023-12-31,Consumer Cyclical,Restaurants,0.1783592677151212,0.15267691098534913,-1.7996175095622609,0.3321827809374387,0.5712492645616788,-11.281555461113472,1.1643096661320893,0.15083619783781857,24.662838840154627,,203450348909.74194,0.5352461919943323,285.1024169921875,247.3394012451172
MCD,2024,2024-12-31,Consumer Cyclical,Restaurants,0.025345752844616324,0.0013659223079947847,-2.16622760800843,0.31724537037037037,0.5675154320987654,-13.684931506849315,1.191142191142191,0.1490159834728716,25.020408462912915,,203364741639.53766,0.5922412744740363,284.9824523925781,284.5937194824219
MCHP,2025,2025-03-31,Technology,Semiconductors,-0.4260097386153454,-0.44696743904516306,-7.063843013152875e-05,-0.00011359505634314795,0.5606824790985097,0.8004888179365102,2.589645918102329,-3.252117128250491e-05,,,25746807076.024696,,47.70757293701172,86.26539611816406
MCHP,2024,2024-03-31,Technology,Semiconductors,0.11492408549435444,0.09352150950342575,0.2864159331911442,0.2497773236927591,0.6543670753431835,0.9060650665384962,1.1959196634119236,0.12013330645364514,24.797200608527522,,46571256484.95931,0.47800094394042686,86.29425811767578,78.91409301757812
MCHP,2023,2023-03-31,Technology,Semiconductors,0.15268649571815673,0.13416995794106046,0.34354274134119384,0.26517117565501797,0.6752106367094458,0.993521247850651,0.9841916244468671,0.136692669040885,19.63036949954816,,42588327323.90449,0.31072082942306833,78.9140853881836,69.5787124633789
MCHP,2022,2022-03-31,Technology,Semiconductors,-0.006767979112237984,-0.01991745435728905,0.21807355635475334,0.18846486534035098,0.6523479306249909,1.3098323946529145,1.753109363831308,0.07935430105867465,30.651411821138492,,37550212255.09598,0.39190976273823414,69.57870483398438,70.9926986694336
MCHP,2021,2021-03-31,Technology,Semiconductors,,1.3194477636485447,,,,,,,,,38313307742.493065,,70.99268341064453,30.607580184936523
MCK,2025,2025-03-31,Healthcare,Medical Distribution,0.2645801144221937,0.25937837566523175,-1.5887174541947926,0.00917696928848548,0.0371061492657032,-3.563162970106075,0.8992597883254334,0.0438514772424807,26.108981736154988,,83526982015.9649,0.1047040971168437,671.5230102539062,533.2178344726562
MCK,2024,2024-03-31,Healthcare,Medical Distribution,0.5221503102225035,0.5149731065057337,-1.5230847285641806,0.009716751200028484,0.041521147366410854,-3.7493658041603246,0.9162098668754894,0.044511661699509215,23.799033120254578,,66279511382.868164,0.10459693537641572,532.8603515625,351.729248046875
MCK,2023,2023-03-31,Healthcare,Medical Distribution,0.17767077196827383,0.16986270780086846,-1.9170705438879914,0.01286540831408943,0.0446603134678419,-3.9283791060850834,0.9235773713952082,0.05712451861360719,14.05230715329105,,43749629018.65698,0.08202247191011236,351.729248046875,300.6585693359375
MCK,2022,2022-03-31,Healthcare,Medical Distribution,0.5944090305915614,0.5826861286711144,-0.4903169014084507,0.0042202404855170746,0.049741254555510934,-3.319542253521127,0.9538851978706723,0.01759929223672154,41.584860140851916,,37397229851.18857,0.24865350089766608,300.6585388183594,189.96725463867188
MCK,2021,2021-03-31,Healthcare,Medical Distribution,,0.4566991036925131,,,,,,,,,23628957862.197197,,189.9672241210937,130.4093780517578
MCO,2024,2024-12-31,Financial Services,Financial Data & Stock Exchanges,0.23071219550394795,0.22169241534933287,0.5772791023842917,0.2903498871331828,0.7255925507900677,2.172791023842917,1.4706700027800945,0.1327313769751693,41.80462906669766,,83976469995.11719,0.3012633624878523,470.7201232910156,385.3016662597656
MCO,2023,2023-12-31,Financial Services,Financial Data & Stock Exchanges,0.3951281434848095,0.3835161176784445,0.4843279083785413,0.2716362407031778,0.714841108857336,2.234779987944545,1.7364,0.1099028860620982,43.14656645435102,,67197843286.13281,0.3509645301804605,376.6695251464844,272.2552490234375
MCO,2022,2022-12-31,Financial Services,Financial Data & Stock Exchanges,-0.27792514642452365,-0.28555939992721957,0.5454545454545454,0.2512801755669349,0.7050109729334308,3.1214767764986107,1.7237894736842105,0.09575580179803471,36.311065509755124,,48195532006.83594,0.3748180494905386,270.1543273925781,378.1340637207031
MCO,2021,2021-12-31,Financial Services,Financial Data & Stock Exchanges,0.3650495312562212,0.3557444932137269,0.8118811881188119,0.3560630427790286,0.7367320681891283,2.923725705903924,1.6069711538461537,0.1508174386920981,32.09966844128025,,67459122412.10938,0.2091237579042457,378.1340942382813,278.9125061035156
MCO,2020,2020-12-31,Financial Services,Financial Data & Stock Exchanges,,0.2326274844492016,,,,,,,,,49757985644.53125,,278.9124755859375,226.27474975585935
MDLZ,2020,2020-12-31,Consumer Defensive,Confectioners,,0.085833449558567,,,,,,,,,67327374181.73401,,52.032623291015625,47.919525146484375
MDLZ,2021,2021-12-31,Consumer Defensive,Confectioners,0.1858692070434432,0.15874799487391533,0.1521100852523966,0.14972144846796656,0.3918523676880223,0.7064629099013053,0.7382924043403769,0.06409109878972158,19.833124311346758,,78015459833.2101,0.4246511627906977,60.29269790649414,52.032623291015625
MDLZ,2022,2022-12-31,Consumer Defensive,Confectioners,0.0484737574054789,0.023030084079018714,0.10106758918275491,0.08626492252984506,0.35915671831343665,0.8721868839043262,0.6031319108242185,0.03818102612385998,31.470024342439615,,79812167482.31898,0.7305852042694148,61.68124771118164,60.292701721191406
MDLZ,2023,2023-12-31,Consumer Defensive,Confectioners,0.1602735925336207,0.13337246779413994,0.17503176620076238,0.1376888049755664,0.38216348289649044,0.7039743046731611,0.615526218902856,0.06946253729461697,19.42814990301817,,91003054858.98416,0.4355716878402904,70.32990264892578,62.053653717041016
MDLZ,2024,2024-12-31,Consumer Defensive,Confectioners,-0.1266566697023596,-0.15297148255291215,0.1712089707411258,0.12653330040339178,0.3912351472242803,0.6821624832912521,0.6773748017801422,0.06731681679489612,17.085933127598455,,75610265548.26633,0.5094339622641509,58.43389129638672,68.98692321777344
MDT,2021,2021-04-30,Healthcare,Medical Devices,,0.37106720981190777,,,,,,,,,147496398610.05466,,114.9965362548828,83.87374114990234
MDT,2022,2022-04-30,Healthcare,Medical Devices,-0.17154203078114547,-0.19447818249356938,0.09588780422827349,0.1590292242630815,0.679827052957142,0.4588685277159331,1.8604970146845248,0.05538519031446126,24.834376685421205,,118811574966.52527,0.671363365747172,92.6322250366211,114.99654388427734
MDT,2023,2023-04-30,Healthcare,Medical Devices,-0.07184315838890742,-0.10192211609732957,0.07299496921313832,0.12034457360617415,0.6567393601690844,0.4732435949730979,2.3947630096121975,0.04132031490522057,29.849281040489252,,107964167497.82411,0.9622139435870144,84.17497253417969,93.72792053222656
MDT,2024,2024-04-30,Healthcare,Medical Devices,-0.05154728421420027,-0.08550299456665478,0.07320667542916318,0.11358299344951181,0.653442096156223,0.4983470745210499,2.0330892575771617,0.04085306898122937,27.890492867732394,,98732907870.86426,0.9972796517954298,76.9777603149414,84.17497253417969
MDT,2025,2025-04-30,Healthcare,Medical Devices,0.12837637765237633,0.09202578211745942,0.09707646176911544,0.13901064495929868,0.6531591973044697,0.5937864401132767,1.849056603773585,0.050850785340314134,23.285789172735242,,107818880938.41159,0.7698412698412699,84.06169891357422,76.9777603149414
MET,2024,2024-12-31,Financial Services,Insurance - Life,0.31812094579114664,0.276752647337337,0.16126799052650756,0.06328371866912595,,0.6819092730916378,,0.006533255985250725,13.071201219003367,,53300520068.85295,0.3901943063714415,80.14801788330078,62.774898529052734
MET,2023,2023-12-31,Financial Services,Insurance - Life,0.0024304253853561137,-0.03750279394160898,0.052573713143428284,0.023305616683158812,,0.6272863568215892,,0.0022949923209382417,35.322098705650035,,42517109817.40268,1.11787072243346,63.93299865722656,66.42408752441406
MET,2022,2022-12-31,Financial Services,Insurance - Life,0.23681726055672306,0.18869140523626346,0.1768347779525451,0.07774589862429192,,0.6017201566212643,,0.007968968679117804,22.756756130362703,,44039461977.83687,0.3374337623012869,66.22216033935547,55.71013641357422
MET,2021,2021-12-31,Financial Services,Insurance - Life,0.4425988176329192,0.3742722625459547,0.10158264426069175,0.10818104346179339,,0.25829109984884857,,0.009023203651929426,7.239251331685573,,37048692186.920975,0.2687089715536105,55.71013641357422,40.53791809082031
MET,2020,2020-12-31,Financial Services,Insurance - Life,,-0.034160390437700965,,,,,,,,,26958771705.313446,,40.53791809082031,41.97168731689453
META,2024,2024-12-31,Communication Services,Internet Content & Information,0.6671362546283283,0.6604890029466067,0.34144231453648494,0.3790858414234564,0.8166515705071702,0.2686202686202686,2.9778842719371355,0.22589783158367566,24.482211603003197,,1266989821688.8232,0.08133418858242464,584.1455688476562,351.7912902832031
META,2023,2023-12-31,Communication Services,Internet Content & Information,1.8775967587791251,1.8775967587791251,0.25526219575890524,0.28982520644616094,0.8075714222176098,0.2430925519690797,2.6709949937421777,0.1702703997421861,23.145142832937545,,746488072951.3818,0.0,344.16827392578125,119.60267639160156
META,2022,2022-12-31,Communication Services,Internet Content & Information,-0.6291363356307916,-0.6291363356307916,0.18454734196145187,0.19895548371051977,0.7834729737841848,0.21152148146969685,2.203396729075705,0.12491452508251358,14.432563826146865,,268898692196.12183,0.0,123.97572326660156,334.2892150878906
META,2021,2021-12-31,Communication Services,Internet Content & Information,,0.23132969464589118,0.31526517669103693,0.3338449405998525,0.8079437627725157,0.111091536607436,3.154293825408091,0.23718724960388465,24.276631451553424,,725060764994.2847,,334.2892150878906,271.4863586425781
META,2020,2020-12-31,Communication Services,Internet Content & Information,,0.330865007964785,,,,,,,,,588843791919.0576,,271.48638916015625,203.992431640625
MGM,2024,2024-12-31,Consumer Cyclical,Resorts & Casinos,-0.22448519943575265,-0.22448519943575265,0.2469200236416237,0.04330245940601066,0.45514825662413805,10.454985164451173,1.3019128002260356,0.017677699227642826,14.437500635782879,,9431420020.63057,0.0,34.650001525878906,44.68000030517578
MGM,2023,2023-12-31,Consumer Cyclical,Resorts & Casinos,0.35639729191752884,0.35639729191752884,0.29969274527244916,0.07066087635744785,0.47083455593885,8.279721975141491,1.570852905311081,0.026958204940136253,14.257053148036468,,12379248465.56083,0.0,45.47999954223633,33.529998779296875
MGM,2022,2022-12-31,Consumer Cyclical,Resorts & Casinos,-0.25788622416597806,-0.2582177060790738,0.30489168128764205,0.1122144112143339,0.49320201089546095,7.036072845676803,1.805776577473509,0.032239480842750294,9.535816269139506,,9058517545.495544,0.0027479595653499135,33.279998779296875,44.86491394042969
MGM,2021,2021-12-31,Consumer Cyclical,Resorts & Casinos,0.4252787345721671,0.4247200152440891,0.20662878491494727,0.12958180356895665,0.48031650368693013,4.067546693967445,1.8639424518282153,0.030669856042854323,18.616146863248833,,12211827674.685883,0.0038178527866578444,44.86491394042969,31.49033737182617
MGM,2020,2020-12-31,Consumer Cyclical,Resorts & Casinos,,-0.04554169275865301,,,,,,,,,8571387742.168906,,31.49033737182617,32.992889404296875
MHK,2024,2024-12-31,Consumer Cyclical,"Furnishings, Fixtures & Appliances",,0.1510144662165986,0.06855682390020394,0.0477719643071358,0.24801373086399248,0.3480546653600657,2.05699210417992,0.0405130452475232,14.635134797717193,,7401774386.779609,,119.12999725341795,103.5
MHK,2023,2023-12-31,Consumer Cyclical,"Furnishings, Fixtures & Appliances",,0.029935409137658995,-0.05765371043276357,-0.03946978473475766,0.24333863189374141,0.41320460180241636,1.7814615849200546,-0.03241198247761767,,,6541247514.235382,,105.27999877929688,102.22000122070312
MHK,2022,2022-12-31,Consumer Cyclical,"Furnishings, Fixtures & Appliances",,-0.41343723292092666,0.0031454748412564973,0.002147038024725017,0.25077744928474666,0.4019886890222554,1.9200494416642104,0.0017846479484480361,274.00000156500397,,6639416047.382309,,106.86000061035156,182.17999267578125
MHK,2021,2021-12-31,Consumer Cyclical,"Furnishings, Fixtures & Appliances",,0.29251505228963576,0.12268220639618592,0.09224129072221315,0.2918352772299159,0.32377050202311364,1.7779110120810289,0.07263227285678663,12.194109282180808,,11319191090.912292,,182.17999267578125,140.9499969482422
MHK,2020,2020-12-31,Consumer Cyclical,"Furnishings, Fixtures & Appliances",,0.03350925283626843,,,,,,,,,8757492665.838455,,140.9499969482422,136.3800048828125
MI,2024,2024-12-31,Consumer Cyclical,Internet Retail,,-0.6193548506182014,0.07783131099519254,8.500751315308067,0.7407212896971923,,15.131758217955301,0.07268773746764053,2.313725465263417,,50687170.85379601,,3.539999961853028,9.300000190734863
MI,2023,2023-12-31,Consumer Cyclical,Internet Retail,,-0.6472727342085405,0.0855798134973437,2.4163119365316703,0.7415434765952408,,5.717680988859878,0.07061223946442995,3.288135528564453,,138888574.26898003,,9.699999809265137,27.5
MI,2022,2022-12-31,Consumer Cyclical,Internet Retail,,-0.8555555555555555,-0.19756053710758276,-3.041986921836584,0.7700068399452804,0.029576324682557307,4.411395164100553,-0.15281696760979233,,,418813492.5,,29.25,202.5
MI,2021,2021-12-31,Consumer Cyclical,Internet Retail,,1.7364864864864864,-10.830732568319826,-inf,,,0.24406072600895815,-2.580589692438545,,,2899478025.0,,202.5,74.0
MI,2020,2020-12-31,Consumer Cyclical,Internet Retail,,1.9659317730330115,,,,,,,,,1059562340.0,,74.0,24.950000762939453
MKC,2020,2020-11-30,Consumer Defensive,Packaged Foods,,0.12084194705943539,,,,,,,,,21422928354.244034,,84.59539031982422,75.47486114501953
MKC,2021,2021-11-30,Consumer Defensive,Packaged Foods,-0.050705500777104014,-0.06766396514890574,0.17123101337565177,0.11954921730321784,0.39484638883173206,1.221673090002267,0.6811216576710714,0.05852407444714779,28.168334960937504,,19973369878.03076,0.4810009267840593,78.871337890625,84.59539794921875
MKC,2022,2022-11-30,Consumer Defensive,Packaged Foods,0.029504861986496784,0.009643420192988352,0.14571092831962398,0.10739311865207464,0.3581607747421463,1.1378485204572162,0.6953443654585713,0.051962300665147926,31.599977281358505,,20165985377.832306,0.5816715542521994,79.63194274902344,78.87135314941406
MKC,2023,2023-11-30,Consumer Defensive,Packaged Foods,-0.20291688299372465,-0.22366965019844756,0.1344873238879997,0.10215844615892648,0.3756266698688121,0.9072460331574683,0.6459066120236213,0.05291433102944264,24.53202141655816,,15655466482.465546,0.6148986188657067,61.82069396972656,79.63194274902344
MKC,2024,2024-11-30,Consumer Defensive,Packaged Foods,0.24336145281675312,0.21506001524136947,0.14902664902664903,0.1172717402620581,0.385353302497137,0.8521073521073521,0.7419869571250174,0.06032761298516484,26.18489200121736,,19362693694.065094,0.5719720989220038,76.45988464355469,62.92683792114258
MKTX,2020,2020-12-31,Financial Services,Capital Markets,,0.5127815086276831,,,,,,,,,20274227700.15216,,542.6172485351562,358.6884460449219
MKTX,2021,2021-12-31,Financial Services,Capital Markets,-0.27017301855162595,-0.2750951295920998,0.24765751568458547,0.3689643480015051,0.7324705165312018,0.08491715715508077,3.0507890052463496,0.16850446796109908,58.101312589434094,,14696886403.599062,0.3869586797369401,393.3458862304688,542.6172485351562
MKTX,2022,2022-12-31,Financial Services,Capital Markets,-0.29313802823482604,-0.30034649271170505,0.23145464821250344,0.34835584017819854,0.721889182792705,0.07647445686911301,2.761072880341704,0.15563371740448756,41.38434159128289,,10282729714.058167,0.42338864377517743,275.20587158203125,393.345947265625
MKTX,2023,2023-12-31,Financial Services,Capital Markets,0.04875517447875706,0.03786222161913463,0.19958421083975333,0.34290881499760145,0.7024398476108469,0.06162357314169083,2.3100430531870866,0.12806273935308354,40.82188961279653,,10448029745.926575,0.42494041967797563,279.62994384765625,269.42877197265625
MKTX,2024,2024-12-31,Financial Services,Capital Markets,-0.20773777057859844,-0.218288477477135,0.1974428585830945,0.33555501978345287,0.6894579223764131,0.05231950225397145,4.410020473507589,0.15324086080160249,30.696948544009704,,8349823789.15091,0.41103139896637625,223.47378540039065,285.8775634765625
MLM,2024,2024-12-31,Basic Materials,Building Materials,0.04717860989698634,0.04083501036424562,0.21104411298000636,0.30523255813953487,0.28733170134638925,0.6139849783137629,2.501968503937008,0.10979636763896533,15.866033312201097,,31010440672.29309,0.09473684210526316,514.2181396484375,494.0438537597656
MLM,2023,2023-12-31,Basic Materials,Building Materials,0.47138098901690795,0.4627015213783666,0.14550659696290763,0.17249520436771432,0.2985096650435296,0.5882499377645009,3.3495726495726497,0.0772892561983471,25.836382712871945,,29323234479.22998,0.14884516680923868,486.24072265625,332.4264831542969
MLM,2022,2022-12-31,Basic Materials,Building Materials,-0.22066342370653655,-0.22683017138771416,0.12091207028798549,0.1407239084564194,0.2309689985391982,0.7569904469702252,1.9901079136690647,0.0578246718599936,23.982899947052992,,20060359037.479248,0.1845444059976932,332.642822265625,430.2325439453125
MLM,2021,2021-12-31,Basic Materials,Building Materials,0.5699703081274283,0.5610775772958717,0.10749315257141982,0.12975618766161803,0.2490579977835242,0.8468012180007038,2.6914695721498805,0.04880844855137914,38.34514379926331,,25945603245.47049,0.21039145907473308,430.2325134277344,275.5997009277344
MLM,2020,2020-12-31,Basic Materials,Building Materials,,0.02572242159897442,,,,,,,,,16620316390.947052,,275.5997009277344,268.6883850097656
MMC,2024,2024-12-31,Financial Services,Insurance Brokers,0.15426143931940636,0.1374591266561447,0.304302203567681,0.1659988551803091,0.4277537002207867,1.6385849198021287,1.1331591351572907,0.07188257998264903,25.55855748705876,,102424927634.73387,0.37266009852216747,209.06900024414065,183.80352783203125
MMC,2023,2023-12-31,Financial Services,Insurance Brokers,0.18250924601647514,0.16576695253875395,0.30809613649413503,0.16520056298381422,0.4238652357494722,1.2661799688294644,1.0986612781005305,0.07820112429731418,24.49968396271684,,90379822000.42418,0.345580404685836,184.4826202392578,158.25
MMC,2022,2022-12-31,Financial Services,Insurance Brokers,-0.017412540832315086,-0.03158463402229763,0.2899239543726236,0.1472007722007722,0.41742277992277993,1.2806083650190114,1.0632009869896815,0.06913904882803645,26.279492409813482,,77762449887.19148,0.37311475409836065,158.72813415527344,163.90501403808594
MMC,2021,2021-12-31,Financial Services,Insurance Brokers,0.5275422668724217,0.5082706383684971,0.28549368698337724,0.15857719475277499,0.42356205852674067,1.1955672631483332,1.2419597234746018,0.09139816214958707,26.738172720929345,,80298645994.08072,0.32643970728603244,163.90499877929688,108.67081451416016
MMC,2020,2020-12-31,Financial Services,Insurance Brokers,,0.06856834887668574,,,,,,,,,53238891765.41251,,108.67082977294922,101.69759368896484
MMI,2020,2020-12-31,Real Estate,Real Estate Services,,-0.000536854217917457,,,,,,,,,1344038450.4662704,,34.4651985168457,34.48371124267578
MMI,2021,2021-12-31,Real Estate,Real Estate Services,0.38221844228854424,0.38221844228854424,0.204608906454652,0.1098932461201444,0.3519106167659128,0.11102478227900457,2.6952577228205468,0.1363091012420613,13.419275418133804,,1857754527.7583008,0.0,47.638427734375,34.46519470214844
MMI,2022,2022-12-31,Real Estate,Real Estate Services,-0.2638272482611008,-0.2963170063345758,0.14607384069437107,0.08006775702729486,0.3463259865868742,0.11505531114533944,3.467684110120712,0.10383996142304336,12.942993871033423,,1307270372.2695007,0.5791124970016791,33.52235412597656,47.638431549072266
MMI,2023,2023-12-31,Real Estate,Real Estate Services,0.2769613442983961,0.2613201335182622,-0.05274503544230823,-0.052691712840615114,0.3704474344624083,0.13597789466180257,3.739885436358282,-0.03874609949101275,,,1621122494.9620285,,41.57046890258789,32.95790481567383
MMI,2024,2024-12-31,Real Estate,Real Estate Services,-0.0999530644106405,-0.11216967738068896,-0.019596777517445603,-0.01775996322156136,0.3801238398988593,0.13351394538519826,3.08471097679244,-0.014212462635088526,,,1469904641.2720187,,37.69278717041016,42.4549446105957
MMM,2024,2024-12-31,Industrials,Conglomerates,0.5040905480889618,0.46124396547947605,1.086153045288912,0.16980671414038656,0.4121261444557477,3.5551795939614785,1.4111584932480454,0.10467041236079061,16.85329007786631,,67594318220.82202,0.47495806374311045,127.24234008789062,87.07809448242188
MMM,2023,2023-12-31,Industrials,Conglomerates,0.04192697024019617,-0.0272676037155353,-1.4551695444143957,-0.2842340511986997,0.3911824461600975,3.4847097982109423,1.0707328234294307,-0.13829576907868724,,,46545802365.346985,,87.61974334716797,90.07589721679688
MMM,2022,2022-12-31,Industrials,Conglomerates,-0.23175152140954552,-0.28129926266529015,0.3924059231082733,0.1687750153378714,0.4381372520377458,1.1448852058144274,1.5423711015436312,0.12435690453126681,9.036472223128225,,48868075975.10633,0.5831746581270556,91.99128723144533,127.99665069580078
MMM,2021,2021-12-31,Industrials,Conglomerates,0.10124303717124211,0.04850551430550824,0.3935265186760601,0.16747277612784614,0.4683920237590157,1.2169347334839824,1.704814609850581,0.12578602991162474,12.647888877175072,,67995018803.86505,0.5776051342678602,127.99663543701172,122.07530975341795
MMM,2020,2020-12-31,Industrials,Conglomerates,,0.02765221489457793,,,,,,,,,64849470389.22529,,122.07532501220705,118.7905044555664
MNST,2024,2024-12-31,Consumer Defensive,Beverages - Non-Alcoholic,,-0.08765837846828882,0.25329295545710623,0.2014021897820935,0.54037571724726,0.0627674891627969,3.3179416483905975,0.1954956083548201,32.444445292154946,,51321066954.760056,,52.560001373291016,57.61000061035156
MNST,2023,2023-12-31,Consumer Defensive,Beverages - Non-Alcoholic,,0.15414164989697723,0.19820619039795137,0.228428828070258,0.5313993910667285,,4.811094879954962,0.16837705009083756,38.04545464453759,,57208927742.501114,,58.59000015258789,50.76499938964844
MNST,2022,2022-12-31,Consumer Defensive,Beverages - Non-Alcoholic,,0.054977079643522025,0.16962520218743207,0.18881549029083908,0.5030172475261644,,4.755490639515039,0.14368852197096263,45.43497744162521,,49465851905.748886,,50.65999984741211,48.02000045776367
MNST,2021,2021-12-31,Consumer Defensive,Beverages - Non-Alcoholic,,0.03849478189196933,0.20975868405291892,0.24858103221018987,0.5609665294678988,,4.851545370520042,0.17649111109288868,37.36965016168379,,46888082082.75336,,48.02000045776367,46.2400016784668
MNST,2020,2020-12-31,Consumer Defensive,Beverages - Non-Alcoholic,,0.45523217100216556,,,,,,,,,45150041098.2623,,46.2400016784668,31.774999618530277
MO,2024,2024-12-31,Consumer Defensive,Tobacco,0.5230051261461105,0.40757211928130355,-5.033065236818588,0.5509684993152025,0.7027489728037566,-11.137622877569259,0.513950575105341,0.3202092276203201,7.597229750513666,,83466864618.40732,0.6076882102272727,49.685882568359375,35.29899597167969
MO,2023,2023-12-31,Consumer Defensive,Tobacco,0.10272320705906977,-0.007370110863360453,-2.2966101694915255,0.3965466783728417,0.696712515852112,-7.41045197740113,0.493418146479371,0.2107855846512834,7.961496899894864,,61121221028.13215,0.8338253382533826,36.38404083251953,36.6541862487793
MO,2022,2022-12-31,Consumer Defensive,Tobacco,0.15124397384907937,0.039387790327028945,-1.4507928517493078,0.27861562258314,0.6886117556071152,-6.7153284671532845,0.8379758588672238,0.1559777020079017,11.442580267927116,,61319095756.70398,1.1448646773074254,36.5018310546875,35.118587493896484
MO,2021,2021-12-31,Consumer Defensive,Tobacco,0.37753584568365317,0.24184810760411632,-1.5410958904109588,0.11723745914452181,0.66278243569703,-17.462017434620176,0.7090569996503089,0.06262176454216532,26.207903961637125,,58995403821.41107,2.6044444444444443,35.11859130859375,28.279296875
MO,2020,2020-12-31,Consumer Defensive,Tobacco,,-0.10211504619265827,,,,,,,,,47506131773.37596,,28.279294967651367,31.495454788208008
MOH,2024,2024-12-31,Healthcare,Healthcare Plans,,-0.1944590801261482,0.26223309608540923,0.02900369003690037,0.11650676506765067,0.6935053380782918,1.6176545086119554,0.07543186180422265,14.253182555973003,,15774909338.378906,,291.04998779296875,361.30999755859375
MOH,2023,2023-12-31,Healthcare,Healthcare Plans,,0.12509841137994587,0.2588374851720047,0.03202042733035924,0.12720122094388353,0.5658362989323843,1.5355044074436828,0.07326081117378458,19.85352746676977,,20136925933.83789,,371.5299987792969,330.2200012207031
MOH,2022,2022-12-31,Healthcare,Healthcare Plans,,0.0026409296118286322,0.26720647773279355,0.024770125727153314,0.12278726465253018,0.8066801619433198,1.4710430342815464,0.06431703751827189,23.53653235629036,,17285464727.783203,,318.9200134277344,318.0799865722656
MOH,2021,2021-12-31,Healthcare,Healthcare Plans,,0.49558020277516546,0.2505703422053232,0.02372979006877678,0.11810881855172663,0.9095057034220533,1.428125443451114,0.05397657465803915,28.27377658420139,,17239935272.216797,,318.0799865722656,212.67999267578125
MOH,2020,2020-12-31,Healthcare,Healthcare Plans,,0.5673961887326288,,,,,,,,,11527255603.027344,,212.67999267578125,135.69000244140625
MOS,2024,2024-12-31,Basic Materials,Agricultural Inputs,-0.26628083250380136,-0.29141452145110647,0.015232007245871943,0.015724457870320424,0.13592800374006545,0.3875322232285933,1.07839282717618,0.007629558541266794,43.720418756658376,,7631752324.353981,1.5477415666094911,24.04623031616211,33.93553924560547
MOS,2023,2023-12-31,Basic Materials,Agricultural Inputs,-0.1194006895642044,-0.14668447191769374,0.09478283510439212,0.08505340936470966,0.1614036112469973,0.3250394623358448,1.2249270723081291,0.05057570073981452,9.89939444405692,,10996486329.7397,0.30182848313159927,34.64788055419922,40.60383224487305
MOS,2022,2022-12-31,Basic Materials,Agricultural Inputs,0.11339184827291411,0.09608731825431738,0.29721434141323644,0.18733398866417084,0.30095371551670047,0.31589600650374133,1.1848277856084426,0.15320277088856582,3.9220828896251394,,12522528065.541245,0.05518030590599531,39.456153869628906,35.99727249145508
MOS,2021,2021-12-31,Basic Materials,Agricultural Inputs,0.7370811083694168,0.7214558310590914,0.15377071132863704,0.1319533235146552,0.25897842588246717,0.41546194396507014,1.112357438275473,0.07399575248225664,8.430275481534508,,11424755294.606094,0.06359622224947872,35.997276306152344,20.91094970703125
MOS,2020,2020-12-31,Basic Materials,Agricultural Inputs,,0.07602190525722051,,,,,,,,,6636681002.385536,,20.910945892333984,19.433568954467773
MPC,2024,2024-12-31,Energy,Oil & Gas Refining & Marketing,-0.014010171440213527,-0.040562488192102876,0.19413919413919414,0.024808445673464685,0.06687838460652148,1.620625528317836,1.1738128391030873,0.043686119353775144,13.606829870314826,,41698466426.570114,0.334978229317852,137.15684509277344,142.95547485351562
MPC,2023,2023-12-31,Energy,Oil & Gas Refining & Marketing,0.37762740933835937,0.3397753455800079,0.3966972627438125,0.06524508185120535,0.11124215690899655,1.1678823143746926,1.594590570719603,0.11258678637468454,6.212854566989791,,44633146598.344666,0.13025513893192853,146.80975341796875,109.57788848876952
MPC,2022,2022-12-31,Energy,Oil & Gas Refining & Marketing,0.8501694841890999,0.7785205537122588,0.523759696915028,0.08180194192264995,0.12717170180273085,1.0069998195922785,1.7603396603396604,0.16146111407723795,3.713657167524226,,31748244852.492733,0.0881096720859741,104.42803955078124,58.71623992919922
MPC,2021,2021-12-31,Energy,Oil & Gas Refining & Marketing,0.7438560593258376,0.610011099083298,0.3715942913836526,0.08116149787886617,0.05509947242526025,1.0266351217278487,1.703877528215443,0.11406416548557506,3.852770897972928,,17850925927.35696,0.15239268843705073,58.71622848510742,36.46945571899414
MPC,2020,2020-12-31,Energy,Oil & Gas Refining & Marketing,,-0.27384940028814364,,,,,,,,,11087455196.750416,,36.46945571899414,50.222991943359375
MPWR,2024,2024-12-31,Technology,Semiconductors,-0.04743877747082474,-0.05551159890139311,0.5679695921535193,0.8095238095238095,0.5531557247066287,0.004124272395253686,5.313062902497564,0.49395965880926057,16.06508532844954,,28151945945.06836,0.13467453965411094,587.8214721679688,622.3702392578125
MPWR,2023,2023-12-31,Technology,Semiconductors,0.7326445009321867,0.721435459260874,0.20848132554188198,0.2346826484620048,0.5607241229341838,0.0027147149256636417,7.7413959623034865,0.1755595840044562,68.03050977454338,,28541106445.3125,0.4348509736202951,595.947265625,346.1920471191406
MPWR,2022,2022-12-31,Technology,Semiconductors,-0.2935542434572515,-0.29956391944469046,0.26229861884379857,0.24394420081286494,0.5844289322842932,0.0009972420025865965,5.355425208807897,0.2125771959094364,37.10007809802313,,16080012309.448242,0.31522464311173665,335.7557067871094,479.3523864746094
MPWR,2021,2021-12-31,Technology,Semiconductors,0.36133457675441366,0.35488015493196107,0.19455459671941383,0.20038367342883495,0.5675278481997817,,4.95651790750141,0.1526164614632762,94.92127673460706,,22957147416.137695,0.4518744086305847,479.3524475097656,353.79693603515625
MPWR,2020,2020-12-31,Technology,Semiconductors,,1.0749069951329273,,,,,,,,,16944038475.952148,,353.7968444824219,170.51214599609375
MRK,2024,2024-12-31,Healthcare,Drug Manufacturers - General,-0.032172071733681924,-0.06260064418193421,0.3695938505387256,0.2667528986410672,0.7632308939035033,0.8013084878975666,1.3646023926812103,0.1461667207487234,14.34645157539526,,241523356447.69135,0.4580241864812759,96.69508361816406,103.15249633789062
MRK,2023,2023-12-31,Healthcare,Drug Manufacturers - General,0.0783854112804908,0.049198104986010335,0.009712354647295175,0.006071695916160692,0.731747483989021,0.9327851840025545,1.251965439402195,0.003421607686899461,765.3241293770925,,267625926586.3811,20.397260273972602,107.14537811279295,102.12120819091795
MRK,2022,2022-12-31,Healthcare,Drug Manufacturers - General,0.5378484515733151,0.4967728438870903,0.31569220064795284,0.24491000792807383,0.7063070357438052,0.6673262159987824,1.473740665869054,0.13300659582264565,17.91525338034287,,255513473142.2614,0.4829533714443143,102.2960968017578,68.34443664550781
MRK,2021,2021-12-31,Healthcare,Drug Manufacturers - General,0.05694858416153289,0.01754836739798495,0.3417399958097633,0.26792460578186594,0.7202283180026281,0.8669076052796983,1.2678451742627346,0.12346017749351902,13.29658300496261,,170709586418.4026,0.5065522262242318,68.34443664550781,67.16578674316406
MRK,2020,2020-12-31,Healthcare,Drug Manufacturers - General,,-0.0720478124184746,,,,,,,,,167765536367.53442,,67.165771484375,72.3806381225586
MRNA,2024,2024-12-31,Healthcare,Biotechnology,,-0.5819004212469248,-0.32666727823135494,-1.1131603626133166,0.5423569865582994,0.06852582331896157,3.671350861287398,-0.25180313958421724,,,16240349339.674759,,41.58000183105469,99.4499969482422
MRNA,2023,2023-12-31,Healthcare,Biotechnology,,-0.3736777471427785,-0.34026274000288725,-0.6979567663606752,0.3051525022209061,0.08972138010682836,3.4245439469320065,-0.25583414740041244,,,43940337187.5,,112.5,179.6199951171875
MRNA,2022,2022-12-31,Healthcare,Biotechnology,,-0.29525943576604213,0.43727448622078124,0.4430198675496689,0.7130596026490066,0.06275166030434555,2.728214503351615,0.3233815453631371,8.896123533457457,,69910055062.77428,,178.99000549316406,253.97999572753903
MRNA,2021,2021-12-31,Healthcare,Biotechnology,,1.431128484348166,0.862636974195829,0.6879792512404149,0.85244700045106,0.06475786496995405,1.760626643295355,0.4946288864566865,8.977730495847968,,99199703565.75888,,253.97999572753903,104.47000122070312
MRNA,2020,2020-12-31,Healthcare,Biotechnology,,4.341002253226281,,,,,,,,,40803974041.03317,,104.47000122070312,19.559999465942383
MS,2024,2024-12-31,Financial Services,Capital Markets,0.4411248969888807,0.39731186373242794,0.1281204849250318,0.23238055570017876,,2.9702232300906126,,0.011019932168572865,15.476744069993122,,195756823532.10452,0.4584017923823749,123.04011535644533,88.05487060546875
MS,2023,2023-12-31,Financial Services,Capital Markets,0.19410148859459023,0.1472351850983547,0.09175266059492317,0.1793475042927349,,2.790716694602072,,0.007612510084251144,17.117503987316,,141071855010.98633,0.6342027071640806,88.66867065429688,77.28900909423828
MS,2022,2022-12-31,Financial Services,Capital Markets,-0.05662098020244643,-0.09600249377816686,0.11013471005881707,0.2196574387572197,,2.4586932425280357,,0.009344780809858408,12.6707905094798,,123979250358.58154,0.489708949134101,77.92536163330078,86.20085906982422
MS,2021,2021-12-31,Financial Services,Capital Markets,0.5111383386593148,0.466536642654712,0.1425821075293292,0.26649413266210514,,2.3061996756479926,,0.012653391014526907,10.734850739779539,,137145554641.72363,0.277437807636025,86.20085144042969,58.77851867675781
MS,2020,2020-12-31,Financial Services,Capital Markets,,0.3808846803926735,,,,,,,,,93516623214.72168,,58.77851867675781,42.56584167480469
MSCI,2024,2024-12-31,Financial Services,Financial Data & Stock Exchanges,0.08495403245195252,0.07307315227262183,-1.1799271699803298,0.3883327357877518,0.81990232930737,-4.927642322262731,0.8476130353784621,0.20368018078983163,42.302819520129,,45982384405.390015,0.4590173541737293,594.3546142578125,553.8807983398438
MSCI,2023,2023-12-31,Financial Services,Financial Data & Stock Exchanges,0.2202707837255421,0.20762254462633614,-1.5526465197008776,0.4541828132167091,0.823410388624393,-6.255862680530548,0.9348250688024258,0.20814541793285116,37.820407000575486,,42104919478.93646,0.3839422527755722,544.2356567382812,450.6670227050781
MSCI,2022,2022-12-31,Financial Services,Financial Data & Stock Exchanges,-0.2317661776557208,-0.23996594210843702,-0.8637279559491033,0.38716257863788905,0.8201808415732825,-4.6070104422452065,1.397789891781625,0.17420048083705267,41.67742658017286,,34565395424.83383,0.428355807037434,446.7820129394531,587.8447265625
MSCI,2021,2021-12-31,Financial Services,Financial Data & Stock Exchanges,0.39057039364534635,0.3813837248886592,-4.441159377733732,0.35525684790736095,0.824479433768003,-26.375054292303645,1.7134436026754345,0.1318362366737411,67.56835235946481,,45478740692.01935,0.41660617397377075,587.8446655273438,425.5476989746094
MSCI,2020,2020-12-31,Financial Services,Financial Data & Stock Exchanges,,0.7438492032847936,,,,,,,,,32922590651.881104,,425.547607421875,244.0277557373047
MSFT,2021,2021-06-30,Technology,Software - Infrastructure,,0.3440274454392089,,,,,,,,,1944706710536.3955,,261.6283874511719,194.66000366210935
MSFT,2022,2022-06-30,Technology,Software - Infrastructure,-0.03487086984550701,-0.04419618674177969,0.4367546925099975,0.3668633681343622,0.684016744842891,0.36789518559882795,1.7846069708251824,0.19936958666812848,25.913504961241095,,1858757439156.4128,0.24931947537738183,250.06532287597656,261.6282958984375
MSFT,2023,2023-06-30,Technology,Software - Infrastructure,0.3494046486485557,0.33875236922390517,0.35088714643856406,0.3414623787839464,0.6892008588349102,0.2907774593522546,1.76916725076573,0.175643726819038,34.584244026625456,,2488415469959.666,0.2736280593137187,334.7754821777344,250.06527709960935
MSFT,2024,2024-06-30,Technology,Software - Infrastructure,0.36043399835420237,0.3516850574065105,0.32828137978299815,0.35955972944084985,0.6976444382797138,0.25002886653232864,1.2749549031815206,0.17208583985957596,38.34839125811043,,3363554007363.68,0.24701597531088318,452.5110168457031,334.7754821777344
MSFT,2025,2025-06-30,Technology,Software - Infrastructure,0.12874751048547065,0.12143115578720598,0.2964722734140952,0.3614601524896707,0.6882374238616519,0.17639506345366093,1.3534464445042416,0.16450970350709124,36.40715971021009,,3691224141999.6973,0.23648754811846964,496.5936584472656,442.82135009765625
MSI,2020,2020-12-31,Technology,Communication Equipment,,0.0735416143148309,,,,,,,,,26749481017.846344,,160.55735778808594,149.55857849121094
MSI,2021,2021-12-31,Technology,Communication Equipment,0.637050444604656,0.6190314085622046,-31.125,0.1523681311956921,0.49443152612899277,-153.25,1.332020674378538,0.10214127492000985,36.25487855621295,,43308262278.2088,0.38714859437751004,259.9474792480469,160.55740356445312
MSI,2022,2022-12-31,Technology,Communication Equipment,-0.027046792764698464,-0.039284640923413584,11.75,0.14958296751536435,0.4641132572431958,56.474137931034484,1.1524122807017543,0.10636803496176057,31.492505067534285,,41606917630.20294,0.3888481291269259,249.73556518554688,259.947509765625
MSI,2023,2023-12-31,Technology,Communication Equipment,0.23882718511963358,0.22468791463545768,2.360497237569061,0.17127680897975547,0.49809581078372417,9.046961325966851,0.9980822873082287,0.1281493701259748,30.837511752187186,,51016859924.10852,0.3446459918080749,306.21649169921875,250.03634643554688
MSI,2024,2024-12-31,Technology,Communication Equipment,0.5039661168040083,0.4912061925323886,0.9260129183793306,0.14578903577701766,0.509568272164186,3.8467410452143276,1.2817012858555885,0.10805070229530661,49.7027594503318,,76430614254.13843,0.41471147748890297,458.7564697265625,307.6412048339844
MTB,2024,2024-12-31,Financial Services,Banks - Regional,0.46750167697601114,0.41658932786875036,0.0891583697936404,0.2803596576752248,,0.46870155372584144,,0.012436029888758079,12.563378172494023,,28742275721.858765,0.3991499227202473,183.9278564453125,129.83851623535156
MTB,2023,2023-12-31,Financial Services,Banks - Regional,0.04408199009663846,-0.0028247441906253433,0.10168045405646028,0.29165779953181525,,0.48970582779982935,,0.01316118004071755,8.339804709146414,,20578402276.14322,0.3531557825611091,131.68551635742188,132.0585479736328
MTB,2022,2022-12-31,Financial Services,Banks - Regional,0.011393457582687996,-0.030040718408692876,0.0786792005687653,0.24859603144889555,,0.2830002369855439,,0.009923778209535196,11.446369366343914,,20623895772.89293,0.4422690763052209,131.9766387939453,136.06410217285156
MTB,2021,2021-12-31,Financial Services,Banks - Regional,0.2806878091592545,0.24281188810438337,0.10383499675061811,0.3118081180811808,,0.19467631995142823,,0.01198526231800002,9.85971754875736,,21262640777.103073,0.34857450242065624,136.06410217285156,109.48085021972656
MTB,2020,2020-12-31,Financial Services,Banks - Regional,,-0.22157694814691375,,,,,,,,,17108494841.913864,,109.48085021972656,140.6444091796875
MTCH,2024,2024-12-31,Communication Services,Internet Content & Information,,-0.1038356041588134,-8.659828146844909,0.15844119040988133,0.7151001056799602,-60.46251119244726,2.5438784554317775,0.12344475343675258,15.821051833653213,,7689928829.224084,,31.95852470397949,35.66145324707031
MTCH,2023,2023-12-31,Communication Services,Internet Content & Information,,-0.12243920424464089,-33.330212809494576,0.19365083233665348,0.7164473574708189,-196.55422549621446,2.390724902589099,0.14453315811446873,15.74049417951466,,8559775999.753754,,35.573516845703125,40.53681182861328
MTCH,2022,2022-12-31,Communication Services,Internet Content & Information,,-0.6895274077121707,-1.0057547759638763,0.11350386331343375,0.6989619746095997,-10.65849531087183,1.586013581280983,0.08653273290101952,32.35217063657699,,9652964460.767555,,40.11669158935547,129.21170043945312
MTCH,2021,2021-12-31,Communication Services,Internet Content & Information,,-0.12527279644465672,-1.3629305733453076,0.09309326623039027,0.7186623970888388,-19.283345356752008,1.0427606041282382,0.05485032650720244,138.93731230048724,,31091196777.262054,,129.21170043945312,147.71656799316406
MTCH,2020,2020-12-31,Communication Services,Internet Content & Information,0.841310408899837,0.841310408899837,,,,,,,,,35543877737.98662,,147.71656799316406,80.2236099243164
MTD,2020,2020-12-31,Healthcare,Diagnostics & Research,,0.4366680259442491,,,,,,,,,23476315013.59375,,1139.6800537109375,793.280029296875
MTD,2021,2021-12-31,Healthcare,Diagnostics & Research,,0.4891986179903535,4.4859439625250115,0.20683148956543024,0.5840758163816963,9.811761686141137,1.107122485255613,0.2311486901218529,51.775776721705306,,34960895873.75,,1697.2099609375,1139.6800537109375
MTD,2022,2022-12-31,Healthcare,Diagnostics & Research,,-0.13866284740063398,35.19146533295688,0.22259356498148206,0.5888299360998482,81.2541443149276,1.1980934556965004,0.24982912872112117,38.05961976353001,,30113118504.21875,,1461.8699951171875,1697.2099609375
MTD,2023,2023-12-31,Healthcare,Diagnostics & Research,,-0.1599917102478261,-5.260694420360416,0.208213743915821,0.5916323087688993,-13.877996238445224,1.0415898303420084,0.2350663303089951,33.821446835828695,,25011147170.625,,1214.18994140625,1445.449951171875
MTD,2024,2024-12-31,Healthcare,Diagnostics & Research,,0.008837960953922924,-6.8022696824020805,0.22289760691216548,0.6005594519725821,-15.871132476948539,1.0220109177165075,0.26640131679052986,30.229250338708933,,25206634373.59375,,1223.6800537109375,1212.9599609375
MU,2024,2024-08-31,Technology,Semiconductors,0.2710869718536153,0.2645280099365868,0.017238705102922604,0.03098243797538927,0.22352753773246783,0.31036316500853073,2.63538062283737,0.011207790711075256,125.87499346051898,,98903283370.69577,0.6593830334190232,88.11249542236328,69.68014526367188
MU,2023,2023-08-31,Technology,Semiconductors,0.2555956159453986,0.24750510375533702,-0.13220761559383498,-0.37535392535392537,-0.09111969111969112,0.3157978241160471,4.458342077649528,-0.09078034052354718,,,77713568377.66605,,69.23467254638672,55.49850845336914
MU,2022,2022-08-31,Technology,Semiconductors,-0.22281292890059148,-0.2285220583291247,0.17406375859097922,0.28243058716431496,0.4518499252227063,0.15060011621616207,2.88910996153336,0.1310592459605027,7.161098357169859,,62295195013.935356,0.053067802463451136,55.498512268066406,71.93791198730469
MU,2021,2021-08-31,Technology,Semiconductors,0.6194240672017491,0.6194240672017491,0.13340768898094826,0.2115502616856163,0.3762136798411839,0.16570687182755559,3.0988480697384806,0.09959387585175619,13.9956997526295,,80747845707.0964,0.0,71.93789672851562,44.42190170288086
MUR,2024,2024-12-31,Energy,Oil & Gas E&P,-0.23591608633914074,-0.26768488282390646,0.07838879530249795,0.13488745437451427,0.33191269589392164,0.3977401934831785,0.8329097785989601,0.04211759860042106,10.764430717185691,,4148352326.3251114,0.44197892286041984,29.063962936401367,39.687782287597656
MUR,2023,2023-12-31,Energy,Oil & Gas E&P,0.05295951709839482,0.02217921770063756,0.12336088240570121,0.19181994946727232,0.4402024556562847,0.38949100040016454,0.8885457949665996,0.06773620600700524,9.426732537870723,,5677987599.326401,0.2584470923984104,39.78081130981445,38.91764831542969
MUR,2022,2022-12-31,Energy,Oil & Gas E&P,0.6294897650469263,0.5905952709118447,0.19321134449726854,0.22867653679735744,0.5637914855905254,0.5578242378934463,0.7730153581474185,0.09361252239800903,5.992977770856699,,5243532267.902527,0.13286295900614167,36.73695373535156,23.096355438232425
MUR,2021,2021-12-31,Energy,Oil & Gas E&P,1.2655176734557863,1.213674769149573,-0.017719145861351242,-0.026297160339352744,0.4567789334271022,0.8098160084727845,0.7565836372287487,-0.007148416196503813,,,3296585119.3051524,,23.09635734558105,10.433491706848145
MUR,2020,2020-12-31,Energy,Oil & Gas E&P,,-0.5273859166017812,,,,,,,,,1489191260.2733421,,10.433491706848145,22.076133728027344
NAVI,2024,2024-12-31,Financial Services,Credit Services,-0.21494595587490342,-0.25578128161722646,0.049602423324498296,0.13631633714880334,,18.139341158652027,,0.0025294946803375235,10.873231241258527,,1275741269.1041892,0.5343511450381679,12.83041286468506,17.240110397338867
NAVI,2023,2023-12-31,Financial Services,Credit Services,0.22113316291577828,0.16762985101576494,0.08260869565217391,0.1782642689601251,,20.76050724637681,,0.003714867617107943,9.253913260794974,,1702233472.0031967,0.34210526315789475,17.119739532470703,14.661957740783691
NAVI,2022,2022-12-31,Financial Services,Credit Services,-0.1392058133809148,-0.18954971352693417,0.21666106818945247,0.37132987910189985,,22.3698354047699,,0.00911081291051628,3.2813503375828663,,1464943634.7827415,0.14108527131782947,14.73326301574707,18.179107666015625
NAVI,2021,2021-12-31,Financial Services,Credit Services,1.3737317344043452,1.2410702770509892,0.2760877936080092,0.3242876526458616,,29.333076626877165,,0.008895229824452577,4.349068363317462,,1807567355.4960365,0.1492329149232915,18.179105758666992,8.111796379089355
NAVI,2020,2020-12-31,Financial Services,Credit Services,,-0.23129138517734538,,,,,,,,,806564808.1416321,,8.111801147460938,10.552504539489746
NBR,2024,2024-12-31,Energy,Oil & Gas Drilling,-0.29957161650386616,-0.2996447373204889,-1.3043645737651486,-0.06009434406575007,0.18917514127378823,18.60784763993007,1.7476959069235571,-0.03909241411708498,,,833290855.7011566,,57.16999816894531,81.62999725341797
NBR,2023,2023-12-31,Energy,Oil & Gas Drilling,-0.47779871495976267,-0.47788465706887784,-0.03607928625227332,-0.003920184458917072,0.1897240867457246,9.633888933113706,1.355604412260159,-0.002232678693397929,,,1178588442.5162811,,80.86000061035156,154.8699951171875
NBR,2022,2022-12-31,Energy,Oil & Gas Drilling,0.7508258369662124,0.7507708426713212,-0.9493300014093822,-0.1319863921687142,0.12159700591536707,6.896009280239378,1.6777997619007696,-0.07405323716123162,,,2069307461.7825623,,141.97000122070312,81.08999633789062
NBR,2021,2021-12-31,Energy,Oil & Gas Drilling,0.4012763230641718,0.3925810917974181,-0.9637961859356377,-0.2821603253057672,0.018473414263254207,5.533198680788818,2.859346797962028,-0.10302886832433121,,,1181940783.6523132,,81.08999633789062,58.22999954223633
NBR,2020,2020-12-31,Energy,Oil & Gas Drilling,,-0.5862209538787057,,,,,,,,,848741082.7377892,,58.22999954223633,140.72727966308594
NCLH,2024,2024-12-31,Consumer Cyclical,Travel Services,,0.28393205422961204,0.6385801146173214,0.09602220588078612,0.3999044901547536,9.190494998382954,0.17473232812044565,0.04558165322646268,13.613756371553613,,11713606786.562653,,25.729999542236328,20.040000915527344
NCLH,2023,2023-12-31,Consumer Cyclical,Travel Services,,0.4967320291992642,0.5524406014487695,0.019436196158000938,0.3603934958954021,46.73735983537617,0.2174553765785059,0.008525013350953342,46.97435819185697,,8340197301.708435,,18.31999969482422,12.239999771118164
NCLH,2022,2022-12-31,Consumer Cyclical,Travel Services,,-0.4281581587482422,-33.09339417707862,-0.4686254067088378,0.1190550316283218,198.59063142394774,0.370509239540394,-0.1223163287421379,,,5399276134.421989,,11.859999656677246,20.739999771118164
NCLH,2021,2021-12-31,Consumer Cyclical,Travel Services,,-0.18442785992035787,-1.852542289273015,-6.954759825057949,-1.4815921948930995,5.116473804287505,0.8850363711227011,-0.24061004908905506,,,9441904640.281326,,20.739999771118164,25.43000030517578
NCLH,2020,2020-12-31,Consumer Cyclical,Travel Services,,-0.5646293379282987,,,,,,,,,11577031848.291565,,25.43000030517578,58.40999984741211
NDAQ,2020,2020-12-31,Financial Services,Financial Data & Stock Exchanges,,0.25993336584552706,,,,,,,,,23790281285.611755,,41.461273193359375,32.90751266479492
NDAQ,2021,2021-12-31,Financial Services,Financial Data & Stock Exchanges,0.6159843352435803,0.6012724466536171,0.1856137607505864,0.2016649677200136,0.37920489296636084,0.9720093823299453,0.9429623983739838,0.05901068854088988,28.25140445790392,,38094725425.74272,0.2948609941027801,66.39080047607422,41.46127700805664
NDAQ,2022,2022-12-31,Financial Services,Financial Data & Stock Exchanges,-0.0959189652208374,-0.10597285167710223,0.18289708990408063,0.1806938644394475,0.37568262126566015,0.9512274426922451,0.9738539898132428,0.053910293271995396,26.263350090094374,,34057714824.728714,0.34044444444444444,59.35517120361328,66.39079284667969
NDAQ,2023,2023-12-31,Financial Services,Financial Data & Stock Exchanges,-0.04413336617722263,-0.0571685110271497,0.09791050295857988,0.1746372031662269,0.4198548812664908,1.0050850591715976,1.0078670360110804,0.0327924691893231,26.726157848651592,,31897511797.83426,0.4164305949008499,55.59040832519531,58.96112823486328
NDAQ,2024,2024-12-31,Financial Services,Financial Data & Stock Exchanges,0.36509670652204557,0.34849786797001453,0.09981234920918595,0.15094594594594596,0.4039189189189189,0.8817800017871504,0.985320172108327,0.03674946537259418,39.68766760949644,,43951108041.98468,0.4843330349149508,76.59719848632812,56.8018684387207
NDSN,2024,2024-10-31,Industrials,Specialty Industrial Machinery,0.19861826878595412,0.18468198697893848,0.15936337047505758,0.17371662587860387,0.5524805375325149,0.7913366518972836,2.412653720029443,0.07786812989775313,30.116834534669778,,13723365619.4888,0.34548154869415604,244.24752807617188,206.17138671875
NDSN,2023,2023-10-31,Industrials,Specialty Industrial Machinery,-0.032018178352962466,-0.044359595574047096,0.18763731399582764,0.1854550199495403,0.5422611457214247,0.7170384825600641,2.1118935420528477,0.09282451440181119,24.493419024961213,,11642606847.647003,0.3084269927978453,207.21432495117188,216.83294677734372
NDSN,2022,2022-10-31,Industrials,Specialty Industrial Machinery,-0.09727755620978498,-0.10651192093745304,0.2236351947698175,0.19808800445357602,0.5507269876051915,0.3750276219013893,1.358147836917393,0.13430697248306775,24.61214098026479,,12183042505.349655,0.24539712299479832,216.8329620361328,242.68142700195312
NDSN,2021,2021-10-31,Industrials,Specialty Industrial Machinery,0.3582048499893502,0.3487119204379323,0.21044031623848494,0.19234877184872295,0.5605261854476044,0.4407085261193166,2.6152979160024605,0.11985562499851621,31.91291749939438,,13878352916.298706,0.2149865307416015,247.0059814453125,183.1421356201172
NDSN,2020,2020-10-31,Industrials,Specialty Industrial Machinery,,0.24196578070389335,,,,,,,,,10479997218.52069,,186.52227783203125,150.18310546875
NE,2020,2020-12-31,Energy,Oil & Gas Drilling,,,,-4.125868012345064,-0.02647800620571789,,,,,,,,,
NE,2021,2021-12-31,Energy,Oil & Gas Drilling,,,,,,0.1439398331497434,1.8343679799028962,,,,3491392555.3811035,,21.982666015625,
NE,2022,2022-12-31,Energy,Oil & Gas Drilling,0.4550579419051264,0.4550579419051264,0.04683782056702296,0.11949524948597691,0.21603822761585942,0.18651348665196413,1.5766648978111162,0.032273617805543754,18.489052656758037,,5080179788.376442,0.0,31.986061096191406,21.9826717376709
NE,2023,2023-12-31,Energy,Oil & Gas Drilling,0.31591986339926803,0.29730130865568694,0.12289530862686293,0.1861331207430771,0.2872710811589568,0.1494942926217217,1.6546378257075178,0.08750022923548649,13.056086344891284,,6884452647.679703,0.20502923830986383,43.34620666503906,33.41259765625
NE,2024,2024-12-31,Energy,Oil & Gas Drilling,-0.275309226218548,-0.3157241785452656,0.09639126918299191,0.14662514250357608,0.27357710628951754,0.42571955971832914,1.4769461122418812,0.05629203512268029,10.005983790835819,,4704027217.790625,0.6196702152098904,29.617712020874023,43.283294677734375
NEE,2024,2024-12-31,Utilities,Utilities - Regulated Electric,0.2503347343973365,0.21464563613903662,0.138639947306441,0.28061245101603843,0.60061406698178,1.6433404522863815,0.4713468743837507,0.0365302086839448,20.769186048196403,,144134330092.0338,0.6097034264324791,69.99215698242188,57.62351989746094
NEE,2023,2023-12-31,Utilities,Utilities - Regulated Electric,-0.21891126572037495,-0.2427215676297916,0.15399848318867448,0.26001280500818097,0.6393967418368073,1.5423232493469285,0.5493330472409971,0.0411856509417485,16.22881187555559,,120285204367.419,0.5173734610123119,58.41093444824219,77.13270568847656
NEE,2022,2022-12-31,Utilities,Utilities - Regulated Electric,-0.06362435966032112,-0.08292444770588024,0.10571261056871192,0.1978908188585608,0.48382324871158616,1.6560707639756302,0.505338078291815,0.026092427722024726,37.059162143105816,,159275814909.9332,0.8082951531227394,77.34491729736328,84.33865356445312
NEE,2021,2021-12-31,Utilities,Utilities - Regulated Electric,0.2554105988430882,0.23392604995116506,0.09604322348260846,0.20932684984474778,0.5015525221161169,1.4737648513520778,0.5326604347078052,0.02535625070966277,46.595936980695356,,173677948456.0225,0.8463476070528967,84.3386459350586,68.34983825683594
NEE,2020,2020-12-31,Utilities,Utilities - Regulated Electric,,0.3006429571572166,,,,,,,,,140752315313.3011,,68.34983825683594,52.55080795288086
NEM,2024,2024-12-31,Basic Materials,Gold,-0.05214722470382192,-0.07832119925504898,0.11186848436246993,0.17920993469649932,0.3823466438282839,0.29978615343491044,1.6273366034734191,0.05941542884523239,12.570494821626847,,40319525213.3954,0.3419952210274791,36.70584487915039,39.82498550415039
NEM,2023,2023-12-31,Basic Materials,Gold,-0.0686785541033076,-0.09819072894423808,-0.08592000551210942,-0.21114121232644767,0.25440230274297326,0.3250766527715575,1.2524174724908304,-0.04493207941483804,,,43238430424.79315,,39.36314010620117,43.64907455444336
NEM,2022,2022-12-31,Basic Materials,Gold,-0.13888143622631782,-0.16773414485541802,-0.02216596052495608,-0.03600503566932438,0.2737725556021821,0.31683372946161,2.226589200273411,-0.011148069227171145,,,50363943356.66771,,45.85002136230469,55.09059524536133
NEM,2021,2021-12-31,Basic Materials,Gold,0.10522285572473213,0.07403869008574361,0.052947052947052944,0.0954017345769923,0.36524300441826213,0.286168377077468,2.8997739261492086,0.028744699733754066,37.733276576212006,,60514236626.59397,1.506861063464837,55.09058380126953,51.29292297363281
NEM,2020,2020-12-31,Basic Materials,Gold,,0.40284476535651953,,,,,,,,,56342692944.57999,,51.29291915893555,36.56350326538086
NFLX,2020,2020-12-31,Communication Services,Entertainment,,0.6711375227276114,,,,,,,,,229770414773.2373,,540.72998046875,323.57000732421875
NFLX,2021,2021-12-31,Communication Services,Entertainment,,0.11412354447068172,0.3228057255460953,0.17227607499049427,0.4163656122646479,0.9712066465235448,0.950625199818211,0.11475309345727251,53.59786498589023,,255992628921.65784,,602.4400024414062,540.72998046875
NFLX,2022,2022-12-31,Communication Services,Entertainment,,-0.5104076571745942,0.21619277598771858,0.14207957792921522,0.39370705238403253,0.6908022808049957,1.168390288506809,0.09243637092783322,29.643217307239325,,125332030939.78918,,294.95001220703125,602.4400024414062
NFLX,2023,2023-12-31,Communication Services,Entertainment,,0.5887818510657763,0.262672808597771,0.16036362043723068,0.4153783955346952,0.7063842967609828,1.119345353136986,0.11097412147650357,38.94430590191189,,199077993101.0,,468.5,294.8800048828125
NFLX,2024,2024-12-31,Communication Services,Entertainment,,0.8306769602065528,0.3520766023750739,0.22336962115246067,0.46056556650417324,0.6297719322359626,1.2180280603231866,0.16243837866952038,44.948058866576844,,378745353828.9735,,891.3200073242188,486.8800048828125
NI,2024,2024-12-31,Utilities,Utilities - Regulated Gas,0.47627340182903954,0.43484981715790194,0.08756131825614334,0.13939249509633186,0.5146926729115873,1.6075516455171461,0.5057130354451306,0.023920901217751298,22.214830657582223,,16945142148.519154,0.6433456075749605,35.9880256652832,25.081388473510746
NI,2023,2023-12-31,Utilities,Utilities - Regulated Gas,0.06112421424387449,0.02221568476125461,0.08637660830028054,0.12974534093798815,0.44995822283576126,1.7084139498887492,0.854570663425196,0.02298469617597467,17.240506249505117,,12014312513.407425,0.6402071958560829,25.51594924926757,24.961414337158203
NI,2022,2022-12-31,Utilities,Utilities - Regulated Gas,0.06556161595469719,0.027423420706645846,0.10614621010111677,0.13743889515605237,0.38469558677742455,1.4937165034189614,0.5545113185280549,0.030074878630790752,14.693895227768841,,11761780088.517464,0.5429672926252953,24.97962188720703,24.31287956237793
NI,2021,2021-12-31,Utilities,Utilities - Regulated Gas,0.29117199110285913,0.24754859214465105,0.08419098066874901,0.11937709200751082,0.41866682994530163,1.4384868941891094,0.6994392251110626,0.024212543828057407,19.143998153566375,,11447840227.074718,0.6843904941015558,24.312877655029297,19.48852157592773
NI,2020,2020-12-31,Utilities,Utilities - Regulated Gas,,-0.14874984701806232,,,,,,,,,9176268900.114805,,19.488523483276367,22.89400291442871
NKE,2025,2025-05-31,Consumer Cyclical,Footwear & Accessories,-0.31478977680589765,-0.3357616569628041,0.24362370392794974,0.06951132609212032,0.42734673605562634,0.8338757284492545,2.2110543251940187,0.08800131222832773,28.357260315506544,,72847459434.02852,0.7145076110593352,61.25168228149414,92.21340942382812
NKE,2024,2024-05-31,Consumer Cyclical,Footwear & Accessories,-0.05188287239888487,-0.0702704997899635,0.39501039501039503,0.11097698687745804,0.445601806783225,0.8282744282744283,2.3961106391012934,0.14956704277092628,24.72209367931049,,109670662944.47446,0.38052631578947366,92.21340942382812,99.18305206298828
NKE,2023,2023-05-31,Consumer Cyclical,Footwear & Accessories,-0.08928085751588516,-0.10432156672818942,0.3620394173093402,0.09899056953745826,0.43524610969014194,0.8671808054841473,2.7227744165946413,0.13508832698302736,31.18981990282749,,119815161792.28073,0.39684418145956607,100.7431182861328,112.47688293457033
NKE,2022,2022-05-31,Consumer Cyclical,Footwear & Accessories,-0.11202036307844761,-0.12404935222442567,0.3956547346377855,0.12943695140226932,0.4598372939413402,0.8263202669982331,2.6293569431500465,0.14994667790977406,29.993835449218754,,133770287796.93811,0.30383724776711873,112.47688293457033,128.40550231933594
NKE,2021,2021-05-31,Consumer Cyclical,Footwear & Accessories,,0.37580570109170586,,,,,,,,,150532122059.5128,,126.57058715820312,91.99742889404295
NKTR,2024,2024-12-31,Healthcare,Biotechnology,,0.6607143384258787,-1.9586248909231605,-1.2086216180519573,0.6882359515173682,1.6886576551360786,4.2555700325732895,-0.3915122593384894,,,265309089.72249508,,13.949999809265137,8.399999618530273
NKTR,2023,2023-12-31,Healthcare,Biotechnology,,-0.7389380535952563,-2.1075068518249904,-3.0631366370031734,0.6253079159361754,0.89914266301236,6.450311104176013,-0.693550534754656,,,168314378.30500984,,8.850000381469727,33.900001525878906
NKTR,2022,2022-12-31,Healthcare,Biotechnology,,-0.8378978560892472,-1.0042548781086522,-3.999761012438216,0.7649774591276954,0.35865349472776964,8.004926397278751,-0.5181508584294962,,,624760094.0299606,,32.849998474121094,202.6499938964844
NKTR,2021,2021-12-31,Healthcare,Biotechnology,,-0.2052941415824141,-0.7709063027955521,-5.140343646658228,0.7556890105684595,0.21070686437834432,9.33780516431925,-0.46888843338056496,,,3854113702.369843,,202.6499938964844,255.0
NKTR,2020,2020-12-31,Healthcare,Biotechnology,,-0.21259844003680015,,,,,,,,,4849736115.0,,255.0,323.8500061035156
NOC,2024,2024-12-31,Industrials,Aerospace & Defense,0.037606281029257754,0.019317376228895736,0.27298888162197515,0.10172300343625862,0.2037871956717764,1.078482668410726,1.0103340883352208,0.08456411191474705,16.342614280899898,,66100754605.247894,0.2841399137517968,463.1496887207031,454.3724060058594
NOC,2023,2023-12-31,Industrials,Aerospace & Defense,-0.10927073383946077,-0.12427890574077953,0.13896586684690773,0.05232883685416136,0.1667345380503945,1.0596823251098344,1.1477139507620164,0.04417325541423169,33.722469670985774,,65118173460.38098,0.5428015564202334,456.2650146484375,521.016357421875
NOC,2022,2022-12-31,Industrials,Aerospace & Defense,0.43658262699576833,0.4163490430495151,0.31974921630094044,0.13376318233976286,0.20419649199497295,0.8900862068965517,1.0777595581254855,0.11189578333904697,16.395755521751866,,73639904687.47406,0.21486928104575165,515.9744262695312,364.2989196777344
NOC,2021,2021-12-31,Industrials,Aerospace & Defense,0.31738388392835737,0.2929389620959019,0.5419309917994739,0.1964000336445454,0.2037737965065747,1.1119449172211047,1.3038824763903463,0.16451772000281828,8.366993320168953,,51992761868.96307,0.1403283369022127,364.29888916015625,281.76031494140625
NOC,2020,2020-12-31,Industrials,Aerospace & Defense,,-0.09919188258954666,,,,,,,,,40212851026.3786,,281.76031494140625,312.7861633300781
NOV,2024,2024-12-31,Energy,Oil & Gas Equipment & Services,-0.25301193685365375,-0.26809951448985303,0.0995922208281054,0.07158962795941376,0.2266065388951522,0.37421580928481807,2.458457605453771,0.055892967168383066,8.817300200462341,,5239094991.991591,0.1700787401574803,14.107680320739746,19.27540779113769
NOV,2023,2023-12-31,Energy,Oil & Gas Equipment & Services,-0.013247835448054444,-0.024082450607729455,0.1609922178988327,0.11569381335197483,0.21356169171618317,0.3853761348897536,2.3983572895277208,0.08792279086240481,7.664539337158203,,7115849087.924776,0.07955689828801611,19.161348342895508,19.634187698364254
NOV,2022,2022-12-31,Energy,Oil & Gas Equipment & Services,0.49628706524920657,0.4796294801820636,0.030416012558869703,0.021417714522592234,0.18433052369766478,0.4642857142857143,2.2540008206811653,0.015293537247163296,47.83769754263071,,6928441246.975794,0.5032258064516129,18.656702041625977,12.609036445617676
NOV,2021,2021-12-31,Energy,Oil & Gas Equipment & Services,-0.004651965641970757,-0.008885191088317281,-0.05003001801080648,-0.04525706010137581,0.1401158580738595,0.47788673203922355,2.5664921465968584,-0.02617801047120419,,,4682551503.450223,,12.609036445617676,12.722074508666992
NOV,2020,2020-12-31,Energy,Oil & Gas Equipment & Services,,-0.44926863302432246,,,,,,,,,4724530208.166533,,12.722075462341309,23.10032844543457
NOW,2024,2024-12-31,Technology,Software - Application,,0.5005449613879134,0.1482984701842023,0.12973415877640204,0.791788055353241,0.2370694140909564,1.0991864082316343,0.06991120051022912,154.98830337970577,,219995041266.72363,,1060.1199951171875,706.489990234375
NOW,2023,2023-12-31,Technology,Software - Application,,0.7707266566694158,0.22692711064499213,0.19295507747185375,0.7858655668264407,0.2994231777661248,1.055940257976918,0.09955714039224708,81.65320897045724,,142673466933.10547,,687.52001953125,388.2699890136719
NOW,2022,2022-12-31,Technology,Software - Application,,-0.4061098909282523,0.06458664546899841,0.04485852311939269,0.7828847481021394,0.4435612082670906,1.108076602830974,0.024437927663734114,240.9375,,79998574500.0,,385.5,649.1099853515625
NOW,2021,2021-12-31,Technology,Software - Application,,0.17927800808250385,0.06224627875507442,0.03900949796472185,0.7705223880597015,0.5991880920162381,1.0547585370781976,0.021300240785330618,574.4336153553651,,134702655050.1709,,649.1099853515625,550.4299926757812
NOW,2020,2020-12-31,Technology,Software - Application,,0.9496669679654076,,,,,,,,,114224681650.08545,,550.4299926757812,282.32000732421875
NRG,2024,2024-12-31,Utilities,Utilities - Independent Power Producers,0.8277105634842039,0.7858097055793046,0.4539951573849879,0.03999289015286171,0.2143618912193388,4.43543179983858,1.017133779643708,0.04683207060194822,17.883030159439972,,17261053040.994003,0.36,89.23632049560547,49.969669342041016
NRG,2023,2023-12-31,Utilities,Utilities - Independent Power Producers,0.7457134368730776,0.6789516910236342,-0.06951135581555402,-0.007008291989036533,0.07969330048919265,3.775292498279422,1.0238947368421052,-0.007757892311237422,,,9581543833.83815,,49.53473663330078,29.50337219238281
NRG,2022,2022-12-31,Utilities,Utilities - Independent Power Producers,-0.18749951746285445,-0.2320231127272888,0.31896551724137934,0.03870906381764575,0.12998129537456804,2.168756530825496,1.25026960406717,0.04189254100048034,5.7263756167266076,,5726588903.259795,0.2719082719082719,29.60536193847656,38.54980850219727
NRG,2021,2021-12-31,Utilities,Utilities - Independent Power Producers,0.23612569666565475,0.18541346479360954,0.6075,0.08103301344992404,0.24109822520286042,2.3019444444444446,1.3696778269109287,0.09434043654559572,4.316887423012318,,7456719637.646484,0.14586191129401005,38.5498046875,32.52013397216797
NRG,2020,2020-12-31,Utilities,Utilities - Independent Power Producers,,-0.02140982192555584,,,,,,,,,6290395595.383896,,32.52013397216797,33.23161697387695
NSC,2024,2024-12-31,Industrials,Railroads,0.039444488577976354,0.015511765446080156,0.1832797427652733,0.21628309824300915,0.37474222552173553,1.2217251502865931,0.8992947813822285,0.06002472414266746,19.956122211268365,,51809393305.40039,0.465675057208238,230.892333984375,227.3654937744141
NSC,2023,2023-12-31,Industrials,Railroads,0.004279904397960368,-0.01933881464898628,0.14294656130193256,0.15029615004935834,0.3648404080289569,1.3747750567248258,1.2427811550151975,0.04386343993085566,28.263463046485352,,50862620858.78418,0.6704980842911877,226.6729736328125,231.14300537109372
NSC,2022,2022-12-31,Industrials,Railroads,-0.13251798653917732,-0.15151071561550722,0.2568130055760622,0.2565712043938799,0.41106316202432325,1.224534673682557,0.7576443941109853,0.0840941236980841,16.73945775980221,,52135056046.82922,0.3568807339449541,232.3436737060547,273.8321838378906
NSC,2021,2021-12-31,Industrials,Railroads,0.2938918201488115,0.27260054423113667,0.22029176746572832,0.26970023335128346,0.4257763417698797,1.0448647459863647,0.859579531931773,0.07806614189592913,22.612073852639863,,61444573097.82861,0.3420965058236273,273.83221435546875,215.17530822753903
NSC,2020,2020-12-31,Industrials,Railroads,,0.24764889061788437,,,,,,,,,48282689908.94408,,215.17532348632807,172.4646453857422
NTAP,2025,2025-04-30,Technology,Software - Infrastructure,-0.08356372885551297,-0.10494190767657198,1.1403846153846153,0.18046256847230677,0.7019172245891662,3.356730769230769,1.255040755040755,0.10958144691859928,15.684214597025877,,17751962612.048813,0.357504215851602,88.92949676513672,99.35611724853516
NTAP,2024,2024-04-30,Technology,Software - Infrastructure,0.677847299369093,0.6433777492414896,0.8603839441535777,0.15730695596681557,0.7072431397574984,2.3141361256544504,1.1926449098879688,0.09972691412966522,21.459202941499054,,19833306241.411926,0.42190669371196754,99.35610961914062,60.458473205566406
NTAP,2023,2023-04-30,Technology,Software - Infrastructure,-0.07061754754402695,-0.10273540475462044,1.0992234685073339,0.20025149324111916,0.6615844074190507,2.3157894736842106,1.3498702047880011,0.12976166225300467,10.441877928422523,,12068622841.319412,0.3390894819466248,60.458473205566406,67.38087463378906
NTAP,2022,2022-04-30,Technology,Software - Infrastructure,0.04743980667526465,0.014152625339848852,1.1181384248210025,0.14830642608420386,0.6679328901551124,3.5083532219570404,1.5039210726030863,0.09345701176939956,16.643218247989573,,13588175770.843552,0.4759871931696905,68.07076263427734,67.1208267211914
NTAP,2021,2021-04-30,Technology,Software - Infrastructure,,0.7685730146791353,,,,,,,,,13398554143.004745,,67.12084197998047,37.95197677612305
NTRS,2024,2024-12-31,Financial Services,Asset Management,0.2989089964737387,0.25627574693877925,0.1588236214069,0.24499421017079995,,1.0456351068155516,,0.013061030786761359,10.272229291277506,,18979721635.80322,0.31711880261927033,100.35968017578124,79.88666534423828
NTRS,2023,2023-12-31,Financial Services,Asset Management,0.03896871681540242,-0.0044860792967615325,0.09306684372872524,0.1634753081863143,,1.1267534606947445,,0.007343661192799458,15.817044475885826,,15195661760.742188,0.5990246545651585,80.3505859375,80.7126693725586
NTRS,2022,2022-12-31,Financial Services,Asset Management,-0.18730221959605672,-0.22706528649164645,0.11865535769794396,0.19759805951606224,,1.0997557618011458,,0.00861731448102288,13.337020376994479,,15486659715.385437,0.5963323353293413,81.8893051147461,105.94595336914062
NTRS,2021,2021-12-31,Financial Services,Asset Management,0.3576050192047047,0.31653114275342487,0.1285949670461354,0.2390440095908423,,0.6020737633979096,,0.00840340247256781,14.838368819207371,,20036180863.311768,0.4045169222804633,105.94595336914062,80.47356414794922
NTRS,2020,2020-12-31,Financial Services,Asset Management,,-0.09292202178414967,,,,,,,,,15218920473.815918,,80.47357177734375,88.71736907958984
NUE,2024,2024-12-31,Basic Materials,Steel,-0.3060917254058131,-0.3195215467079247,0.09988173844486055,0.06595301620355307,0.13346782065464957,0.3424657534246575,2.5065300381756077,0.059723040659988215,13.620546129014755,,26449328299.149635,0.25752343364578195,115.22982025146484,169.3364715576172
NUE,2023,2023-12-31,Basic Materials,Steel,0.36593205010913926,0.3482101723060595,0.21609360076408787,0.1303508670853258,0.22512530967333064,0.32674307545367715,3.566050054406964,0.1280418788907753,9.482717725965712,,39179157336.07854,0.1138121546961326,170.6889190673828,126.60408782958984
NUE,2022,2022-12-31,Basic Materials,Steel,0.188769346913789,0.16719852560792733,0.41309402154605446,0.18324821738292543,0.30119001734438233,0.3633701434300239,3.3931992284070374,0.2342113616679716,4.372480471294015,,28894774280.349804,0.07019850138030762,125.88371276855467,107.85115814208984
NUE,2021,2021-12-31,Basic Materials,Steel,1.2271262335965043,1.1844644501221862,0.4871055590708848,0.1871360710256642,0.3021991128753943,0.405583135570795,2.481778558358619,0.2643938335454434,4.656786086851657,,24755665544.828766,0.07081241474685832,107.85116577148438,49.37190246582031
NUE,2020,2020-12-31,Basic Materials,Steel,,-0.017627388445592355,,,,,,,,,11332599074.907743,,49.37189102172852,50.25780487060547
NVDA,2021,2021-01-31,Technology,Semiconductors,,1.2431746863641038,,,,,,,,,321395348462.1048,,13.200613975524902,5.884790897369385
NVDA,2022,2022-01-31,Technology,Semiconductors,0.8879363720327695,0.8866712801749207,0.3664512250112731,0.3623393029649996,0.6492903321691313,0.44457387644671575,6.650288350634371,0.22069839545567702,63.480580317509634,,595041250261.3068,0.040914684167350286,24.44002342224121,12.954044342041016
NVDA,2023,2023-01-31,Technology,Semiconductors,-0.20070040164885652,-0.2013692629453577,0.19763811592235644,0.16193371394676356,0.5692889449099132,0.5443645083932853,3.515617857687033,0.10606575688407557,112.17557972875133,,475218158100.1281,0.09111721611721611,19.51855087280273,24.440019607543945
NVDA,2024,2024-01-31,Technology,Semiconductors,2.1514836428964577,2.150652445701512,0.6924472986178976,0.4884934834706674,0.7271757329043695,0.25724789427148775,4.171291505973097,0.4527750730282376,51.67745381844144,,1497247252059.9365,0.013272849462365592,61.49617004394531,19.51855087280273
NVDA,2025,2025-01-31,Technology,Semiconductors,0.9061405702622471,0.9055968047221399,0.9187288060811577,0.5584802715771244,0.7498869705816992,0.1294641168832806,4.439851498864077,0.6530407433625147,40.83124277543048,,2922707707489.0137,0.011443468715697036,120.04385375976562,62.99541091918945
NVR,2020,2020-12-31,Consumer Cyclical,Residential Construction,,0.07127651738574305,,,,,,,,,11236758867.581543,,4079.860107421875,3808.409912109375
NVR,2021,2021-12-31,Consumer Cyclical,Residential Construction,,0.4483021382126271,0.41191315683768,0.13803052540528474,0.24516699684701024,0.5298533362554615,4.351941589185976,0.21196748636338317,18.437562772052857,,16274221894.498047,,5908.8701171875,4079.860107421875
NVR,2022,2022-12-31,Consumer Cyclical,Residential Construction,,-0.22331685530377315,0.4920585403021345,0.16374340535610768,0.27291114770360686,0.28734456487861326,4.532488115486938,0.3048195071765931,9.33129971172126,,12639913838.50293,,4589.31982421875,5908.8701171875
NVR,2023,2023-12-31,Consumer Cyclical,Residential Construction,,0.5108680785945027,0.364653214120019,0.16692496367812987,0.2604845216341795,0.23238554548110132,4.901891909353882,0.2410890010038237,15.041764693185987,,19194033738.0,,6969.0,4612.580078125
NVR,2024,2024-12-31,Consumer Cyclical,Residential Construction,,0.16833913164903874,0.3995010061585645,0.15952166490840722,0.2554183966703501,0.24239134152575062,5.074515551128229,0.26358425999233975,16.141822223339222,,22526342468.83496,,8178.89990234375,7000.4501953125
NWL,2024,2024-12-31,Consumer Defensive,Household & Personal Products,0.22442550686556623,0.18956980147662306,-0.07851690294438386,-0.02848852545502506,0.33605908731205486,1.8622319156670302,1.138695116947066,-0.019629225736095966,,,4027152370.262145,,9.609048843383787,8.077751159667969
NWL,2023,2023-12-31,Consumer Defensive,Household & Personal Products,-0.26701128304196553,-0.30455035969169797,-0.12467866323907455,-0.04770687323250953,0.28931513586622404,1.7583547557840618,1.1577493959268208,-0.031900024664967525,,,3408787461.948395,,8.133589744567871,11.695440292358398
NWL,2022,2022-12-31,Consumer Defensive,Household & Personal Products,-0.30239000778438946,-0.35186171652448367,0.055981813015061097,0.020826725869542234,0.299608838143567,1.707871554418869,1.3164392462638077,0.01485447142210828,25.60683920028362,,5043958365.154266,1.9543147208121827,12.0352144241333,18.56889915466309
NWL,2021,2021-12-31,Consumer Defensive,Household & Personal Products,0.1215431720359586,0.06749770090201834,0.14959114959114958,0.05874020209651525,0.31759372934176977,1.3246753246753247,1.312028941814893,0.043591001471721916,13.857388852247551,,7782226435.089111,0.6334405144694534,18.56890106201172,17.394792556762695
NWL,2020,2020-12-31,Consumer Defensive,Household & Personal Products,,0.16727472604689841,,,,,,,,,7290159159.27887,,17.39479637145996,14.902058601379396
NWS,2025,2025-06-30,Communication Services,Entertainment,0.25202982963879883,0.21689577334233134,0.13448826077045817,0.1396119261713204,,0.33508092090266695,1.8447085889570551,0.076109391124871,16.523801646946712,,6407621032.102875,0.15677966101694915,34.20426940917969,28.107805252075195
NWS,2024,2024-06-30,Communication Services,Entertainment,0.48677462355898804,0.4393569193913174,0.032758620689655175,0.03223460979156568,,0.3821428571428571,1.4310965630114567,0.015943418844401824,60.58736884075662,,5221032829.001854,0.6466165413533834,27.870189666748047,19.362945556640625
NWS,2023,2023-06-30,Communication Services,Entertainment,0.3162008275361147,0.25595388986811507,0.01847718253968254,0.01859710434348477,,0.5217013888888888,1.280568720379147,0.00880562614502689,74.47287486149712,,3627337509.523379,1.167785234899329,19.36294746398925,15.416925430297852
NWS,2022,2022-06-30,Communication Services,Entertainment,-0.3013950705131713,-0.3413073554133809,0.07577231817076137,0.05999037072701011,,0.505351495986378,1.1631145211707872,0.03617676093142094,14.682786124093191,,2888113599.380848,0.2808988764044944,15.416925430297852,23.40534019470215
NWS,2021,2021-06-30,Communication Services,Entertainment,,1.0594823022205524,,,,,,,,,4384614566.077523,,23.40533828735352,11.364670753479004
NWSA,2025,2025-06-30,Communication Services,Entertainment,0.1042695898138231,0.08611676454199237,0.13448826077045817,0.1396119261713204,,0.33508092090266695,1.8447085889570551,0.076109391124871,14.308685265877397,,11068888640.27524,0.15677966101694915,29.61897850036621,27.27052879333496
NWSA,2024,2024-06-30,Communication Services,Entertainment,0.435567645176805,0.41150101037321823,0.032758620689655175,0.03223460979156568,,0.3821428571428571,1.4310965630114567,0.015943418844401824,58.681674625562586,,10087749108.488188,0.6466165413533834,26.99357032775879,19.1240177154541
NWSA,2023,2023-06-30,Communication Services,Entertainment,0.29771754193919076,0.2668736322330546,0.01847718253968254,0.01859710434348477,,0.5217013888888888,1.280568720379147,0.00880562614502689,73.55392162616435,,7146824579.268481,1.167785234899329,19.12401962280273,15.095443725585938
NWSA,2022,2022-06-30,Communication Services,Entertainment,-0.3708239047220543,-0.38975443936563575,0.07577231817076137,0.05999037072701011,,0.505351495986378,1.1631145211707872,0.03617676093142094,14.376612163725351,,5641307819.439877,0.2808988764044944,15.09544277191162,24.736669540405277
NWSA,2021,2021-06-30,Communication Services,Entertainment,,1.195544424554759,,,,,,,,,9244323512.31895,,24.73666763305664,11.26675796508789
NXP,2025,2025-03-31,Financial Services,Asset Management,,0.03800011242950603,0.013176812726198906,0.9659266757632231,,,,0.012638795707959135,,,719049485.931015,,13.999557495117188,13.487048149108888
NXP,2024,2024-03-31,Financial Services,Asset Management,,0.05064231057995333,0.04470674433981714,0.9908846190866157,,,,0.04402434383687361,20.420772379094903,,692246186.0077887,,13.477709770202637,12.8280668258667
NXP,2023,2023-03-31,Financial Services,Asset Management,,0.032492281561394346,-0.0004386737724213338,-3.875748076375036,,,,-0.00043697840103100965,,,658878882.6095581,,12.82806396484375,12.424367904663086
NXP,2022,2022-03-31,Financial Services,Asset Management,,-0.1422945830809342,-0.06230936616887405,1.0100426684437211,,,,-0.06208290368287196,,,638144222.0198594,,12.42436981201172,14.485590934753418
NXP,2021,2021-03-31,Financial Services,Asset Management,,0.2011459617292086,,,,,,,12.933559928621563,,744013085.8220472,,14.485587120056152,12.059805870056152
NXPI,2024,2024-12-31,Technology,Semiconductors,-0.061192132776915556,-0.07968210131042022,0.27333115539584013,0.19898525447915016,0.5643729189789123,1.1819666775563542,2.357972885732731,0.10293213040803773,21.061447786525246,,51665311225.85496,0.41354581673306773,204.92788696289065,222.67076110839844
NXPI,2023,2023-12-31,Technology,Semiconductors,0.455596936774282,0.429005126173462,0.3235770476631189,0.21068092799035854,0.5689213618559807,1.2928042572882925,1.912916565312576,0.1148523795836242,20.040201917987,,54060973075.90522,0.3596710761530211,214.4301605224609,150.05555725097656
NXPI,2022,2022-12-31,Technology,Semiconductors,-0.29024316426492613,-0.3054925449454758,0.37414418042690295,0.21105641802347597,0.5692540704278682,1.4988589072358707,2.120795107033639,0.11994319159924255,13.955065108023547,,37117807452.429276,0.2924291352709006,147.22593688964844,211.98611450195312
NXPI,2021,2021-12-31,Technology,Semiconductors,0.4635052534401138,0.44827587285314846,0.28661151960784315,0.16912229955708216,0.5484045918828527,1.619485294117647,2.132137030995106,0.08967599693251534,31.220338621968203,,53444789556.32012,0.3003741314804917,211.9860992431641,146.37135314941406
NXPI,2020,2020-12-31,Technology,Semiconductors,,0.26603156067298256,,,,,,,,,36902350571.903076,,146.371337890625,115.61428833007812
NYT,2020,2020-12-31,Communication Services,Publishing,,0.6192374091372563,,,,,,,,,7988879889.862831,,49.3024787902832,30.447961807250977
NYT,2021,2021-12-31,Communication Services,Publishing,-0.05609342324689405,-0.061768435276290834,0.14295713320162212,0.10601640482785245,0.4989736741021275,0.04134215451804097,1.7038443929378773,0.08578850812836276,35.31080347891072,,7495421019.292564,0.20610444103995526,46.25715255737305,49.302490234375
NYT,2022,2022-12-31,Communication Services,Publishing,-0.2997729819760449,-0.3073496058646692,0.10882890572834107,0.07533830866677554,0.47627171437594684,0.0369995125055774,1.1478703103937256,0.0686353676287182,30.8077335357666,,5191707607.6594925,0.3265576032891521,32.040042877197266,46.25716400146485
NYT,2023,2023-12-31,Communication Services,Publishing,0.5078521767017063,0.4941913104026405,0.13179701443779815,0.09578418829488013,0.4851678707681959,0.024333335790959604,1.2781317910455083,0.085606508521529,33.49211556570871,,7597798185.969086,0.2989151716748355,46.88896179199219,31.380828857421875
NYT,2024,2024-12-31,Communication Services,Publishing,0.08395960174488508,0.07328203180866606,0.1524614092192388,0.11362498206633696,0.4935982140198514,0.019331063729984655,1.526125089441575,0.10340565599816152,29.038204042251504,,8328372773.645951,0.2819875776397516,51.39762115478516,47.88827133178711
Nov,2024,2024-12-31,Energy,Oil & Gas Equipment & Services,-0.25301186293735506,-0.26809944206650715,0.0995922208281054,0.07158962795941376,0.2266065388951522,0.37421580928481807,2.458457605453771,0.055892967168383066,8.817300200462341,,5239094991.991591,0.1700787401574803,14.107680320739746,19.275405883789062
Nov,2023,2023-12-31,Energy,Oil & Gas Equipment & Services,-0.013247643733399903,-0.024082260998116663,0.1609922178988327,0.11569381335197483,0.21356169171618317,0.3853761348897536,2.3983572895277208,0.08792279086240481,7.664539337158203,,7115849087.924776,0.07955689828801611,19.161348342895508,19.634183883666992
Nov,2022,2022-12-31,Energy,Oil & Gas Equipment & Services,0.496287141445039,0.47962955889766173,0.030416012558869703,0.021417714522592234,0.18433052369766478,0.4642857142857143,2.2540008206811653,0.015293537247163296,47.83770732390574,,6928442663.61984,0.5032258064516129,18.65670585632324,12.609038352966309
Nov,2021,2021-12-31,Energy,Oil & Gas Equipment & Services,-0.004651965641970757,-0.008885191088317281,-0.05003001801080648,-0.04525706010137581,0.1401158580738595,0.47788673203922355,2.5664921465968584,-0.02617801047120419,,,4682551503.450223,,12.609036445617676,12.722074508666992
Nov,2020,2020-12-31,Energy,Oil & Gas Equipment & Services,,-0.4492686372131113,,,,,,,,,4724530562.327544,,12.722076416015623,23.100330352783203
O,2024,2024-12-31,Real Estate,REIT - Retail,0.035705504906253474,-0.021022258650842583,0.022161576847484207,0.16329895874556216,0.9283504409480906,0.6888937074264655,1.6757956732452994,0.012504852361600318,51.992404704191244,,46586232656.8333,3.136117345824446,50.95255661010742,52.04669570922852
O,2023,2023-12-31,Real Estate,REIT - Retail,0.016021081327701192,-0.026339515808165934,0.02648057537935393,0.2138540075945215,0.9222935660835897,0.6675384250494977,1.5326054245144556,0.015097243120929851,42.13419111948165,,48539669738.31791,2.4209230903269368,53.08908081054688,54.52524948120117
O,2022,2022-12-31,Real Estate,REIT - Retail,-0.034614327994398106,-0.06830872990527066,0.030279089207526488,0.26001523470689936,0.9323111265697894,0.6477972165296115,0.5067834531074583,0.01750259476498866,38.62205290458572,,50143576849.60023,2.0858227667562295,54.84331512451172,58.8642578125
O,2021,2021-12-31,Real Estate,REIT - Retail,0.2665052549396191,0.23958027071534724,0.014348066589884138,0.17277692513637588,0.9357811217983689,0.63659614377349,0.5220142210823584,0.008332795904593642,67.66007960527793,,53819959688.10884,3.2522088934389743,58.8642692565918,47.48725891113281
O,2020,2020-12-31,Real Estate,REIT - Retail,,-0.11594306130695674,,,,,,,,,43417900340.79651,,47.48727035522461,53.71517181396485
ODFL,2024,2024-12-31,Industrials,Trucking,-0.11975235744125551,-0.12505722914618603,0.2794318317820245,0.203974506475706,0.34786914791712886,0.014132584835088823,1.333292015784537,0.2159875587168652,32.02315281777486,,36881750099.80768,0.1885364560191489,175.48687744140625,200.56954956054688
ODFL,2023,2023-12-31,Industrials,Trucking,0.41365337555857223,0.407694765799091,0.29111249888733903,0.21129728653468235,0.35324672800841167,0.018783595608165792,2.099175996680486,0.22485733509929354,34.95804564779224,,41363989050.77046,0.141257537301271,196.8137969970703,139.81283569335938
ODFL,2022,2022-12-31,Industrials,Trucking,-0.20469317602727757,-0.20833259565439413,0.37700254344678513,0.21999074452279102,0.3603990813531527,0.027365253576799035,1.7624619426832744,0.2846187231456968,22.855834459827843,,29253730021.334732,0.09765321215633053,139.19203186035156,175.82135009765625
ODFL,2021,2021-12-31,Industrials,Trucking,0.8460892710870318,0.84148625840486,0.2810949052491068,0.19678661605592346,0.3376996260507335,0.02716093534253291,2.980796322544234,0.21453190098441496,39.554855981747394,,36952042387.93791,0.08929643504531722,175.8213348388672,95.47795104980467
ODFL,2020,2020-12-31,Industrials,Trucking,,0.5481259918185332,,,,,,,,,20066424700.17028,,95.47795867919922,61.673248291015625
ODP,2024,2024-12-31,Consumer Cyclical,Specialty Retail,,-0.5960923609364966,-0.0037174721189591076,-0.00042918454935622315,0.2067238912732475,1.3110285006195788,0.931950745301361,-0.000850099178237461,,,684872352.4266472,,22.739999771118164,56.29999923706055
ODP,2023,2023-12-31,Consumer Cyclical,Specialty Retail,,0.22222219430026943,0.1262488646684832,0.017768119647194172,0.22510545826409306,0.8746594005449592,1.0247495580436063,0.0357602263956779,15.902857099260602,,1676341047.2844315,,55.65999984741211,45.540000915527344
ODP,2022,2022-12-31,Consumer Cyclical,Specialty Retail,0.2026477379466049,0.2026477379466049,0.128982128982129,0.019566242338519568,0.21746817538896746,0.6845376845376845,1.0274341043571813,0.040009640877319834,14.017804652364035,,1422751600.871254,0.0,47.2400016784668,39.27999877929688
ODP,2021,2021-12-31,Consumer Cyclical,Specialty Retail,0.3406143277168752,0.3406143277168752,-0.14464534075104313,-0.024571766095688126,0.22008269344359127,0.696105702364395,1.0547461368653421,-0.04275436793422405,,,1183016070.275452,,39.27999877929688,29.299999237060547
ODP,2020,2020-12-31,Consumer Cyclical,Specialty Retail,0.09702059220694181,0.08109410258489062,,,,,,,,,882443254.4221573,,29.299999237060547,27.1021728515625
OGN,2024,2024-12-31,Healthcare,Drug Manufacturers - General,0.1852496741275053,0.09915481572205767,1.8305084745762712,0.13493674839918787,0.5801967827580822,18.8135593220339,1.5997056659308315,0.06594916418594,4.380039409832196,,3791736072.4620843,0.34375,14.585531234741213,13.269769668579102
OGN,2023,2023-12-31,Healthcare,Drug Manufacturers - General,-0.39340773214340563,-0.4401780788485477,-14.614285714285714,0.16334025227526744,0.5984352546702858,-125.14285714285714,1.544893762851268,0.08483994028860507,3.392640928875534,,3519059755.022762,0.2873900293255132,13.53663730621338,24.180255889892575
OGN,2022,2022-12-31,Healthcare,Drug Manufacturers - General,0.00010140724319823575,-0.043792279348855385,-1.0280269058295963,0.14852607709750568,0.6284418529316489,-9.992152466367713,1.564888535031847,0.08370607028753993,6.769208456480404,,6317542692.780642,0.31624863685932386,24.30145835876465,25.41441345214844
OGN,2021,2021-12-31,Healthcare,Drug Manufacturers - General,,,-0.8958885941644562,0.21430837563451777,0.6221446700507615,-6.0570291777188325,1.4478244127839814,0.1264862840558,4.786142970658068,,6606874195.568132,0.1073279052553664,25.414419174194336,
OGN,2020,2020-12-31,Healthcare,Drug Manufacturers - General,,,,,,,,,,,,,,
OI,2024,2024-12-31,Consumer Cyclical,Packaging & Containers,,-0.33821729499523573,-0.09823911028730306,-0.01623028632674935,0.16000612463634972,4.60518999073216,1.1472222222222221,-0.012248671134735382,,,1670154129.3897133,,10.84000015258789,16.3799991607666
OI,2023,2023-12-31,Consumer Cyclical,Packaging & Containers,,-0.02112253397198626,-0.06401491609695463,-0.014496833216045038,0.21055594651653764,3.0739589807333747,1.2293265132139812,-0.010652601096287103,,,2499068122.74629,,16.219999313354492,16.56999969482422
OI,2022,2022-12-31,Consumer Cyclical,Packaging & Containers,,0.3765585896527999,0.41213832039520115,0.08518086347724621,0.17692532088681448,3.3281580804516584,1.1043699618158676,0.06445204723540449,4.512261434861685,,2551453053.6360035,,16.559999465942383,12.029999732971191
OI,2021,2021-12-31,Consumer Cyclical,Packaging & Containers,,0.010924379714978144,0.20694444444444443,0.02343872896020135,0.1716218341985213,6.701388888888889,1.364572047670639,0.016870471014492752,12.93548358383999,,1853501240.5680017,,12.029999732971191,11.899999618530272
OI,2020,2020-12-31,Consumer Cyclical,Packaging & Containers,0.005994594643317402,0.0016242007028515533,,,,,,,,,1833471699.5257165,,11.899999618530272,11.88070297241211
OKE,2024,2024-12-31,Energy,Oil & Gas Midstream,0.5579243643934416,0.5010126082165552,0.17815214839164123,0.13987464282422343,0.33427043967185915,1.8828950457853957,0.8980716253443526,0.04737080335263544,18.736788013686986,,61003954121.7833,0.7621087314662274,96.86919403076172,64.53589630126953
OKE,2023,2023-12-31,Energy,Oil & Gas Midstream,0.19621530894070008,0.14498938653212123,0.16130793496724097,0.15042145160377893,0.2816654409684901,1.314426110167435,0.9003476245654692,0.06006867573306827,11.91078937836807,,41104881724.490685,0.6916133884919142,65.27112579345703,57.00587844848633
OKE,2022,2022-12-31,Energy,Oil & Gas Midstream,0.21209598538906055,0.1567390075676147,0.2651678472436095,0.07691964086300085,0.1720194755885112,2.1097936556821684,0.8351360209767289,0.07063456253332787,14.447601636250814,,34938099888.53427,0.9709639953542393,55.478790283203125,47.96137237548828
OKE,2021,2021-12-31,Energy,Oil & Gas Midstream,0.7375903576069117,0.6467062727243734,0.2493698009513624,0.09068923821039904,0.22134220072551392,2.283041872680757,0.7455755303852675,0.06350116734195925,14.31682757477262,,30203961014.50918,1.1113333333333333,47.96137237548828,29.125638961791992
OKE,2020,2020-12-31,Energy,Oil & Gas Midstream,,-0.43447634374928706,,,,,,,,,18342041674.891243,,29.125633239746094,51.50205993652344
OMC,2024,2024-12-31,Communication Services,Advertising Agencies,0.059954906160550124,0.02490471504148467,0.3530702277333969,0.09437125137834547,0.18639692525383866,1.6384404435435793,0.995257755992221,0.04998531432410443,11.225957589238963,,16161533444.401154,0.3732946102931244,83.74564361572266,81.71066284179688
OMC,2023,2023-12-31,Communication Services,Advertising Agencies,0.14414679008680453,0.10504830292682078,0.3847579017227553,0.09470331196144893,0.18441758211840295,1.7983850897325997,0.9469530961467438,0.04961382940031236,11.926138142255901,,15903701785.508698,0.4044128216185137,82.40961456298828,74.57557678222656
OMC,2022,2022-12-31,Communication Services,Advertising Agencies,0.21751704153246204,0.17079380397859714,0.40481535008148584,0.09213316444002771,0.18763952943152473,1.9968943144429754,0.9707828443877551,0.048754744931024906,11.8637204919971,,14561240083.32306,0.44139764527155334,75.45326232910156,64.44624328613281
OMC,2021,2021-12-31,Communication Services,Advertising Agencies,0.27680652304279146,0.21876436733307886,0.4267628891199315,0.097666801965093,0.1952286310131986,2.03271971133264,0.980482183135916,0.049103153213378464,9.869256245962145,,12437066231.338928,0.42440527371739756,64.44624328613281,52.87834548950195
OMC,2020,2020-12-31,Communication Services,Advertising Agencies,,-0.1958078312898631,,,,,,,,,10204653466.361982,,52.87835311889648,65.75337982177734
ON,2024,2024-12-31,Technology,Semiconductors,,-0.2451813700650065,0.17880041835296256,0.22207474972819563,0.4541038928031854,0.38275885589559366,5.058435720707222,0.11162685062953343,17.369145795333484,,25785809883.577606,,63.04999923706055,83.52999877929688
ON,2023,2023-12-31,Technology,Semiconductors,,0.3059162793508299,0.2805874643435356,0.26459469283896764,0.47055616139585604,0.43170662760517053,2.707592965744642,0.1652415400447969,16.65644109371006,,33310930400.310425,,81.44999694824219,62.369998931884766
ON,2022,2022-12-31,Technology,Semiconductors,,-0.09290338234253422,0.3073765856023269,0.22845956138454518,0.48968316879248636,0.5220489617839541,2.7793732414863683,0.15880118545727762,14.53066052130933,,25196887896.737915,,61.61000061035156,67.91999816894531
ON,2021,2021-12-31,Technology,Semiconductors,,1.0751603763788067,0.22017708378767392,0.14979672987329,0.40272708388972966,0.6755135866009508,2.4501749384475833,0.1048826095990027,29.920704039182958,,27777512787.786255,,67.91999816894531,32.72999954223633
ON,2020,2020-12-31,Technology,Semiconductors,,0.34249387485242105,,,,,,,,,13385718570.946564,,32.72999954223633,24.3799991607666
ORCL,2025,2025-05-31,Technology,Software - Infrastructure,0.4516520131596106,0.43724097879443513,0.6084299056280866,0.21678078015296434,0.70509939197547,5.090411226834874,0.7529638819961401,0.07390666484518386,38.23245703350015,,473028777094.2378,0.381178172466447,165.92886352539062,115.44957733154295
ORCL,2024,2024-05-31,Technology,Software - Infrastructure,0.13649649445810494,0.12153352714578722,1.2025505514705883,0.19763599629916354,0.7140726194747078,10.698988970588236,0.7150012680699974,0.07424668028600613,31.1184844559415,,329122801307.1383,0.41950893283653384,115.44957733154295,102.93903350830078
ORCL,2023,2023-05-31,Technology,Software - Infrastructure,0.517793364463518,0.49904756548133206,7.924510717614166,0.17021659927132962,0.728470192577171,84.32525629077354,0.9096578605456908,0.06327390165495893,33.51481186062195,,293319397877.39795,0.4313771610019993,102.89047241210938,68.6372299194336
ORCL,2022,2022-05-31,Technology,Software - Infrastructure,-0.0566490186708263,-0.07302628738621117,-1.0799035369774919,0.15827049952874647,0.7908341187558907,-12.19967845659164,1.6212905540464353,0.0614563986202732,28.480175224082597,,195670485732.1845,0.5146642846508858,68.63722229003906,74.0444107055664
ORCL,2021,2021-05-31,Technology,Software - Infrastructure,,0.5042849135229333,,,,,,,,,213310308721.1598,,74.82491302490234,49.74118423461914
ORLY,2020,2020-12-31,Consumer Cyclical,Auto Parts,,0.03265186724085582,,,,,,,,,25600276147.243958,,30.17133331298828,29.21733283996582
ORLY,2021,2021-12-31,Consumer Cyclical,Auto Parts,,0.5604879056555921,-32.589389217590295,0.1624216670369519,0.5267241280345102,-88.3213194224892,0.7667331391078394,0.18472046446762427,22.70836413273791,,39948921309.21754,,47.08200073242188,30.17133331298828
ORLY,2022,2022-12-31,Consumer Cyclical,Auto Parts,,0.19043370000836132,-2.048216736805587,0.15077523306957874,0.51226771113668,-6.170179269046865,0.7146644654016376,0.17205049200667819,25.141152235082583,,47556542205.4747,,56.04800033569336,47.08200073242188
ORLY,2023,2023-12-31,Consumer Cyclical,Auto Parts,,0.11960481592038992,-1.3491695979596132,0.14840272573479424,0.5125648152539961,-4.50819535462416,0.7254987467618318,0.1691473975158212,24.564073492057368,,53454161211.470184,,62.9986686706543,56.2686653137207
ORLY,2024,2024-12-31,Consumer Cyclical,Auto Parts,,0.24810531917533354,-1.7408810316267203,0.1428424454434183,0.5119849029944616,-5.777589588617036,0.7050028943062145,0.1602471803424002,29.163792331471715,,67076487596.35193,,79.05332946777344,63.33866882324219
OTIS,2024,2024-12-31,Industrials,Specialty Industrial Machinery,0.06942833900329293,0.0516632562566927,-0.3393151815181518,0.11534955472968235,0.29850641609985273,-1.8032178217821782,0.9898051361465996,0.14536938847649347,22.458225034671567,,35874188844.604164,0.36838905775075986,91.40497589111328,86.91468048095703
OTIS,2023,2023-12-31,Industrials,Specialty Industrial Machinery,0.1652897822270332,0.1469536759250167,-0.2855402112103981,0.09895136885072842,0.29509465831515236,-1.4839561332250204,0.9878067603025158,0.1389740041514283,25.340523058685932,,33715338531.583267,0.3833570412517781,85.90437316894531,74.89785766601562
OTIS,2022,2022-12-31,Industrials,Specialty Industrial Machinery,-0.06370843170317093,-0.07814175729752061,-0.2572895277207392,0.09156010230179028,0.2864450127877238,-1.4804928131416837,0.8977056846412392,0.1276097362256849,25.565054609968858,,29699605960.837296,0.37110933758978454,75.67256164550781,82.08698272705078
OTIS,2021,2021-12-31,Industrials,Specialty Industrial Machinery,0.3199619004580245,0.30405440537751244,-0.34372413793103446,0.08714505525248287,0.2932577982934676,-2.1489655172413795,1.3223947494797503,0.10147406140565192,28.403794971716856,,32217101355.02157,0.31540930979133225,82.08696746826172,62.94750213623047
OTIS,2020,2020-12-31,Industrials,Specialty Industrial Machinery,,,,,,,,,,,24705336813.06922,,62.94750595092773,
OXY,2024,2024-12-31,Energy,Oil & Gas E&P,-0.1336987399141545,-0.15909988075601583,0.08946397728270734,0.11434985968194575,0.35734331150608045,0.7934658508738546,0.952631026152715,0.035765697232137635,19.92877115968798,,47869565386.72147,0.4731675392670157,48.62620162963867,57.82637023925781
OXY,2023,2023-12-31,Energy,Oil & Gas E&P,-0.012315469051734777,-0.035315941141258196,0.1552396694214876,0.1661889089429168,0.35775206143610433,0.6912727272727273,0.9155006558810669,0.0634525997189493,14.911703452085838,,57250726646.692375,0.29067291311754684,58.155643463134766,60.28465270996094
OXY,2022,2022-12-31,Energy,Oil & Gas E&P,1.1672162386404934,1.1235048147680105,0.4422137277713146,0.3631599060981602,0.4816563847791669,0.6902110686388566,1.1455459584891066,0.18322797449352007,4.71193375126008,,57518824095.50342,0.08899579073962718,58.427978515625,27.51487922668457
OXY,2021,2021-12-31,Energy,Oil & Gas E&P,0.7290573731925947,0.6771096428208951,0.11423230186451518,0.08945908460471567,0.3024348898135306,1.4949574457617947,1.2266938971648247,0.030945146329761714,17.414484144766117,,27086746240.087906,0.36132644272179154,27.51488494873047,16.4061336517334
OXY,2020,2020-12-31,Energy,Oil & Gas E&P,,-0.5663282648861205,,,,,,,,,16150848101.660149,,16.406131744384766,37.83076095581055
PANW,2025,2025-07-31,Technology,Software - Infrastructure,,0.0691959488205393,0.14491846020142118,0.12296264165265955,0.734143035297945,0.043223761566382086,0.9417626439659489,0.04809511286806186,,,117504798100.09232,,173.60000610351562,162.36500549316406
PANW,2024,2024-07-31,Technology,Software - Infrastructure,,0.28265597556954364,0.49859759753950905,0.32109623170351914,0.7434817813765182,0.260053774880554,0.8915745766462312,0.12893866709352755,44.605770739880235,,109900152754.70808,,162.36500549316406,126.58499908447266
PANW,2023,2023-07-31,Technology,Software - Infrastructure,,0.502464457966913,0.2514870738961336,0.06379212790343407,0.722938761298185,1.2987302676733012,0.7816478190630048,0.030321837653695238,195.28125524520874,,84595331478.55078,,124.9800033569336,83.18333435058594
PANW,2022,2022-07-31,Technology,Software - Infrastructure,,0.2721714551849294,-1.2714285714285714,-0.048532218485867494,0.6875942924656911,18.823333333333334,0.7722933195285506,-0.021789514918064894,,,57270050054.25923,,84.61000061035156,66.50833129882812
PANW,2021,2021-07-31,Technology,Software - Infrastructure,,0.5642389110762017,,,,,,,,,45160829476.01846,,66.72000122070312,42.6533317565918
PAYC,2024,2024-12-31,Technology,Software - Application,0.0070253204857480996,-0.00036169521319528747,0.3185481312266007,0.26656754460492776,0.8223237043330501,0.052922139729678276,1.1018736561892086,0.08566699090428165,22.86817097343137,,11475449856.976227,0.16892430278884463,203.9840850830078,204.05789184570312
PAYC,2023,2023-12-31,Technology,Software - Application,-0.33372272983304646,-0.33750114871235104,0.2615502686108979,0.2012162720670721,0.836866032945622,0.05825019186492709,1.109997632762566,0.08119118522930316,34.34782741832085,,11361875677.304718,0.19014084507042253,201.96522521972656,304.85369873046875
PAYC,2022,2022-12-31,Technology,Software - Application,-0.2662876523776529,-0.2662876523776529,0.23794887058845415,0.20462478184991273,0.8453315881326352,0.024522093983884757,1.1628645241954585,0.07210738311441883,61.83338007651085,,16836111135.681885,0.0,299.2735595703125,407.8894958496094
PAYC,2021,2021-12-31,Technology,Software - Application,-0.08194576018603793,-0.08194576018603793,0.21926477597978772,0.1856518658031461,0.8466297308256373,0.03262229303781747,1.1314442753000638,0.06094903962340734,121.03546776474406,,22946475481.691162,0.0,407.8895263671875,444.2978515625
PAYC,2020,2020-12-31,Technology,Software - Application,,0.7081511472283523,,,,,,,,,24994689000.868835,,444.2979431152344,260.1045837402344
PAYX,2021,2021-05-31,Technology,Software - Application,,0.4393688903646307,,,,,,,,,32303821721.281784,,89.75923156738281,62.360130310058594
PAYX,2022,2022-05-31,Technology,Software - Application,0.2846277147220346,0.2537299067872342,0.45144561130558797,0.30201444152915413,0.7059002103345837,0.2856216776870219,1.2490700675624382,0.14455330454998339,29.34921979904175,,40560431260.011894,0.7176909821941413,112.70100402832033,89.89257049560547
PAYX,2023,2023-05-31,Technology,Software - Application,-0.0996137221608515,-0.12858283822824168,0.44580900034352455,0.3110183539374089,0.7098120668650516,0.2478243444406275,1.2967409653081614,0.1476617613593264,22.839442408362103,,35345060674.267944,0.7545110126500996,98.20960235595705,112.70101928710938
PAYX,2024,2024-05-31,Technology,Software - Application,0.19183709446022415,0.155411977196879,0.44472507234938174,0.3202546274368641,0.7197393100051153,0.22791370691923177,1.3658623872219398,0.16280301644017683,24.823845938901062,,41721578069.87634,0.77809985802177,115.92736053466795,100.33422088623048
PAYX,2025,2025-05-31,Technology,Software - Application,0.38309976989560185,0.34838152187290017,0.40147771317829456,0.2974496114291868,0.7235314177001633,1.216642441860465,1.281787731983957,0.10005373065847224,34.1297599426003,,56256601230.44742,0.8740119471429434,156.31430053710938,115.92735290527344
PBI,2024,2024-12-31,Industrials,Integrated Freight & Logistics,0.7565700297424959,0.7063296951662221,0.3519802639199354,-0.1004624498790584,0.5241789442208075,-3.5396044139943608,0.7879074110718605,-0.059925251271811524,,,1221185946.2490692,,7.094844818115234,4.157956600189209
PBI,2023,2023-12-31,Industrials,Integrated Freight & Logistics,0.2686221182446032,0.20847564117732473,1.0462618293106443,-0.1854934641701841,0.4957417896268504,-6.246966704288939,1.0840942204186381,-0.09026458357959685,,,707547171.1577854,,4.110706806182861,3.40156364440918
PBI,2022,2022-12-31,Industrials,Integrated Freight & Logistics,-0.3264979408917272,-0.36224564301719064,0.6090382998367764,0.014877865771363371,0.4436020545470729,41.6061530344748,1.040637155972064,0.00779102176487523,17.135698454720632,,619384028.881608,0.9398484028153763,3.598496675491333,5.642449378967285
PBI,2021,2021-12-31,Industrials,Integrated Freight & Logistics,0.1429092009953996,0.10337299191427443,-0.011994814972654307,-0.0003677630506203654,0.3054251719244624,22.69540627885503,1.094976098707131,-0.0002724410455525058,,,971195291.8861885,,5.642449378967285,5.113818645477295
PBI,2020,2020-12-31,Industrials,Integrated Freight & Logistics,,0.6075149757504064,,,,,,,,,880206114.558775,,5.113820552825928,3.1811962127685547
PCAR,2024,2024-12-31,Industrials,Farm & Heavy Construction Machinery,0.15498683967272717,0.10810953892632677,0.23773483597895687,0.12363428965238624,0.19931202062749898,0.9079277313516385,2.6372762177915527,0.09585687338923833,13.038247023956682,,54096729962.158195,0.5498558385391639,103.0021514892578,92.95304107666016
PCAR,2023,2023-12-31,Industrials,Farm & Heavy Construction Machinery,0.584539853908761,0.5363202602242187,0.2897448169886893,0.13097468073355842,0.21722359183998816,0.8964468347734086,2.500011707317073,0.11270006907802878,10.516537705512894,,48383981881.71386,0.33007303077725614,92.12487030029295,59.96462631225586
PCAR,2022,2022-12-31,Industrials,Farm & Heavy Construction Machinery,0.20090934338802433,0.16358511623683591,0.22872158637816983,0.10449796493370854,0.1813516448817996,0.8712320860326116,2.5992942601215208,0.09050502622049256,10.365720799140338,,31321585348.510742,0.33361004117412674,59.63744354248047,51.2531852722168
PCAR,2021,2021-12-31,Industrials,Farm & Heavy Construction Machinery,0.08403735130799998,0.05625577971551084,0.16090219078833878,0.07930772075859929,0.18191248304800126,0.8997584957736761,2.6158413152957443,0.06321714436755746,14.45108363923637,,26918170901.489258,0.379522916108282,51.25318145751953,48.52345657348633
PCAR,2020,2020-12-31,Industrials,Farm & Heavy Construction Machinery,,0.1174058817271717,,,,,,,,,25484521395.874027,,48.5234603881836,43.42509841918945
PCG,2024,2024-12-31,Utilities,Utilities - Regulated Electric,0.12472160363789338,0.12253425092054597,0.08331951308501111,0.10287071542651215,0.375035832753184,1.9351553948721352,1.0542559706062462,0.01879395481071375,17.46167224386464,,44134603812.88562,0.03423566878980892,20.080923080444336,17.888917922973633
PCG,2023,2023-12-31,Utilities,Utilities - Regulated Electric,0.11070565108077153,0.11070565108077153,0.0900958466453674,0.09235303749795316,0.340060586212543,2.3056309904153354,0.830715028300797,0.017947779598720744,17.05596197219122,,39360542707.050125,0.0,17.90876007080078,16.123767852783203
PCG,2022,2022-12-31,Utilities,Utilities - Regulated Electric,0.29159801914892436,0.29159801914892436,0.07948122507996319,0.08367158671586716,0.323570110701107,2.3458353415414277,0.8116924246262984,0.01528943730824989,18.51027125403995,,34173355845.96733,0.0,15.548627853393556,12.038287162780762
PCG,2021,2021-12-31,Utilities,Utilities - Regulated Electric,,-0.02568217939264712,-0.004196271040961328,-0.004263152795271776,0.2936246487743436,2.2015163797625292,0.6356228840305274,-0.000851665102054642,,,26458199878.397102,,12.038288116455078,12.35560703277588
PCG,2020,2020-12-31,Utilities,Utilities - Regulated Electric,,0.14627412901099532,,,,,,,,,27155613165.027985,,12.355606079101562,10.77892780303955
PEG,2024,2024-12-31,Utilities,Utilities - Regulated Electric,0.46770564493435596,0.4262785908522462,0.12660760217204917,0.17220602526724976,0.34412050534499516,0.010931694769934266,0.6510376633358954,0.03243045387994144,23.30656536554886,,41176695578.64958,0.6749435665914221,82.50524139404297,57.84651184082031
PEG,2023,2023-12-31,Utilities,Utilities - Regulated Electric,0.0836631505046158,0.04285234572328683,0.1913257688862347,0.22808578802171398,0.4295630506362908,0.012914302776948343,0.6669962428317184,0.050511420744565536,11.356894038777494,,29054146896.65341,0.443620756925478,58.21543884277344,55.823280334472656
PEG,2022,2022-12-31,Utilities,Utilities - Regulated Electric,-0.002076241709001821,-0.038833314946684884,0.07509651103503533,0.10520408163265306,0.26571428571428574,1.488746449122296,0.6441616766467065,0.021162609302516525,27.47188042487795,,28214946453.062576,1.046556741028128,56.53394317626953,58.81804275512695
PEG,2021,2021-12-31,Utilities,Utilities - Regulated Electric,0.22500302204606978,0.1834383953714884,-0.044881562543288546,-0.06665295206747583,0.3082699033120757,1.359537332040449,0.8837669683257918,-0.013224759688973244,,,29354888597.475727,,58.81803131103516,49.700965881347656
PEG,2020,2020-12-31,Utilities,Utilities - Regulated Electric,,0.023663480448715152,,,,,,,,,24804743921.78721,,49.70096206665039,48.55205154418945
PENN,2024,2024-12-31,Consumer Cyclical,Resorts & Casinos,,-0.23827827263121892,-0.10881335801865372,-0.047354099207977986,0.32890956355178547,3.9295769727879275,0.8157727369090524,-0.02041057025102053,,,2886272313.07901,,19.81999969482422,26.020000457763672
PENN,2023,2023-12-31,Consumer Cyclical,Resorts & Casinos,,-0.12626262301916713,-0.15302457762093627,-0.07700891103113361,0.37123009948294017,3.604571999625246,1.1134228187919464,-0.030502608284259408,,,3778949035.302475,,25.950000762939453,29.700000762939453
PENN,2022,2022-12-31,Consumer Cyclical,Resorts & Casinos,,-0.43548695623640843,0.0617338855379826,0.034693909430307576,0.4327131855600856,3.588097951468994,1.7376370069905929,0.012689905782734644,22.689922835475713,,4262421454.381485,,29.270000457763672,51.84999847412109
PENN,2021,2021-12-31,Consumer Cyclical,Resorts & Casinos,,-0.39967585011831,0.10268924788911123,0.07126164267569857,0.46689246401354784,2.832031821953243,1.9622308506883164,0.02494058238156483,20.907257449242373,,7550616414.395049,,51.84999847412109,86.37000274658203
PENN,2020,2020-12-31,Consumer Cyclical,Resorts & Casinos,,2.3791081592809267,,,,,,,,,12577565663.28891,,86.37000274658203,25.559999465942383
PEP,2020,2020-12-31,Consumer Defensive,Beverages - Non-Alcoholic,,0.11671692735179197,,,,,,,,,175498259051.9633,,128.35011291503906,114.93522644042967
PEP,2021,2021-12-31,Consumer Defensive,Beverages - Non-Alcoholic,0.23869862181177662,0.20556439392768566,0.474848843732469,0.09585524825729169,0.5334952311447769,2.541918593779218,0.8307780320366133,0.08246641480022084,28.18476220080544,,211574477462.18475,0.7633237070097139,154.73434448242188,128.35012817382812
PEP,2022,2022-12-31,Consumer Defensive,Beverages - Non-Alcoholic,0.08961773125685164,0.06044598219013845,0.5195638229634381,0.10313454949532364,0.5303268821187147,2.30649017435419,0.8041441105096135,0.09665137166845651,25.55879729559117,,224363393059.1387,0.6927048260381594,164.0874786376953,154.73440551757812
PEP,2023,2023-12-31,Consumer Defensive,Beverages - Non-Alcoholic,0.014153614978320022,-0.015422364561862334,0.49040696103334597,0.09920083961036831,0.5421390386023985,2.4137166945900663,0.851581508515815,0.09029304940544305,24.799156188964844,,222442260992.89056,0.7363896848137536,162.68246459960938,165.230712890625
PEP,2024,2024-12-31,Consumer Defensive,Beverages - Non-Alcoholic,-0.042930296125924736,-0.07601605804133416,0.5309018347098277,0.10427417423302197,0.5455396607659982,2.491436173161133,0.8189370877727042,0.09629324298511063,21.244188487100942,,201883817380.31802,0.7547504698266861,147.64710998535156,159.7940216064453
PFE,2024,2024-12-31,Healthcare,Drug Manufacturers - General,0.04281002278468027,-0.02217051611536753,0.09105132478487127,0.1262200009429959,0.719443003756267,0.7216194460505878,1.1712524712175834,0.03763425743687792,17.855007090467094,,143136917731.8993,1.1844104096625576,25.1755599975586,25.74637031555176
PFE,2023,2023-12-31,Healthcare,Drug Manufacturers - General,-0.3563600398329522,-0.39346362825046527,0.023805244118902644,0.03558115323907714,0.5809853242435437,0.7958860403981396,0.9066619240908901,0.009355367084472033,71.85674615808435,,151161708847.56375,4.363850873053327,26.58699607849121,43.83413314819336
PFE,2022,2022-12-31,Healthcare,Drug Manufacturers - General,-0.0714375061218344,-0.10373030526066292,0.3279497391831572,0.3100765999505807,0.6605485544848035,0.36440137569124303,1.216455455883051,0.1590831875459547,8.016680450718408,,249318451250.7248,0.28633813591737856,43.85124206542969,48.9263916015625
PFE,2021,2021-12-31,Healthcare,Drug Manufacturers - General,0.7192590233622606,0.6669506055514428,0.284698384735949,0.27038431256766066,0.6208419446904833,0.47924249685884895,1.3989126104380023,0.12111243360003526,12.708151681082589,,278173426856.1516,0.3971518267437099,48.92638397216797,29.350830078125
PFE,2020,2020-12-31,Healthcare,Drug Manufacturers - General,,0.030694882851073205,,,,,,,,,166875626626.09863,,29.350830078125,28.47673988342285
PFG,2024,2024-12-31,Financial Services,Asset Management,0.0587416961053982,0.01871554624223436,0.14170515225862318,0.09741004606980537,,0.3705440900562852,,0.005008550561812082,11.26078874051214,,16757102992.390343,0.41909611712285166,75.2220687866211,73.8401107788086
PFG,2023,2023-12-31,Financial Services,Asset Management,0.014043185645455659,-0.022905225189553336,0.05709050934408208,0.045602891890705266,,0.3657017222425797,,0.002042965880306196,29.118861778109682,,16541246777.110153,1.0036906290115533,74.25309753417969,75.9937515258789
PFG,2022,2022-12-31,Financial Services,Asset Management,0.24439742145156082,0.19883136582581812,0.47680094620465685,0.27126327974863285,,0.4087223230126194,,0.01635420999975934,4.071815232723807,,16898750082.614204,0.1350249111816519,75.85791778564453,63.276554107666016
PFG,2021,2021-12-31,Financial Services,Asset Management,0.5837391363035435,0.5135075925519048,0.09833596773992806,0.10952466765549841,,0.27132313589804224,,0.005186813244525322,10.92859442781702,,14096021010.00523,0.413934944943678,63.27656173706055,41.807891845703125
PFG,2020,2020-12-31,Financial Services,Asset Management,,-0.05186720017385238,,,,,,,,,9313478038.169735,,41.80788803100586,44.094970703125
PG,2021,2021-06-30,Consumer Defensive,Household & Personal Products,,0.15612404688078232,,,,,,,,,284113486595.54706,,121.3908462524414,104.99811553955078
PG,2022,2022-06-30,Consumer Defensive,Household & Personal Products,0.12179379957012632,0.09092585467284087,0.31642662431045954,0.18384526170077445,0.4742664022846596,0.6931464508789629,0.6545449049303226,0.12577639751552794,22.793187783219935,,309946767668.42957,0.5948989282322615,132.4284210205078,121.39085388183594
PG,2023,2023-06-30,Consumer Defensive,Household & Personal Products,0.11216317917956156,0.083129167972046,0.31325223934839774,0.17868204765504964,0.47857473843377313,0.757295251940056,0.6334041839131894,0.12127055590959124,24.311376022080243,,335712461943.85205,0.614140449054801,143.43711853027344,132.42845153808594
PG,2024,2024-06-30,Consumer Defensive,Household & Personal Products,0.12758063434975275,0.09984261132230425,0.2958875233663445,0.17704875117504967,0.5139399564487916,0.6635842978164896,0.7347964433342254,0.12159025905042085,26.20569020014665,,369230870797.766,0.6258485113246858,157.7582550048828,143.43711853027344
PG,2025,2025-06-30,Consumer Defensive,Household & Personal Products,0.016040001470113717,-0.010340000683295691,0.3071214335153426,0.1895258886621423,0.5116036258364577,0.6818234253633777,0.7041987908369849,0.1275562760019484,24.30689235986103,,370353400899.6212,0.618004256917491,158.2378692626953,159.89114379882812
PGR,2024,2024-12-31,Financial Services,Insurance - Property & Casualty,0.5214269702365405,0.5139285503826375,0.3313664960337619,0.11255192917722948,,0.26935250674065103,,0.08019291692278595,16.306604809231228,,137695580065.91797,0.08042452830188679,234.8151092529297,155.10316467285156
PGR,2023,2023-12-31,Financial Services,Insurance - Property & Casualty,0.25350008708639415,0.2497492580728723,0.19248409528036692,0.06286745163732423,,0.33974453814666866,,0.04400671996031164,23.919689329199514,,92294408312.98828,0.07097104791186266,157.3915557861328,125.93850708007812
PGR,2022,2022-12-31,Financial Services,Insurance - Property & Casualty,0.27675529371224994,0.2722737130140131,0.045434522685796994,0.014560267812128179,,0.40200742558681013,,0.009567349102232824,107.08135831154,,74095160046.38673,0.36149584487534625,126.3560028076172,99.31510925292967
PGR,2021,2021-12-31,Financial Services,Insurance - Property & Casualty,0.18020449788820542,0.10839115645910966,0.1837962658241734,0.07028410223065872,,0.2686983040435288,,0.047107994539751986,17.546837742674054,,58238375592.041016,1.1260556865319764,99.31510162353516,89.60293579101562
PGR,2020,2020-12-31,Financial Services,Insurance - Property & Casualty,,0.4148317142801383,,,,,,,,,52543161547.85156,,89.60293579101562,63.33116149902344
PH,2025,2025-06-30,Industrials,Specialty Industrial Machinery,0.4088160341554546,0.39519285233749024,0.25807630463382547,0.17788413098236777,0.3685138539042821,0.6786288554304927,1.1943632926619694,0.11971926493524107,25.693741519894218,,88177715155.979,0.24384027187765506,696.8142700195312,499.43939208984375
PH,2024,2024-06-30,Industrials,Specialty Industrial Machinery,0.31775454282542376,0.3014965785619645,0.2355864811133201,0.14269944806823884,0.3576517812343201,0.8747514910536779,0.9297142075755503,0.0970714724554577,22.651093870728882,,62601338515.853035,0.2749648382559775,494.6998901367188,380.1007995605469
PH,2023,2023-06-30,Industrials,Specialty Industrial Machinery,0.636789387296862,0.6131783827771254,0.201706457937764,0.1092578022554419,0.33721479150275374,1.2161901048989783,0.8835038272248128,0.06951565841040015,23.69705732921115,,48099502946.84741,0.33797407585213635,380.1007995605469,235.62229919433597
PH,2022,2022-06-30,Industrials,Specialty Industrial Machinery,-0.1712969568464752,-0.18683811003304415,0.14868934950465137,0.0829427256051215,0.3348524941481343,1.2974819990617101,2.055980576579049,0.050709523991784904,23.35205834259245,,29816601332.234985,0.4331505277039841,235.6222686767578,289.7605895996094
PH,2021,2021-06-30,Industrials,Specialty Industrial Machinery,,0.7005061468880859,,,,,,,,,36667477189.41821,,289.7605285644531,170.39663696289062
PHM,2024,2024-12-31,Consumer Cyclical,Residential Construction,0.07068132054192239,0.06223903904083733,0.2543533374624772,0.17179866216822356,0.2909243631926316,0.18598578580170672,11.081974412742424,0.17756876778380354,7.369573916441084,,21101514146.090183,0.05439271784233711,108.25904083251952,101.9158935546875
PHM,2023,2023-12-31,Consumer Cyclical,Residential Construction,1.2670129114853852,1.2506076825042582,0.2506315696510257,0.1620246777745001,0.29383694429028084,0.24591503417472957,9.869057143627671,0.16176813026627007,8.555203330394757,,19543727198.853592,0.05474198154606644,100.26698303222656,44.55107116699219
PHM,2022,2022-12-31,Consumer Cyclical,Residential Construction,-0.1669556930092793,-0.1803610970631296,0.2936154617102033,0.1635518611878451,0.30209987777900604,0.30539500463198854,8.824934657965658,0.17688739544412993,4.105963434120615,,8811540481.90139,0.05506211131475477,45.20665740966797,55.15435791015625
PHM,2021,2021-12-31,Consumer Cyclical,Residential Construction,0.35872358055006764,0.34029275784654844,0.2598726352774512,0.14168455328112153,0.27534566329826865,0.3668901123771032,7.854402356787937,0.14576303351751427,7.423197565296938,,10750515196.787903,0.07595564963623659,55.15435791015625,41.150978088378906
PHM,2020,2020-12-31,Consumer Cyclical,Residential Construction,,0.12552559389240595,,,,,,,,,8021020878.031124,,41.15098190307617,36.56156921386719
PKG,2024,2024-12-31,Consumer Cyclical,Packaging & Containers,0.4489736901312056,0.41698267043088505,0.182811080835604,0.09603616714181766,0.21269667076211038,0.629314259763851,3.227835463258786,0.09114477199655843,24.739888053458323,,19878760616.15532,0.5574462799652217,220.9272003173828,155.91383361816406
PKG,2023,2023-12-31,Consumer Cyclical,Packaging & Containers,0.3691426366201166,0.3269370095800925,0.19142921471993596,0.09807238798318466,0.2177406951707167,0.7938358391914543,2.57122540886466,0.08814551151351788,18.496671712623453,,14113331926.940216,0.5866440146366962,156.85177612304688,118.20589447021484
PKG,2022,2022-12-31,Consumer Cyclical,Packaging & Containers,0.02105022569107186,-0.01743161175800216,0.2808213574759347,0.12146732719981128,0.24659117716442558,0.7616645305554798,2.8649914334665905,0.12866388465478898,10.813113201345407,,10731646952.27018,0.40813750242765584,119.26863861083984,121.3845672607422
PKG,2021,2021-12-31,Consumer Cyclical,Packaging & Containers,0.05081120347744216,0.015498524378613458,0.23317254380128632,0.10880560909667154,0.24229331332548543,0.7574573076070082,3.0884945750452077,0.10732697019191506,13.746836609370577,,10922035637.103228,0.45155153965045775,121.3845672607422,119.53199768066406
PKG,2020,2020-12-31,Consumer Cyclical,Packaging & Containers,,0.27195028746816124,,,,,,,,,10755342307.897705,,119.531982421875,93.97535705566406
PLD,2024,2024-12-31,Real Estate,REIT - Industrial,-0.15062605782230695,-0.18123061248955585,0.06916693768350168,0.45498810599382317,0.7491662002948202,0.5837609579245576,0.9169590258176784,0.03914484115201612,25.65069602909231,,95521720688.41553,0.9568138362942785,102.85929107666016,125.62669372558594
PLD,2023,2023-12-31,Real Estate,REIT - Industrial,0.26149568084086694,0.2278493368665795,0.05752378392246178,0.38128320804878785,0.7494431647956763,0.5565457787716698,0.5457419166923578,0.0328874045858971,38.56252420999359,,117820256063.90381,1.0553655285311847,126.8707046508789,103.32758331298828
PLD,2022,2022-12-31,Real Estate,REIT - Industrial,-0.2956501629981162,-0.31350432325756394,0.06320487961800905,0.5632791245347099,0.747376664213689,0.46048128452538206,0.4560175630794747,0.03828161199856451,24.30374325022978,,95922548542.3584,0.7414055757512357,103.29090881347656,150.46112060546875
PLD,2021,2021-12-31,Real Estate,REIT - Industrial,0.746399543868822,0.7233010429859679,0.08794489990134584,0.6176615316087607,0.7376819541794833,0.543380142079099,0.9699654131685649,0.05026351506389026,38.18810167651491,,139727826105.95703,0.6370875759382771,150.46112060546875,87.30982971191406
PLD,2020,2020-12-31,Real Estate,REIT - Industrial,,0.14740347952663166,,,,,,,,,81081488614.44092,,87.30982208251953,76.09339141845703
PLTR,2024,2024-12-31,Technology,Software - Infrastructure,,3.404775592158431,0.09237749274225382,0.16129431894600152,0.8024817248745161,0.047812482823750446,5.958013810995384,0.0728904676382662,398.05261712325245,,172002397124.584,,75.62999725341797,17.170000076293945
PLTR,2023,2023-12-31,Technology,Software - Infrastructure,,1.5825544745596238,0.060371548650707034,0.09430286218681068,0.8062459887856784,0.06600143113586555,5.547611451734409,0.04639656821285041,184.22222137451172,,37707256839.46761,,16.579999923706055,6.420000076293945
PLTR,2022,2022-12-31,Technology,Software - Infrastructure,,-0.6490938941378511,-0.145675442419404,-0.19608095196369535,0.7856365934525474,0.09722117189004438,5.173269086523988,-0.10796856270254669,,,14532531198.94332,,6.389999866485596,18.209999084472656
PLTR,2021,2021-12-31,Technology,Software - Infrastructure,,-0.22675160618198034,-0.2271375756755695,-0.337494462960693,0.7798777992449522,0.11351793734695748,4.33785665264271,-0.1602423439929791,,,41414301307.861336,,18.209999084472656,23.549999237060547
PLTR,2020,2020-12-31,Technology,Software - Infrastructure,,,,,,,,,,,53558858497.42612,,23.549999237060547,
PM,2024,2024-12-31,Consumer Defensive,Tobacco,0.40365990999384516,0.34335381062182124,-0.6005957446808511,0.1863086752204446,0.6481070806272771,-3.888936170212766,0.8802094697796203,0.11422051016444387,25.894757875017245,,182592993085.79227,1.1615417316140002,117.30325317382812,87.3211898803711
PM,2023,2023-12-31,Consumer Defensive,Tobacco,0.05440290396049097,-0.0031025778382078673,-0.6960356347438753,0.2221242963552624,0.6334508443736852,-4.268062360801782,0.7487776219535307,0.11964045081465148,17.668297756240666,,138061465129.3323,1.0193267630871625,88.69485473632812,88.97089385986328
PM,2022,2022-12-31,Consumer Defensive,Tobacco,0.1874310254391542,0.1240803015072086,-1.0101596516690856,0.2848687110383477,0.6410175681632139,-4.814446801384392,0.7176982733391865,0.14669022875764012,15.327022900474667,,138614285210.18365,0.863395225464191,89.05000305175781,79.22032165527344
PM,2021,2021-12-31,Consumer Defensive,Tobacco,0.2820046313450189,0.2077641849556398,-0.9013457352068078,0.29004935519821684,0.6806241044419679,-2.7514347912131405,0.9201246429498832,0.22061031726810365,13.588395290472905,,123313543589.81134,0.8321440333735866,79.22034454345703,65.59255981445312
PM,2020,2020-12-31,Consumer Defensive,Tobacco,,0.03690444028482662,,,,,,,,,102100679193.71243,,65.59255981445312,63.258056640625
PNC,2024,2024-12-31,Financial Services,Banks - Regional,0.34514063014642726,0.2939124760845417,0.10820395039044557,0.28300254697486665,,1.1331740927882408,,0.010515357886429134,13.534693599961903,,72969897351.60977,0.4905756495160469,185.96669006347656,143.7243194580078
PNC,2023,2023-12-31,Financial Services,Banks - Regional,0.09049882436745345,0.038080881142989124,0.1091478328930633,0.25933330233855595,,1.4232853928187066,,0.009932689910609352,11.35698069437488,,56995688730.78488,0.5159555396199355,145.2557830810547,139.92723083496094
PNC,2022,2022-12-31,Financial Services,Banks - Regional,-0.13787863220258093,-0.1777923936024825,0.1319744833311487,0.28611347920810837,,1.2826713855026872,,0.010840482859978143,10.204119630668998,,55454129072.07428,0.4456215858301606,141.32705688476562,171.88731384277344
PNC,2021,2021-12-31,Financial Services,Banks - Regional,0.42874474619396324,0.381846859685688,0.10187629051081784,0.29535162146686794,,0.5527246611006374,,0.01018322262922409,13.534435362327757,,67445415930.681885,0.40341910468805076,171.8873291015625,124.38956451416016
PNC,2020,2020-12-31,Financial Services,Banks - Regional,,-0.027761874278640238,,,,,,,,,48808175617.60014,,124.38957977294922,127.94147491455078
PNR,2024,2024-12-31,Industrials,Specialty Industrial Machinery,0.4130639547605445,0.40001501850999244,0.17553116843021135,0.1531791907514451,0.39159400411482315,0.49597238204833144,1.604401742822031,0.09701388350267587,26.698780569800714,,16340204536.59973,0.2435241445474896,99.85343933105467,71.3231201171875
PNR,2023,2023-12-31,Industrials,Specialty Industrial Machinery,0.6216092320600327,0.6011867122644201,0.19355941686612166,0.1517115361188939,0.37013034474357415,0.6507724348015294,1.6522746419545071,0.09487605320494263,18.551265462239584,,11384114837.32483,0.23317809539103904,69.56724548339844,43.447303771972656
PNR,2022,2022-12-31,Industrials,Specialty Industrial Machinery,-0.3584933436468464,-0.3707013221743997,0.17757837598316162,0.11667232762385366,0.3310689504585375,0.8858609357113844,1.4659956730316996,0.07458704924389298,15.055106590534079,,7144573243.618622,0.28820960698689957,43.65980911254883,69.3785171508789
PNR,2021,2021-12-31,Industrials,Specialty Industrial Machinery,0.4087388712208573,0.3924269713589228,0.22833312688385152,0.14688695282617933,0.35040373990650237,0.4055906519674636,1.2398973091185699,0.11633288455065635,21.02379538796165,,11353232226.670532,0.24050632911392406,69.37852478027344,49.82561111450195
PNR,2020,2020-12-31,Industrials,Specialty Industrial Machinery,,0.17888235533031577,,,,,,,,,8153557299.170227,,49.82561492919922,42.26512908935547
PNW,2020,2020-12-31,Utilities,Utilities - Regulated Electric,,-0.07680776426821424,,,,,,,,,7728475800.514252,,64.71283721923828,70.09681701660156
PNW,2021,2021-12-31,Utilities,Utilities - Regulated Electric,-0.02994291229015005,-0.0777502634389219,0.10475771223460092,0.162656897578365,0.44618575726865123,1.3857605567031255,0.8828774370769819,0.028119518132389883,10.910677168879257,,7127585611.357758,0.5971651150762866,59.68140411376953,64.71284484863281
PNW,2022,2022-12-31,Utilities,Utilities - Regulated Electric,0.16225425408255373,0.10909726367106629,0.07995209507184003,0.11183139336576184,0.39496252068213167,1.4676254044912853,0.993424476247928,0.02128210978944397,15.53814131329317,,7905185698.138153,0.783456230536681,66.1924819946289,59.68140411376953
PNW,2023,2023-12-31,Utilities,Utilities - Regulated Electric,0.05504206843982844,0.007058451685929896,0.08118877944802437,0.10680535801708309,0.39280505435380947,1.6678139180117275,0.6669212801369998,0.020337937970702342,15.401161176547442,,8111393410.682526,0.7705724374298435,67.91912078857422,67.44307708740234
PNW,2024,2024-12-31,Utilities,Utilities - Regulated Electric,0.2841372002453374,0.23455392990213378,0.09013591467730757,0.11879338486589534,0.41702018472501495,1.6357467105082961,0.5940663134534567,0.02332343399701794,15.702420882596314,,9826555494.715393,0.6482574087640398,82.28068542480469,66.64810943603516
PODD,2024,2024-12-31,Healthcare,Medical Devices,,0.2031985089171233,0.3452459557609772,0.20192122031280169,0.6978663834717127,1.148976559920766,3.5792959878879635,0.13547300579719532,45.167821336370025,,18377379628.020325,,261.07000732421875,216.97999572753903
PODD,2023,2023-12-31,Healthcare,Medical Devices,,-0.2896837861159383,0.28156134843728675,0.12156030876200577,0.6834600200341759,1.932305172649106,3.508200354609929,0.07970790510779692,71.12585054773864,,14719783036.814196,,209.1100006103516,294.3900146484375
PODD,2022,2022-12-31,Healthcare,Medical Devices,,0.07633328447217679,0.009655751469353484,0.003524094077989734,0.6171761280931587,2.9424853064651555,3.6029613380860983,0.0020434454266802897,4091.142926897321,,20159014517.01355,,286.3800048828125,266.07000732421875
PODD,2021,2021-12-31,Healthcare,Medical Devices,,0.040840285733250374,0.030199532626280785,0.015289406625409537,0.6844739716053877,2.2899514650368507,5.812062937062937,0.008199921905505662,1108.6250305175781,,18729342303.020325,,266.07000732421875,255.6300048828125
PODD,2020,2020-12-31,Healthcare,Medical Devices,,0.4931659429882788,,,,,,,,,17994444065.76355,,255.6300048828125,171.1999969482422
POM,2024,2024-12-31,Healthcare,Pharmaceutical Retailers,,,0.0633381362675855,-0.4185012741786849,0.13922916451617875,-0.1948836136569712,0.20931264849000844,-3.101198621965681,,,,,,
POM,2023,2023-12-31,Healthcare,Pharmaceutical Retailers,,,0.06857877728379355,-0.47692115816709557,0.1270178501885094,-0.19494500437817022,0.34545517262979436,-2.192675618565424,,,,,,
POM,2022,2022-12-31,Healthcare,Pharmaceutical Retailers,,,0.06356026586061855,-0.5118338996106612,0.22372575530291336,-0.18293806525295506,0.33243308202336963,-2.581575201060552,,,,,,
POM,2021,2021-12-31,Healthcare,Pharmaceutical Retailers,,,0.10188575606699793,-0.874725787123104,0.24378413282616632,-0.18454751646596007,0.16850993148947432,-9.756098981858042,,,,,,
POM,2020,2020-12-31,Healthcare,Pharmaceutical Retailers,,,,,,,,,,,,,,
POOL,2020,2020-12-31,Industrials,Industrial Distribution,,0.7695459361385333,,,,,,,,,13177569668.735596,,353.1155700683594,199.551513671875
POOL,2021,2021-12-31,Industrials,Industrial Distribution,0.5388402322494682,0.5297656446479052,0.6072692280050365,0.12286161450748397,0.3053661314786056,1.332637976914167,2.3764736383957357,0.20142340976263812,33.82492304296141,,20158591617.004395,0.18379432667715917,540.1840209960938,353.11553955078125
POOL,2022,2022-12-31,Industrials,Industrial Distribution,-0.4555378654043552,-0.4630098159682499,0.6059469200789511,0.12111570624398132,0.3128636588638948,1.3445863564751772,2.9879372042017778,0.20992153276021985,15.511952772497494,,10824965822.236084,0.2012446857689502,290.0735168457031,540.1840209960938
POOL,2023,2023-12-31,Industrials,Industrial Distribution,0.3151480790220212,0.2997549443220393,0.3985635141115809,0.09441848420896871,0.2995606860479699,1.039379579474812,2.355267357408085,0.15263086963269107,28.382351193088716,,14139956998.581299,0.3200529787148648,378.9043884277344,291.5198669433594
POOL,2024,2024-12-31,Industrials,Industrial Distribution,-0.12153583988374218,-0.13390330010226031,0.3410576655031744,0.08177910819395313,0.29662228229095605,0.9987891304433181,2.0482618759372935,0.12894930918263373,29.83149975801991,,12579749256.826172,0.413591204742992,337.095947265625,389.21282958984375
PPG,2024,2024-12-31,Basic Materials,Specialty Chemicals,-0.16542512981967522,-0.18459236104986773,0.16448047162859247,0.07043231303250237,0.41609340485957713,0.9425202652910832,1.3077383326685281,0.05742808624504708,24.68201486687911,,26460971088.409424,0.557347670250896,117.23957061767578,143.7803192138672
PPG,2023,2023-12-31,Basic Materials,Specialty Chemicals,0.2158660316065297,0.19353301738610082,0.16215526046986722,0.07819234084472355,0.4041374214998153,0.8425689479060265,1.4703205381875741,0.05866863768651545,26.46689156505549,,31958639230.34668,0.47086614173228347,141.59786987304688,118.63758087158205
PPG,2022,2022-12-31,Basic Materials,Specialty Chemicals,-0.23475867586835966,-0.2505736042297077,0.15564320388349515,0.06571026002305623,0.3611502497758422,1.1582220873786409,1.5193814869730988,0.04946008484381026,27.70264943440755,,27010748062.13379,0.5555555555555556,119.67544555664062,159.68939208984375
PPG,2021,2021-12-31,Basic Materials,Specialty Chemicals,0.2308098654932671,0.21277399783134482,0.22892141266306076,0.08564456612308058,0.3878109748839424,1.1877187400572702,1.4213176668065464,0.06739731160133015,26.570614324433237,,36041895794.677734,0.3724808895066018,159.68939208984375,131.67283630371094
PPG,2020,2020-12-31,Basic Materials,Specialty Chemicals,,0.1007655525402199,,,,,,,,,29718552265.930176,,131.6728057861328,119.61930084228516
PPL,2024,2024-12-31,Utilities,Utilities - Regulated Electric,0.27943975605069993,0.23992539047895198,0.06308162250479506,0.10493973056015127,0.40096903805246986,1.1938623286211552,0.8640864086408641,0.02162214809223502,26.413914362589523,,23440190758.117897,0.8412162162162162,31.696697235107425,25.563390731811523
PPL,2023,2023-12-31,Utilities,Utilities - Regulated Electric,0.012703041289887829,-0.023133095698556722,0.05311131845259456,0.08902791145332051,0.39412897016361886,1.1199310988301157,0.8778443113772455,0.01886023040065246,25.95014190673828,,19190525498.046043,0.9513513513513514,25.95014190673828,26.56466484069824
PPL,2022,2022-12-31,Utilities,Utilities - Regulated Electric,0.043022497471952574,0.0028208384958640672,0.0543298598634567,0.09567198177676538,0.3653505441660339,1.022493711821775,0.745315386645553,0.019980442424082246,26.025962829589844,,19631528150.757763,1.041005291005291,26.54648208618164,26.47180938720703
PPL,2021,2021-12-31,Utilities,Utilities - Regulated Electric,0.20254535706881702,0.12879648150759812,-0.10784813816220942,-0.25592253155801487,0.46913366764655023,0.8168039058514902,2.1554024967714165,-0.04454745206633958,,,19576307962.14348,,26.471811294555664,23.451358795166016
PPL,2020,2020-12-31,Utilities,Utilities - Regulated Electric,,-0.16870366485236815,,,,,,,,,17342637298.087383,,23.451358795166016,28.210588455200195
PRGO,2024,2024-12-31,Healthcare,Drug Manufacturers - Specialty & Generic,-0.13215980404526873,-0.16918703191749038,-0.03977404269111451,-0.03928293776009512,0.35274614716239083,0.8376394869657823,2.3768435165677073,-0.017807353047876697,,,3421778645.4284935,,24.870683670043945,29.93535804748535
PRGO,2023,2023-12-31,Healthcare,Drug Manufacturers - Specialty & Generic,0.040745229463810345,0.005295927932030256,-0.0026636464690954088,-0.002727897585703239,0.36094166165478136,0.8543383879695463,1.7858538737943643,-0.001174935933611494,,,4245296632.333053,,30.856300354003903,30.693748474121094
PRGO,2022,2022-12-31,Healthcare,Drug Manufacturers - Specialty & Generic,-0.037749517595196395,-0.06817185934088212,-0.0290369880836827,-0.03158414951927397,0.32693862880761976,0.8481030957642345,2.4424389367816093,-0.01276174743358173,,,4361673678.479267,,31.70216941833496,34.02147674560547
PRGO,2021,2021-12-31,Healthcare,Drug Manufacturers - Specialty & Generic,-0.08480747013269924,-0.10946439121894805,-0.01337422598365588,-0.016647739628385724,0.34218474400173965,0.7170060368422074,2.4308205806410985,-0.006608668962275914,,,4680771556.769531,,34.021484375,38.20339584350586
PRGO,2020,2020-12-31,Healthcare,Drug Manufacturers - Specialty & Generic,,-0.11973249156389121,,,,,,,,,5256131229.342224,,38.203399658203125,43.39976119995117
PRU,2020,2020-12-31,Financial Services,Insurance - Life,,-0.11395180146731673,,,,,,,,,21870375880.591377,,62.141822814941406,70.13368225097656
PRU,2021,2021-12-31,Financial Services,Insurance - Life,0.5361007083853263,0.45315745068294205,0.1433188958562286,0.12463984033507147,,0.31705346176223415,,0.00945837270766717,4.628490094097377,,31781095758.22802,0.2045557059088859,90.30184173583984,62.14181518554688
PRU,2022,2022-12-31,Financial Services,Insurance - Life,0.01874709628890878,-0.038425260741724455,-0.05383584480109829,-0.028901835538553328,,0.6882947079397248,,-0.0023903202913084934,,,30559896285.12496,,86.83196258544922,90.30183410644533
PRU,2023,2023-12-31,Financial Services,Insurance - Life,0.17041161126423401,0.10999351170533879,0.08943206326383897,0.04584907398875887,,0.7503235082674335,,0.003449748478949324,14.297263487863965,,33914473271.550934,0.7419614147909968,96.36355590820312,86.81452178955078
PRU,2024,2024-12-31,Financial Services,Insurance - Life,0.25080390739448116,0.19458362730573753,0.09784012629161883,0.038585072515033604,,0.7738949483352469,,0.0037072433308364613,15.222344970703125,,40180476434.293625,0.6934360102676934,114.16758728027344,95.57102966308594
PSA,2024,2024-12-31,Real Estate,REIT - Industrial,0.0670327172633855,0.02092494819625589,0.2133321376363872,0.4412650012266761,0.7320903157328027,0.9629788338989557,0.7605907712393413,0.10488574651780665,27.303021653254227,,50969780541.85547,1.1109665923588243,290.504150390625,284.5499572753906
PSA,2023,2023-12-31,Real Estate,REIT - Industrial,0.2139288380920878,0.1614718452795565,0.21454996605473306,0.4755366127379258,0.7458997850671472,0.9091296489486155,0.6177067177746651,0.10845088467913117,26.30397251674107,,51043082223.04199,1.0730777949539339,290.92193603515625,250.4769592285156
PSA,2022,2022-12-31,Real Estate,REIT - Industrial,-0.14811581528477422,-0.2190898400032282,0.4317456009399804,1.039927664225426,0.748238650669522,0.682076025557205,1.506281573016243,0.2477820721800274,10.429971897855715,,43004254439.91064,0.898681281639825,245.10433959960932,313.8700866699219
PSA,2021,2021-12-31,Real Estate,REIT - Industrial,0.7143275375756066,0.6662520570160496,0.2092368468214368,0.5718277639597357,0.7304902126104857,0.8007645703986116,1.5237766313828718,0.11237980202185065,31.800414049637478,,55069400608.24463,0.8134531806520678,313.8700866699219,188.3689117431641
PSA,2020,2020-12-31,Real Estate,REIT - Industrial,,0.12691437039590325,,,,,,,,,33049870071.592773,,188.36895751953125,167.15463256835938
PSKY,2024,2024-12-31,Communication Services,Entertainment,-0.26862306717083767,-0.27961272683775223,-0.3792892156862745,-0.21189196590558998,0.2963749015849108,0.9527573529411765,1.3022531408991798,-0.13406393485229143,,,11012630559.944923,,10.343864440917969,14.358755111694336
PSKY,2023,2023-12-31,Communication Services,Entertainment,-0.10172312050854382,-0.12791384998467523,-0.026991032584568943,-0.020504519088088494,0.24497504384189936,0.7039865044837077,1.3155550952775477,-0.011355359243972135,,,14883988222.325386,,13.980125427246094,16.030670166015625
PSKY,2022,2022-12-31,Communication Services,Entertainment,-0.3879856610903587,-0.4114798016867703,0.04792498697690571,0.03661205810174438,0.3418783577634808,0.749869769057128,1.2272361719238674,0.018906375764218313,10.06901308616496,,17259214695.41855,0.6240942028985508,16.211111068725586,27.54554748535156
PSKY,2021,2021-12-31,Communication Services,Entertainment,-0.15341351729820746,-0.1716877317006528,0.2027943933577359,0.15892394878611907,0.3792765689498356,0.8618426926167306,1.759257305622956,0.07749914704878881,3.9690990612898496,,29326461088.14201,0.14241690512876953,27.54554748535156,33.255027770996094
PSKY,2020,2020-12-31,Communication Services,Entertainment,,-0.07580529844629061,,,,,,,,,35405082810.62117,,33.25503158569336,35.98271179199219
PSX,2020,2020-12-31,Energy,Oil & Gas Refining & Marketing,,-0.33851707572681866,,,,,,,,,23446559316.33402,,58.018192291259766,87.70928192138672
PSX,2021,2021-12-31,Energy,Oil & Gas Refining & Marketing,0.15269636168485914,0.08509583359934692,0.06861108212459564,0.01179626107861782,0.0696921310416592,0.7538349159970782,1.1481134286383876,0.023653631686872685,21.197073066274726,,25441767171.986923,1.2053231939163498,62.95530700683594,58.0181999206543
PSX,2022,2022-12-31,Energy,Oil & Gas Refining & Marketing,0.522441680397026,0.4519670033113879,0.3737709364616532,0.06485087358079887,0.1084122595446791,0.5828304061843087,1.3796966454780037,0.1442139138170116,3.928191312454677,,36940599724.54781,0.16264513788098695,91.40901184082033,62.95529556274414
PSX,2023,2023-12-31,Energy,Oil & Gas Refining & Marketing,0.3916560138375411,0.34220231904075393,0.22937579701141156,0.04759191039287919,0.11761273821396347,0.6329987247817415,1.2576311806256306,0.09291267665328937,8.164939584658127,,51078585226.331856,0.26828225231646474,126.3932647705078,94.16856384277344
PSX,2024,2024-12-31,Energy,Oil & Gas Refining & Marketing,-0.07909496027812282,-0.11625839761691335,0.07724022183304145,0.014788373278939317,0.07563935090427724,0.7319760653823701,1.18711473453967,0.0291670111046816,22.192875130143097,,44753709957.52724,0.8889938592347661,110.74244689941406,125.3108901977539
PTC,2024,2024-09-30,Technology,Software - Application,,0.2751271386322658,0.11707728787785458,0.16373181835584685,0.8064731700016359,0.6005248883305676,0.7789769990636957,0.05895363420496019,57.90384732759914,,21641750343.333977,,180.66000366210932,141.67999267578125
PTC,2023,2023-09-30,Technology,Software - Application,,0.3464626997364212,0.09171214175528239,0.11708812319001952,0.7897020246984697,0.7055556178075592,0.7643474540520648,0.03904375400113407,68.36893026111196,,16871603992.666016,,140.83999633789062,104.5999984741211
PTC,2022,2022-09-30,Technology,Software - Application,,-0.1268052619192968,0.1363573013291615,0.16193730354664734,0.8003565836862188,0.6708101883508694,1.348874987693403,0.0667939191870403,39.47169753740419,,12530316655.61084,,104.5999984741211,119.79000091552734
PTC,2021,2021-09-30,Technology,Software - Application,,0.4481382875698792,0.2339614848013312,0.2639076030388029,0.7946489489856731,0.8085827199642084,1.3769213198816346,0.10580513625997214,29.72456598400182,,14349968121.833496,,119.79000091552734,82.72000122070312
PVH,2025,2025-01-31,Consumer Cyclical,Apparel Manufacturing,-0.27053324048726957,-0.27198747085908825,0.1164283629997082,0.06916756232014701,0.5943094222746131,0.659682910222741,1.2720110876066817,0.054245368524090926,8.472596515308727,,4305306691.388901,0.014369256474519632,89.47061920166016,122.89708709716795
PVH,2024,2024-01-31,Consumer Cyclical,Apparel Manufacturing,0.34236770616580237,0.34018468606881,0.12963722674793413,0.07199192857220348,0.5818371177191707,0.6903631639610073,1.1761500992242468,0.059393711569959456,11.145481832851708,,5770783359.440002,0.014165159734779989,119.92538452148438,89.48422241210938
PVH,2023,2023-01-31,Consumer Cyclical,Apparel Manufacturing,-0.04933762864646386,-0.05156227017084754,0.0399784547249985,0.02220695463309767,0.5676846701092617,0.7638198974604504,1.2937308039747064,0.017028797702301948,29.532749188615153,,4305961642.035019,0.05039920159680639,89.4842300415039,94.34908294677734
PVH,2022,2022-01-31,Consumer Cyclical,Apparel Manufacturing,0.11537417526107667,0.11471124962535802,0.18005974890334292,0.1040230701169891,0.581570122450763,0.7474285282105582,1.3107443946188342,0.07681821115126485,7.120685505417158,,4540057303.298843,0.0028352409954846163,94.34908294677734,84.63993072509766
PVH,2021,2021-01-31,Consumer Cyclical,Apparel Manufacturing,,-0.0530648822731546,,,,,,,,,3938621705.265518,,81.8503646850586,86.43714141845703
PWR,2024,2024-12-31,Industrials,Engineering & Construction,0.46770209949792946,0.46601295443780644,0.1236481636179302,0.03822210262877704,0.1483036118041828,0.6120690962813473,1.3023166741118415,0.04842802041159086,52.35006101491241,,47036835352.03641,0.05989673129802039,315.6708679199219,215.32611083984372
PWR,2023,2023-12-31,Industrials,Engineering & Construction,0.47339220809304444,0.4711343943296947,0.11872774021278838,0.03566141431609285,0.14065017843421332,0.7116590386115584,1.472611965665065,0.045863070814132344,41.762088012695315,,31113996529.903305,0.06412341259237077,208.81044006347656,141.93838500976562
PWR,2022,2022-12-31,Industrials,Engineering & Construction,0.23221914895910756,0.22979963954264,0.09124032407386769,0.02876840755157154,0.14812986813852697,0.7384633759973133,1.6252949773265997,0.03648074168078235,42.18549613493035,,20869153579.927063,0.08358900545411237,140.05584716796875,113.88509368896484
PWR,2021,2021-12-31,Industrials,Engineering & Construction,0.5982082467033853,0.5950104347303903,0.09505621832517296,0.03743821461173249,0.1504797340382627,0.7828799595328991,1.4953038900965574,0.03780232247071591,34.09733115555998,,16969554641.94243,0.07001045362131551,113.88508605957033,71.40084075927734
PWR,2020,2020-12-31,Industrials,Engineering & Construction,,0.7774235291626304,,,,,,,,,10639151881.97921,,71.4008560180664,40.17098617553711
PYPL,2020,2020-12-31,Financial Services,Credit Services,,1.1651104826909295,,,,,,,,,223749619535.4165,,234.1999969482422,108.16999816894533
PYPL,2021,2021-12-31,Financial Services,Credit Services,,-0.19479075880291086,0.19188106963685736,0.1643214693941902,0.5516534626147964,0.37046071708013073,1.2218271398359246,0.054997823305146236,53.573864156549625,,180165261364.25012,,188.5800018310547,234.1999969482422
PYPL,2022,2022-12-31,Financial Services,Credit Services,,-0.6045179705859293,0.11931537930354148,0.08790609782687696,0.5005087579039175,0.5138107921475782,1.2758620689655173,0.030766687016687017,35.68421140241851,,71252123194.2501,,74.58000183105469,188.5800018310547
PYPL,2023,2023-12-31,Financial Services,Credit Services,,-0.13704018490515427,0.2017006317989644,0.14262201471230393,0.4603137281246851,0.45964562253574653,1.2909874963892214,0.051675875666334005,16.005208094914757,,58717555896.62495,,61.459999084472656,71.22000122070312
PYPL,2024,2024-12-31,Financial Services,Credit Services,,0.38983876707692006,0.20311505118283782,0.13042110890964556,0.4609868855552411,0.4838614879757065,1.2628576153464528,0.05081422847410275,21.39097706118323,,81541545408.95825,,85.3499984741211,61.40999984741211
QCOM,2024,2024-09-30,Technology,Semiconductors,0.5952188498650737,0.5631022666760939,0.38600898226383495,0.26030491247882553,0.5621374672758072,0.5569764786480932,2.402037319116527,0.1838851216593538,18.54032348496725,,179444931091.3086,0.3635377637546835,166.30670166015625,106.39527893066406
QCOM,2023,2023-09-30,Technology,Semiconductors,0.04012627804904087,0.009688414072167941,0.3351095871368333,0.20189838079285316,0.5569793411501954,0.7134979843380752,2.333194848358953,0.14169278996865203,16.57844495921863,,114841872352.6001,0.47870575221238937,106.4336166381836,105.41233825683594
QCOM,2022,2022-09-30,Technology,Semiconductors,-0.08223681582858132,-0.10744252200271681,0.718148004219175,0.29266968325791853,0.5783936651583711,0.8594903680675068,1.7465026125063206,0.2639245929734362,9.271093282976377,,113739904747.00928,0.24829931972789115,105.4123306274414,118.10144805908205
QCOM,2021,2021-09-30,Technology,Semiconductors,0.1431824418666141,0.1168200763646762,0.9088442211055276,0.2694095215396532,0.5751057617827564,1.5824120603015075,1.6797757509831812,0.21927740058195927,15.006537237494541,,127431462455.74953,0.3326329757823731,118.10144805908205,105.74796295166016
QRVO,2021,2021-03-31,Technology,Semiconductors,,1.26590602966314,,,,,,,,,16927933750.041626,,182.6999969482422,80.62999725341797
QRVO,2022,2022-03-31,Technology,Semiconductors,,-0.320744386715683,0.22695003841239317,0.22243147124424792,0.49210261329044364,0.4495936719919846,3.628746887622625,0.13761394217554446,13.401727696989319,,11498394021.020813,,124.0999984741211,182.6999969482422
QRVO,2023,2023-03-31,Technology,Semiconductors,,-0.18154713179948279,0.02643029583421518,0.028898982713896654,0.3633502446770451,0.524850402045304,3.6522654440831794,0.015414449372622407,101.56999969482422,,9410893566.204163,,101.56999969482422,124.0999984741211
QRVO,2024,2024-03-31,Technology,Semiconductors,,0.12385548753423632,-0.0197735220050096,-0.018655494911004253,0.39487800258177064,0.5590000146216425,1.9885048781102475,-0.010728591294557211,,,10576484376.979187,,114.1500015258789,101.56999969482422
QRVO,2025,2025-03-31,Technology,Semiconductors,,-0.3694156360927029,0.01639442362612873,0.01495440539869765,0.41290695732771243,0.45668411396121583,2.767268655306174,0.009373634258201952,124.84483390018859,,6709095595.550049,,72.41000366210938,114.83000183105467
R,2024,2024-12-31,Industrials,Rental & Leasing Services,0.42501877901507645,0.395135646804611,0.15688161693936478,0.03847969782813975,0.20026754800125904,2.8504972730189286,0.7529807398349129,0.029330614203454893,13.970388512499293,,6302663020.466858,0.27607361963190186,154.5124969482422,110.7508773803711
R,2023,2023-12-31,Industrials,Rental & Leasing Services,0.42789906127142074,0.38777627657654584,0.1322906484196807,0.033892645462893396,0.20828115869438182,2.654936461388074,0.6207180049328583,0.025732031943212066,12.4326480896066,,4427293986.51355,0.31527093596059114,108.53701782226562,78.20930480957031
R,2022,2022-12-31,Industrials,Rental & Leasing Services,0.0717050029895745,0.031459809664465425,0.29519918283963226,0.06957708049113233,0.22791108257764225,2.411985018726592,0.6634499396863691,0.06022924626606461,4.53537640996942,,3152415135.985321,0.14186851211072665,77.2828140258789,74.92566680908203
R,2021,2021-12-31,Industrials,Rental & Leasing Services,0.43082495491412165,0.3759017364056188,0.18548963545389563,0.05231854838709677,0.20756048387096773,2.47891350964975,0.7688222430490472,0.03751355258402602,7.765281769232396,,3056266846.6979675,0.2350674373795761,74.92569732666016,54.45570373535156
R,2020,2020-12-31,Industrials,Rental & Leasing Services,,0.2014717555262793,,,,,,,,,2221282633.5886383,,54.4556999206543,45.324161529541016
RCL,2024,2024-12-31,Consumer Cyclical,Travel Services,0.7929163817294084,0.7898313494345619,0.38040460134867116,0.17452229299363056,0.4751592356687898,2.7528758429194764,0.1736783131302842,0.0776099271648233,20.776361638849426,,62077779448.01878,0.037191518943343764,228.5399780273437,127.68799591064452
RCL,2023,2023-12-31,Consumer Cyclical,Travel Services,1.430507796740431,1.430507796740431,0.359229466553768,0.1220863309352518,0.44064748201438847,4.68458933107536,0.1906180193596426,0.0483049158862543,18.774660718044277,,32179215267.839966,0.0,118.46810913085938,48.74212265014648
RCL,2022,2022-12-31,Consumer Cyclical,Travel Services,-0.36657994244790476,-0.36657994244790476,-0.7514813523875915,-0.24389140271493212,0.2515837104072398,8.363192750087139,0.37384812784322874,-0.06383230696352439,,,13046858509.8613,,48.03214263916016,75.82984161376953
RCL,2021,2021-12-31,Consumer Cyclical,Travel Services,0.02958896287907887,0.02958896287907887,-1.0343018541138864,-3.433420365535248,-0.7878590078328982,4.265804564928594,0.4941569651053992,-0.16305853165792242,,,20597484508.073425,,75.82984924316406,73.65060424804688
RCL,2020,2020-12-31,Consumer Cyclical,Travel Services,,-0.43501318249432175,,,,,,,,,20005541289.483032,,73.65060424804688,130.35809326171875
REG,2024,2024-12-31,Real Estate,REIT - Retail,0.19338332988839171,0.14896117357588842,0.05954481059750934,0.27538819619452176,0.7021453961196887,0.7462909044509146,0.7296491159015268,0.03231030181583044,34.03004650821053,,13036144887.384872,1.258816448045396,71.80339813232422,62.49419021606445
REG,2023,2023-12-31,Real Estate,REIT - Retail,0.175705962954448,0.1307052715219779,0.05183751246145321,0.27566455394694456,0.7014902462520776,0.6822874386418732,0.6366849976107103,0.029336086926817627,30.968183629653034,,11469647787.709076,1.2521443834571824,63.17509460449219,55.872291564941406
REG,2022,2022-12-31,Real Estate,REIT - Retail,-0.09490426551797958,-0.1313849799823396,0.07919734098082905,0.3944904585048308,0.7173719099820102,0.7043940570626301,0.8120778291553589,0.0444618064827416,19.98836340853328,,10197359667.298105,0.8869476975966367,56.16730117797852,64.66305541992188
REG,2021,2021-12-31,Real Estate,REIT - Retail,0.7729273965724689,0.7140747507487624,0.05986231424240783,0.309915183237992,0.7198654388201972,0.7119005938180708,0.8492604050628197,0.03348704103001298,30.55658722766742,,11739792004.852478,1.1153091632518102,64.66305541992188,37.72475814819336
REG,2020,2020-12-31,Real Estate,REIT - Retail,,-0.23861754823486453,,,,,,,,,6849054169.082077,,37.724754333496094,49.54770660400391
REGN,2020,2020-12-31,Healthcare,Biotechnology,,0.28664632200789325,,,,,,,,,50110887550.35425,,481.0477600097656,373.8772277832031
REGN,2021,2021-12-31,Healthcare,Biotechnology,,0.3071973990691603,0.43025126806188996,0.5024546252107742,0.848335894771555,0.14383977665061165,3.5638652256834074,0.3174902102631041,8.737312068328812,,65504817715.256836,,628.8243408203125,481.0477294921875
REGN,2022,2022-12-31,Healthcare,Biotechnology,,0.1408505592295269,0.19142252029650547,0.35639822885261524,0.8718136187761338,0.11919343452170844,5.056537102473499,0.14850160023276113,18.770134255625326,,74731200669.09375,,717.39453125,628.8242797851562
REGN,2023,2023-12-31,Healthcare,Biotechnology,,0.2543486934039463,0.15221902660829859,0.3014057878205715,0.8615710669960053,0.10406535993008151,5.690015773792137,0.11951560147762105,25.91707911476308,,93871691444.75682,,901.1368408203124,718.41015625
REGN,2024,2024-12-31,Healthcare,Biotechnology,,-0.18895803169045589,0.1503256840728224,0.3107027179270525,0.8612519363469934,0.09213179984737818,4.731105646122252,0.11686096707045134,18.499983507453866,,73886883380.43896,,709.2893676757812,874.5408935546875
RF,2024,2024-12-31,Financial Services,Banks - Regional,0.332145145364847,0.2700340578265206,0.10587840483248503,0.2672596357475646,,0.36316348789082165,,0.012034176297822025,11.802128806633037,,20325096589.24543,0.5250924458531432,22.77810859680176,17.93503761291504
RF,2023,2023-12-31,Financial Services,Banks - Regional,0.0010960302521625706,-0.05105765406956426,0.1189970738424465,0.27375923970432947,,0.1336852372482644,,0.013627344047728557,8.552649800811338,,16102677827.471827,0.4267116682738669,18.04609107971192,19.01705741882324
RF,2022,2022-12-31,Financial Services,Banks - Regional,0.06494882898885365,0.018998675962128883,0.14077882987395748,0.31332868108862527,,0.14322443092744716,,0.01446334235278959,8.305998015822027,,16898246032.641953,0.3394209354120267,18.93767547607422,18.584592819213867
RF,2021,2021-12-31,Financial Services,Banks - Regional,0.4541270751520885,0.3939418910061694,0.13756411655571318,0.39170292106898696,,0.1313434464694969,,0.015472142778234665,7.4636934272735465,,16583190832.159184,0.28401428004760015,18.584596633911133,13.332404136657717
RF,2020,2020-12-31,Financial Services,Banks - Regional,,-0.016141358265750718,,,,,,,,,11896616441.015396,,13.332405090332031,13.551138877868652
RHI,2024,2024-12-31,Industrials,Staffing & Employment Services,-0.14759757141480725,-0.1739878216759076,0.18258160541014787,0.043410123507614175,0.3877317460791254,0.16946189522083768,1.6561852755497033,0.08814376376162458,27.790504205422323,,6898779526.945038,0.8760363754878815,67.80883026123047,82.09180450439453
RHI,2023,2023-12-31,Industrials,Staffing & Employment Services,0.22633530230644214,0.19622340898895588,0.25885084594022356,0.06431676286508116,0.40281535426499454,0.15229568275526,1.859864417044298,0.13655756016114048,20.722108034743478,,8179969274.860535,0.5008196601693802,80.40177917480469,67.2130126953125
RHI,2022,2022-12-31,Industrials,Staffing & Employment Services,-0.30830732878716766,-0.3269973549271991,0.41944193329159646,0.09089611671061441,0.42746453440675797,0.1516367262160532,1.878891828824488,0.22193343336184865,11.110203934348439,,6815933681.46225,0.2877041094724427,66.9945297241211,99.54571533203124
RHI,2021,2021-12-31,Industrials,Staffing & Employment Services,0.8440088135939503,0.8134589908505336,0.4334568383064782,0.0926458543941571,0.41724852834753345,0.1919393273673456,1.6696784288787663,0.20276192698787648,18.571963239071973,,10127648462.82669,0.2850059970666159,99.54572296142578,54.89273452758789
RHI,2020,2020-12-31,Industrials,Staffing & Employment Services,,0.013591971225703435,,,,,,,,,5584712866.470338,,54.89273071289063,54.15663528442383
RIG,2024,2024-12-31,Energy,Oil & Gas Drilling,,-0.4094488100284488,-0.049786075457020615,-0.1452894438138479,0.7902951191827469,0.7046868922598211,1.4744437763078773,-0.026431263228537505,,,4128720131.25,,3.75,6.349999904632568
RIG,2023,2023-12-31,Energy,Oil & Gas Drilling,,0.370614052286659,-0.09159865578492558,-0.336864406779661,0.7372881355932204,0.7539126260201632,1.521832498210451,-0.04710180705045917,,,6881200218.75,,6.25,4.559999942779541
RIG,2022,2022-12-31,Energy,Oil & Gas Drilling,,0.5652174589088601,-0.057547956630525435,-0.2411650485436893,0.7145631067961165,0.724399962932073,1.2888318356867778,-0.03038755137991779,,,4756285780.197809,,4.320000171661377,2.759999990463257
RIG,2021,2021-12-31,Energy,Oil & Gas Drilling,,0.19480522027296968,-0.05283355644801428,-0.23161189358372458,0.7097026604068858,0.6865684962070504,1.8756715272448197,-0.028625308253952902,,,3038738006.1001215,,2.759999990463257,2.309999942779541
RIG,2020,2020-12-31,Energy,Oil & Gas Drilling,,-0.6642441999483519,,,,,,,,,2543291537.8507304,,2.309999942779541,6.880000114440918
RJF,2024,2024-09-30,Financial Services,Asset Management,0.2527396750910815,0.23307231881162102,0.17716096975927353,0.16362053959965187,,0.26462777349438876,,0.024918064391748602,12.415932724156331,,24012718913.220764,0.18520309477756286,120.4345474243164,97.67030334472656
RJF,2023,2023-09-30,Financial Services,Asset Management,0.028163665323272694,0.009325203987071554,0.17025651067162717,0.15163934426229508,,0.3073232817701194,,0.022192445125063808,11.969209525037739,,19020154619.892395,0.20414031052328924,95.39459991455078,94.51324462890624
RJF,2022,2022-09-30,Financial Services,Asset Management,0.10163577544363929,0.08567707413578826,0.1595474730386974,0.13906552391484656,,0.351977162190738,,0.018640906227223877,13.540578366692223,,18844424977.592957,0.18356527501656728,94.51323699951172,87.05464935302734
RJF,2021,2021-09-30,Financial Services,Asset Management,0.9516071758504561,0.9273998961675664,0.17016373559733172,0.14569055036344755,,0.35112189205579136,,0.022668885621495855,13.130418135929252,,17357306680.829468,0.15538132573057734,87.05467224121094,45.16689682006836
RL,2025,2025-03-31,Consumer Cyclical,Apparel Manufacturing,0.22305188056836728,0.1947421303711567,0.287000193162063,0.1049442011583557,0.6855346800395536,1.0307514004249565,1.7762103388480106,0.10541625870900913,18.89232993639306,,8486922023.11673,0.2706959213891506,219.33995056152344,183.5876922607422
RL,2024,2024-03-31,Consumer Cyclical,Apparel Manufacturing,0.6626190013421611,0.617552941305156,0.26376362078112886,0.09746056639623608,0.6683053352233315,1.091825490756234,2.289940021810251,0.09788568139823706,18.590884301984097,,6984764191.045592,0.3010985610397648,180.5174865722656,111.59912109375
RL,2023,2023-03-31,Consumer Cyclical,Apparel Manufacturing,0.10901192819738789,0.06031897750212712,0.21505862991154084,0.08111925010863492,0.6465019554286424,1.185723102242337,2.225711416136592,0.0769865233080492,14.722836174876834,,4318104576.46257,0.3793763152860149,111.5990982055664,105.25049591064452
RL,2022,2022-03-31,Consumer Cyclical,Apparel Manufacturing,-0.02200763538844185,-0.05675016030346164,0.23663249211356466,0.09650237195465144,0.6669614858888799,1.3375,1.869619186948619,0.07768586482322938,13.042192801814686,,4072458069.773544,0.24995834027662056,105.25049591064452,111.58283996582033
RL,2021,2021-03-31,Consumer Cyclical,Apparel Manufacturing,,0.842884894754211,,,,,,,,,4317475791.4987335,,111.58284759521484,60.54792022705078
RMD,2025,2025-06-30,Healthcare,Medical Instruments & Supplies,0.37120267693601083,0.3599508089577799,0.23471114180144,0.27217916778315876,0.5936214313626009,0.1427334325425584,3.4398353481434962,0.17135502816050763,,,37574339505.82715,0.22194252539581344,257.4630126953125,189.31788635253903
RMD,2024,2024-06-30,Healthcare,Medical Instruments & Supplies,-0.12630652438537032,-0.13535337000120098,0.2098976098689917,0.21790528967533968,0.566730988451746,0.17967254812508854,2.5890364627658116,0.1485582753258908,26.717789049093433,,26982558003.875854,0.2765264934360219,184.88710021972656,213.8296661376953
RMD,2023,2023-06-30,Healthcare,Medical Instruments & Supplies,0.059164328275131184,0.050470253414964965,0.2173310123748669,0.21254025284910488,0.5578181162033657,0.382553294835254,3.121591282119565,0.13293762111750093,35.111601129541256,,31206454917.253418,0.28775474733609935,213.82965087890625,203.55612182617188
RMD,2022,2022-06-30,Healthcare,Medical Instruments & Supplies,-0.13660597434614324,-0.14367804249855567,0.23192345996475192,0.21783379963874955,0.5657459894520234,0.273019334071462,2.802090239504192,0.15295515785090347,38.406824075950766,,29707135288.80456,0.31476694075338996,203.55616760253903,237.70985412597656
RMD,2021,2021-06-30,Healthcare,Medical Instruments & Supplies,,0.2940905324497588,,,,,,,73.36723892777054,,34691549163.91882,,237.70985412597656,183.6887359619141
ROK,2024,2024-09-30,Industrials,Specialty Industrial Machinery,-0.02465331345490629,-0.043068573177633115,0.27227510505102476,0.11525616514605165,0.386413687955277,1.1677100305862849,1.0769444213213464,0.08480159542739114,31.872016796167348,,29671470994.309845,0.5994750656167979,263.9002990722656,275.77764892578125
ROK,2023,2023-09-30,Industrials,Specialty Industrial Machinery,0.3662802295863114,0.34263486161463724,0.3895440251572327,0.15316846986089644,0.41035548686244205,0.9363488319856245,1.4592458324666449,0.12273531493276717,22.922628873561717,,30798638862.891724,0.39094709528614674,273.9254150390625,204.02078247070312
ROK,2022,2022-09-30,Industrials,Specialty Industrial Machinery,-0.2387380911199991,-0.255593472327184,0.342016436747872,0.12012267408896449,0.3997216638317613,1.5347079542119166,1.010777672022843,0.08664615613410542,25.59858870177227,,22938950221.33618,0.5571765715511693,204.020751953125,274.0716857910156
ROK,2021,2021-09-30,Industrials,Specialty Industrial Machinery,0.3761984091576168,0.35435042616847406,0.5625627720120522,0.1921142138508589,0.4141109554977563,1.83486776029461,1.0237952008555578,0.12561673020856695,23.667681073071837,,30815091589.1373,0.36978353046195045,274.0717468261719,202.36398315429688
ROL,2024,2024-12-31,Consumer Cyclical,Personal Services,0.08994800650803948,0.07555182415580182,0.35050462462977033,0.13762737893025898,0.526900222739758,0.6106510405510926,0.6860648953286151,0.16540051317607046,47.85130023956299,,22263028119.98948,0.638941719073972,45.93724822998047,42.71039962768555
ROL,2023,2023-12-31,Consumer Cyclical,Personal Services,0.21629889856989862,0.200821502064796,0.37640136833260207,0.14152868695900597,0.5217253369203827,0.7064480034476581,0.7051270268723697,0.1675837809097424,47.54964849922094,,20509570994.26713,0.6077566288161819,42.31918716430664,35.24186325073242
ROL,2022,2022-12-31,Consumer Cyclical,Personal Services,0.09467858216766527,0.08128502618389159,0.290877424741378,0.13672967401791586,0.514656934079129,0.26541177101902863,0.7060151807267955,0.17370128952115618,47.00200398763021,,17084288515.178337,0.5741144170222925,35.251502990722656,32.60149002075195
ROL,2021,2021-12-31,Consumer Cyclical,Personal Services,-0.10260001245517206,-0.1142966878640411,0.32087792033419216,0.1470795693602277,0.5204318772429155,0.3624494585665986,0.717441495881196,0.17638285663405126,45.91759157852388,,15799986221.461697,0.5851836271086618,32.60149002075195,36.808589935302734
ROL,2020,2020-12-31,Consumer Cyclical,Personal Services,,0.7847430608302336,,,,,,,,,17838913287.915993,,36.80858612060547,20.624025344848636
ROP,2024,2024-12-31,Technology,Software - Application,-0.03559340925870582,-0.04114475753674711,0.0821143123661727,0.22009603364018637,0.693019093078759,0.4064745913629714,0.4025624967381661,0.049443588098816965,36.00440048589939,,55600096965.60156,0.20777125153295037,516.6631469726562,538.8333129882812
ROP,2023,2023-12-31,Technology,Software - Application,0.25074094966487587,0.2443887631923281,0.07934742731358342,0.22406034510667228,0.6972061251578232,0.3653466935705769,0.499932505399568,0.049141741368598564,40.98352117072343,,56849971366.40625,0.20965178442421614,528.277587890625,424.52777099609375
ROP,2022,2022-12-31,Technology,Software - Application,-0.10650406519121437,-0.11157710511586595,0.2833742782675928,0.8460292639338769,0.6986112662422279,0.4182680916335158,0.6680726015557477,0.16844200320227717,10.031875269673547,,45935637958.55859,0.05771558078641054,426.8562927246094,480.4652099609375
ROP,2021,2021-12-31,Technology,Software - Application,0.15213736515565035,0.14689363242142586,0.0996731178332382,0.23844594315031653,0.7049526252637677,0.6886404123212093,0.7755461592670895,0.04860440501140681,44.40529306803084,,51704705111.08594,0.20510150963040083,480.46527099609375,418.927490234375
ROP,2020,2020-12-31,Technology,Software - Application,,0.223892128846536,,,,,,,,,45082382634.617195,,418.9274291992188,342.2911376953125
ROST,2021,2021-01-31,Consumer Cyclical,Apparel Retail,,0.005046367817698335,,,,,,,,,34653202051.38214,,106.55105590820312,106.01605987548828
ROST,2022,2022-01-31,Consumer Cyclical,Apparel Retail,-0.10125445497846854,-0.11306288870412587,0.42427777983029763,0.09106400826718031,0.2752838777084922,1.384746246967402,1.7730253581970183,0.12628714593039897,19.21201232032854,,30428982512.625,0.2351826233651788,93.5625,105.48944091796876
ROST,2023,2023-01-31,Consumer Cyclical,Apparel Retail,0.23960223799109778,0.2254284142363839,0.3525735656742565,0.08087584669286395,0.25404591580293123,1.3306136315888022,1.8988591530936025,0.11270041888089283,26.176743529158642,,37288536746.64232,0.2852402811828515,114.65413665771484,93.56249237060548
ROST,2024,2024-01-31,Consumer Cyclical,Apparel Retail,0.21314195216363577,0.20094479964929343,0.38480692936584415,0.09199221806648997,0.2736102538648956,1.1799054302668308,1.7674387380560352,0.13108431551116148,24.764981715799237,,44781477272.29138,0.2426295798391055,137.69329833984375,114.65414428710938
ROST,2025,2025-01-31,Consumer Cyclical,Apparel Retail,0.07317151240851075,0.06247386191094116,0.37949827515635226,0.098949705618556,0.2777534276113092,1.0314445213865184,1.6171126114772647,0.14026725469784906,23.615011384215535,,48539002875.90695,0.23375615215738044,149.2468719482422,140.47109985351562
RRC,2024,2024-12-31,Energy,Oil & Gas E&P,0.20433130404434524,0.19346579302770753,0.06765638967276041,0.11348597169540389,0.2448981591871483,0.4625137521506192,0.5662648049165273,0.03624820096152865,32.77193821898294,,8508522110.349266,0.29084253210182476,35.721412658691406,29.930822372436523
RRC,2023,2023-12-31,Energy,Oil & Gas E&P,0.2584234034323001,0.24509129387276665,0.23134516037626365,0.34280558142902623,0.306207311232864,0.4785161587241814,1.492273866976741,0.12092669441558271,8.483137136080018,,7213569330.53829,0.08866637126897796,30.284799575805664,24.32335662841797
RRC,2022,2022-12-31,Energy,Oil & Gas E&P,0.3239975748248534,0.31458734844908925,0.4114629802580384,0.22198448732926795,0.6046244251405212,0.6477257001550066,0.5286621957253359,0.17860673554937678,4.831763472892582,,5397641240.6179905,0.032650819270388806,22.66097068786621,17.238086700439453
RRC,2021,2021-12-31,Energy,Oil & Gas E&P,1.6611943365004564,1.6611943365004564,0.19743266289903977,0.11500768481183453,0.44654859362217875,1.4147290334056843,0.6392081321341646,0.06182382212044819,10.706888518718458,,4105959517.604805,0.0,17.23809051513672,6.477576732635498
RRC,2020,2020-12-31,Energy,Oil & Gas E&P,,0.3814435673544632,,,,,,,,,1542901156.6507187,,6.477577209472656,4.688991546630859
RSG,2024,2024-12-31,Industrials,Waste Management,0.24390208407153732,0.2303050218115183,0.1791319596668128,0.12743263473053892,0.41679141716566864,1.1360806663743972,0.5828488372093024,0.06305166347756311,30.67784478374182,,62161923937.7765,0.33627019089574156,199.0992126464844,161.8291473388672
RSG,2023,2023-12-31,Industrials,Waste Management,0.31298425105135574,0.2966145461217258,0.16420034149117815,0.11566989642499165,0.4024056130972269,1.2397078353253652,0.5631504257332072,0.0551098376313276,29.590239864816613,,50534819288.54553,0.36857307914500287,161.85861206054688,124.83171081542967
RSG,2022,2022-12-31,Industrials,Waste Management,-0.049607323887666664,-0.0638847280877761,0.15362378690894074,0.11013248464214344,0.3927170453704389,1.2473053892215569,0.6951661898722977,0.05121691810456099,26.552598054475112,,38880762109.38217,0.39852150537634407,124.53168487548828,133.03028869628906
RSG,2021,2021-12-31,Industrials,Waste Management,0.4898344858837248,0.4702729229749591,0.14371470892871063,0.11424524125719344,0.4034794156706507,1.0949670895098509,0.7082298393773804,0.05170907633740733,32.92827795047571,,41534146378.0426,0.4282393056416615,133.03024291992188,90.47996520996094
RSG,2020,2020-12-31,Industrials,Waste Management,,0.09534438949276015,,,,,,,,,28249274149.581757,,90.4799575805664,82.60411834716797
RTX,2024,2024-12-31,Industrials,Aerospace & Defense,0.437232380227564,0.40761939072783826,0.07936032980916284,0.059129530084966186,0.19086427704426664,0.7130294567457943,0.9928930658847744,0.029313340824383985,32.12704510755942,,152916394341.52335,0.6738583996648513,114.05101013183594,81.02404022216797
RTX,2023,2023-12-31,Industrials,Aerospace & Defense,-0.10788999017137317,-0.13340063874885727,0.05342988059801331,0.046358096343586765,0.1754062681369704,0.7565303187397572,1.0354141271572463,0.019738183345791967,36.800018447397,,110029163804.55563,1.01377151799687,82.06404113769531,94.6966323852539
RTX,2022,2022-12-31,Industrials,Aerospace & Defense,0.228398606762652,0.1988314859659869,0.07155248375371737,0.07748158750037272,0.2037749351462564,0.4612292102654477,1.0851101907245488,0.03271351596333971,27.02669198172433,,126828206029.60326,0.6018857032903598,94.59342193603516,78.9046859741211
RTX,2021,2021-12-31,Industrials,Aerospace & Defense,0.26711841336302017,0.23266451055796017,0.05288224667433076,0.06001118220786482,0.1939957756103622,0.45357748946187115,1.1862111766199328,0.023939927139352186,30.82214891910553,,105793209504.97874,0.7652691511387164,78.90470123291016,64.0114974975586
RTX,2020,2020-12-31,Industrials,Aerospace & Defense,,-0.2195383954359162,,,,,,,,,85824830039.4079,,64.01150512695312,82.01749420166016
RVTY,2024,2024-12-31,Healthcare,Diagnostics & Research,0.02641310423512795,0.023682914163812945,0.03526665496263536,0.09814244947234618,0.5581286710179868,0.4337889210126578,3.59762364109631,0.021818477305346032,50.589443553577766,,12918503914.861908,0.1274257077870444,111.2967758178711,108.721923828125
RVTY,2023,2023-12-31,Healthcare,Diagnostics & Research,-0.20848349572452174,-0.21064841874308735,0.08803721296997144,0.2519818612208156,0.5597714074641229,0.5163761938507043,2.069057259647437,0.051095548618414095,19.790253510346286,,12748937100.089722,0.05044914542616153,109.83590698242188,139.14700317382812
RVTY,2022,2022-12-31,Healthcare,Diagnostics & Research,-0.2951767087494618,-0.2967057148702169,0.07709448187941935,0.1718627993895807,0.6008263729149694,0.6224486230027431,2.129229004139249,0.040282012801971426,30.58077216668941,,16257118186.911621,0.06209645823194461,140.0599365234375,199.14840698242188
RVTY,2021,2021-12-31,Healthcare,Diagnostics & Research,0.4056711816577391,0.4037053225629162,0.13207178860268762,0.2463961097317316,0.6358696674441351,0.7226590041372338,2.0109512384819204,0.0628748111569746,26.961733427941933,,23115671172.466732,0.034324083901195665,199.1484222412109,141.87338256835938
RVTY,2020,2020-12-31,Healthcare,Diagnostics & Research,,0.48199290389010935,,,,,,,,,16467613090.290527,,141.8734130859375,95.73150634765624
S,2021,2021-01-31,Technology,Software - Infrastructure,,,,,,,,,,,,,,
S,2022,2022-01-31,Technology,Software - Infrastructure,,,-0.1642252063862834,-1.3237418151455818,0.601184576096563,0.017615829531108778,6.4611386992083775,-0.13275072092042772,,,14367078655.75,,44.75,
S,2023,2023-01-31,Technology,Software - Infrastructure,,-0.6627932926796002,-0.22857298070567783,-0.8969607678259696,0.6584931983826765,0.016281715815428817,1.932756365695499,-0.16763726624265743,,,4844675287.318653,,15.09000015258789,44.75
S,2024,2024-01-31,Technology,Software - Infrastructure,,0.776010534530341,-0.21247419297973769,-0.5452641373958793,0.7113743129723064,0.014383551761150734,2.1986164283039047,-0.14589987882348937,,,8604194346.656734,,26.799999237060547,15.09000015258789
S,2025,2025-01-31,Technology,Software - Infrastructure,,-0.12877406466543306,-0.17279707556760623,-0.35113170314841485,0.74301153676194,,1.7434875226753026,-0.11985290604061705,,,7689196531.093266,,23.950000762939453,27.489999771118164
SAIC,2025,2025-01-31,Technology,Information Technology Services,-0.13639074533870024,-0.14932534577448328,0.22954977805960686,0.048402192806524934,0.11926728172215537,1.5174381737476221,0.826647564469914,0.06900495615707206,14.94813756796439,,4932552759.064132,0.20718232044198895,107.17814636230467,125.99193572998048
SAIC,2024,2024-01-31,Technology,Information Technology Services,0.2630845286684638,0.24595483447614144,0.2672268907563025,0.06407845244492208,0.11714132186996239,1.2582633053221288,0.9766839378238342,0.08976289047798269,14.060517903920765,,5746187341.028664,0.16561844863731656,124.8573989868164,100.21021270751952
SAIC,2023,2023-01-31,Technology,Information Technology Services,0.30849422532896753,0.28536154377832623,0.1770956316410862,0.03894080996884735,0.11526479750778816,1.4911452184179457,1.0630550621669628,0.054122316435143425,18.626430752552135,,4611873807.195672,0.27666666666666667,100.21019744873048,77.96265411376953
SAIC,2022,2022-01-31,Technology,Information Technology Services,-0.11031627205844019,-0.13114176756931267,0.17109326744904263,0.03746280768190425,0.1161752772518258,1.6738727609635577,0.9341715976331361,0.04820744865993735,16.34436873270031,,3587996643.34655,0.3104693140794224,77.96263885498047,89.72998809814453
SAIC,2021,2021-01-31,Technology,Information Technology Services,,0.10228429261262573,,,,,,,,,4083109905.859497,,88.7208251953125,80.48815155029297
SBAC,2024,2024-12-31,Real Estate,REIT - Specialty,-0.1656537557996142,-0.18175275884489428,-0.14668201453716267,0.2797158119355106,0.7829080389336752,-3.08344132551119,1.100550853867991,0.0656489394723953,28.931312670968794,,21559913647.85698,0.5659381270546044,200.78330993652344,245.3822021484375
SBAC,2023,2023-12-31,Real Estate,REIT - Specialty,-0.06395907460218853,-0.0768552032916967,-0.09704572643506465,0.1850623104428998,0.7740722765733977,-2.797098251323469,0.35522743660595674,0.04930145982081146,53.49890653068228,,26482881585.08046,0.7372482124779798,246.6299591064453,267.1628112792969
SBAC,2022,2022-12-31,Real Estate,REIT - Specialty,-0.26151415988387233,-0.26928822317549805,-0.08745289089070686,0.1752181735469843,0.7460939131649916,-2.875331552418686,0.6928213857202725,0.04359255670337035,63.631681469379444,,28834024180.226135,0.6648173391789419,268.52569580078125,367.485107421875
SBAC,2021,2021-12-31,Real Estate,REIT - Specialty,0.3984575703117902,0.38952815070080193,-0.04497554985384423,0.10291948230145606,0.7637404854571614,-2.7487097333461534,0.9969415784700104,0.024243143969224112,171.72199855340975,,39460184850.212494,1.0671480995185672,367.4850769042969,264.467529296875
SBAC,2020,2020-12-31,Real Estate,REIT - Specialty,,0.17810705104589086,,,,,,,,,28398265543.39444,,264.4675598144531,224.48516845703125
SBNY,2022,2022-12-31,Financial Services,Banks - Regional,,,0.16685787437347913,0.4958698191013032,,1.5146374668184015,,0.012114939908974196,,,,0.13289415720740227,,
SBNY,2021,2021-12-31,Financial Services,Banks - Regional,,,0.11713885308530526,0.458895601913845,,0.4418188719307585,,0.007754127983345444,,,,0.1831037595229307,,
SBNY,2020,2020-12-31,Financial Services,Banks - Regional,,,0.09067569100529972,0.33139669079368267,,0.6750040201417252,,0.007150776041211588,,,,0.22726593092953845,,
SBUX,2024,2024-09-30,Consumer Cyclical,Restaurants,0.1214582769841653,0.09525819453683497,-0.5048933399562352,0.10396061498996578,0.26838363343855903,-3.464014820980279,0.7549503858875414,0.12000587122239488,28.721065463616412,,108062348222.35109,0.687335478210003,95.06672668457033,86.7984619140625
SBUX,2023,2023-09-30,Consumer Cyclical,Restaurants,0.13176624335787354,0.10450140340393152,-0.5158978335918347,0.11464714973482026,0.27369105727215115,-3.076975033771952,0.7815051416219918,0.14007233702942726,24.208188190140536,,98512462106.32324,0.5895987392411202,86.66531372070312,78.4655532836914
SBUX,2022,2022-09-30,Consumer Cyclical,Restaurants,-0.1992993594851527,-0.21911482847976693,-0.37690947097604116,0.10175409220999494,0.25956657767524643,-2.7341097558174257,0.7669201687099806,0.11729048122837618,27.726346612397858,,89191803089.90479,0.6896940516821063,78.46556091308594,100.48284149169922
SBUX,2021,2021-09-30,Consumer Cyclical,Restaurants,0.32983832812753083,0.3056163923073179,-0.7891640983236864,0.14450148998988321,0.2887414575060391,-4.436048259791025,1.1968986922491842,0.1337671935424272,28.384979161839027,,114218828578.94897,0.5046079108422833,100.48282623291016,76.96198272705078
SCHW,2024,2024-12-31,Financial Services,Capital Markets,0.11031968154659763,0.09165998659403989,0.12283204134366925,0.30307048862593083,,0.9330025839793281,,0.012383217010563871,24.52245603835702,,133095770097.83936,0.3828677213059576,73.3221435546875,67.16573333740234
SCHW,2023,2023-12-31,Financial Services,Capital Markets,-0.1403406431596759,-0.15602743188418192,0.12371209531715416,0.26899187768752986,,1.4424776600419942,,0.010274180924534347,26.55851108821358,,122452185642.73682,0.44918097493585946,67.4586181640625,79.92987060546875
SCHW,2022,2022-12-31,Financial Services,Capital Markets,-0.0002390459331843629,-0.014797331341487174,0.19621394230769232,0.3459685964743281,,1.0346918706293706,,0.013018058183452585,22.475049700055802,,142790003944.00177,0.2937491298900181,78.66267395019531,79.84415435791016
SCHW,2021,2021-12-31,Financial Services,Capital Markets,0.6224496519167108,0.6023067585956858,0.10406853770818152,0.31614470842332615,,0.42247738220081404,,0.008774559024083205,28.213479409369477,,144934636133.63342,0.3111870196413322,79.84414672851562,49.83074951171875
SCHW,2020,2020-12-31,Financial Services,Capital Markets,,0.13567425076317555,,,,,,,,,90453745171.64955,,49.830753326416016,43.87768173217773
SE,2024,2024-12-31,Consumer Cyclical,Internet Retail,,1.6197530487437306,0.053070141125504414,0.026416441129792592,0.42836774086071794,0.49259053776515155,1.4923372135927349,0.019638090154064872,143.37837631637987,,57982815326.21917,,106.0999984741211,40.5
SE,2023,2023-12-31,Consumer Cyclical,Internet Retail,,-0.2610032353443185,0.022858642094200184,0.011537896254925916,0.44655874815134616,0.6767505380029513,1.4413048153977364,0.007982002233515957,153.8000030517578,,21012623238.390415,,38.45000076293945,52.02999877929688
SE,2022,2022-12-31,Consumer Cyclical,Internet Retail,,-0.7631755489149863,-0.2889269127780388,-0.1326474000789577,0.416497981277468,0.7873333210863752,1.8293793899729112,-0.09712643732242626,,,28953153380.01575,,52.97999954223633,223.7100067138672
SE,2021,2021-12-31,Consumer Cyclical,Internet Retail,,0.12388848673213623,-0.2766377647307357,-0.20559718096791724,0.39132703645033395,0.5760545404143459,2.109040894393819,-0.10912541436685012,,,122255760532.18565,,223.7100067138672,199.0500030517578
SE,2020,2020-12-31,Consumer Cyclical,Internet Retail,,3.949030258837919,,,,,,,,,108779262333.81166,,199.0500030517578,40.220001220703125
SEDG,2024,2024-12-31,Technology,Solar,,-0.8547008482566385,-2.7437972968457123,-2.0038215952858485,-0.9730968566408122,1.1503883999501778,1.9540371095757383,-0.6867768359380199,,,807497207.4496862,,13.600000381469728,93.5999984741211
SEDG,2023,2023-12-31,Technology,Solar,,-0.6762805785832245,0.014233124052358525,0.011533236038767316,0.23645771180381975,0.3035135239347753,3.6992737600911747,0.007482783973166692,152.83332824707034,,5444668336.902513,,91.6999969482422,283.2699890136719
SEDG,2022,2022-12-31,Technology,Solar,,0.017321827795892804,0.043089719284348314,0.030151314399769282,0.2715666343758872,0.33796613253469315,3.2590790105168272,0.02198315075965512,172.98787434895834,,16947346731.116028,,285.42999267578125,280.57000732421875
SEDG,2021,2021-12-31,Technology,Solar,,-0.12080091621589675,0.1291335601459193,0.08614135900380118,0.320448707013975,0.5447799645659404,3.258478505505721,0.058315319138228024,91.68954487719567,,16658786106.883972,,280.57000732421875,319.1199951171875
SEDG,2020,2020-12-31,Technology,Solar,,2.3559786245362107,,,,,,,,,18947683652.24402,,319.1199951171875,95.08999633789062
SEE,2024,2024-12-31,Consumer Cyclical,Packaging & Containers,-0.029726541232164096,-0.05262069214787409,0.42385908726981586,0.04908578422282387,0.30135741571783553,7.219215372297838,1.1567104860898807,0.03769527634183507,18.340246716915573,,4882939696.612198,0.44578768417075937,33.19584655761719,35.03965759277344
SEE,2023,2023-12-31,Consumer Cyclical,Packaging & Containers,-0.2289397650687566,-0.2460412184051968,0.621656050955414,0.06223469183260762,0.2990216618994698,8.71010009099181,1.3010603048376408,0.04744049107018859,14.973343024819584,,5197905616.630531,0.34514051522248246,35.33708953857422,46.86872863769531
SEE,2022,2022-12-31,Consumer Cyclical,Packaging & Containers,-0.23167006109378416,-0.24455428872641372,1.4286544609125253,0.08713376699338875,0.31423811127457063,10.90409764603313,1.0168123739071957,0.07910277245884757,14.184739854600695,,6948054577.925034,0.24104963384865744,47.23518371582031,62.5262451171875
SEE,2021,2021-12-31,Consumer Cyclical,Packaging & Containers,0.5125297907606606,0.4937549086671227,2.037796542018496,0.09158263760887636,0.3037514908381221,15.174105347808604,1.0310367159866487,0.08135745589392067,18.833206360598645,,9197291710.361938,0.2280978689818469,62.5262451171875,41.858436584472656
SEE,2020,2020-12-31,Consumer Cyclical,Packaging & Containers,,0.16973965387958595,,,,,,,,,6157161940.568401,,41.85843276977539,35.784400939941406
SHW,2024,2024-12-31,Basic Materials,Specialty Chemicals,0.10844352265026665,0.09900193546996744,0.661877962085308,0.11608546009481135,0.48466783557373855,2.940684241706161,0.7932204385565527,0.11346191278149674,32.010995584641584,,84203850998.46948,0.2697844409636757,337.71600341796875,307.2933654785156
SHW,2023,2023-12-31,Basic Materials,Specialty Chemicals,0.3083156319646694,0.29751132272927033,0.642876365789332,0.10362703291268832,0.46669038127009055,3.1782388718445556,0.831897267198841,0.10406719408915066,32.476397540118235,,74901392986.31029,0.2610934360348292,300.4066772460937,231.52528381347656
SHW,2022,2022-12-31,Basic Materials,Specialty Chemicals,-0.3064913956553759,-0.31378104453391553,0.6512040230811386,0.09120543232395288,0.4210186510391035,4.032075045936623,0.9911084268626168,0.08940869257324953,30.248106328934586,,58223164246.6709,0.3061729617345676,233.515380859375,340.2928161621094
SHW,2021,2021-12-31,Basic Materials,Specialty Chemicals,0.4589801320317938,0.44895399710526657,0.764976202199245,0.09347893665453305,0.4283214504176569,4.716642048252092,0.8835912230090043,0.09021275772135852,48.75255683090079,,84846343873.72607,0.3149002360008582,340.2928466796875,234.8541412353516
SHW,2020,2020-12-31,Basic Materials,Specialty Chemicals,,0.27051889165688414,,,,,,,,,58556958006.01807,,234.8541259765625,184.84898376464844
SIG,2025,2025-01-31,Consumer Cyclical,Luxury Goods,-0.3850546994874941,-0.4017592829809074,0.03304892536991036,0.00912915063098541,0.39165846236462903,0.6371638405875365,1.4808626808626808,0.010686969580553906,,,2403050164.5137787,1.09640522875817,58.68417739868164,98.09458923339844
SIG,2024,2024-01-31,Consumer Cyclical,Luxury Goods,0.33440843791093544,0.3104295454531422,0.2871722182849043,0.11300916177434424,0.39399813138848994,0.4407158043940468,1.7897773279352227,0.11894557623436858,6.472818475020559,,3978468608.460846,0.08983218163869694,97.1570053100586,74.14134216308594
SIG,2023,2023-01-31,Consumer Cyclical,Luxury Goods,-0.07685217109547247,-0.0975118705241753,0.16874216090306396,0.04803560270845819,0.38919422093571876,0.5959057516574091,1.560028468484498,0.056899885203310976,11.16586593260248,,3036003752.863312,0.18449694717281656,74.14134979248047,82.15216064453125
SIG,2022,2022-01-31,Consumer Cyclical,Luxury Goods,1.1631689335334487,1.1354916362012293,0.34741212039167907,0.09837720419115768,0.3991822131357015,0.6552953386580028,1.801516395421838,0.11709327614789129,6.722760863858237,,3364036387.6853943,0.05663073126380049,82.15213775634766,38.46989440917969
SIG,2021,2021-01-31,Consumer Cyclical,Luxury Goods,,0.7112303115718298,,,,,,,,,1613304230.9957886,,39.39802551269531,23.023216247558597
SII,2024,2024-12-31,Financial Services,Asset Management,0.3063833269169772,0.2742056100498092,0.1523074451255685,0.2928031743014636,0.48007151682189697,,2.615364290904287,0.12678563161333134,21.81350148785177,,1074994221.5855715,0.5507161114942996,41.66378784179688,32.697853088378906
SII,2023,2023-12-31,Financial Services,Asset Management,0.051031965287042035,0.01886023760088124,0.13672985394416184,0.2955058006772759,0.407086653140001,0.07928231464974403,2.1006107510839667,0.11033563424709966,19.82818722724915,,818559724.8045275,0.6183640756955908,31.72509956359864,31.13783264160156
SII,2022,2022-12-31,Financial Services,Asset Management,-0.18077870333736895,-0.2051380414454479,0.0635912158141313,0.11429015906763292,0.4318161193720264,0.1963313869824107,2.9886222429325877,0.04594681926681051,48.66355212766732,,841251764.008255,1.462171052631579,32.60457992553711,41.01917266845703
SII,2021,2021-12-31,Financial Services,Asset Management,0.6328353747021888,0.5943284954575506,0.11395204296422967,0.2011882748795053,0.47578889933007973,0.10222203908398834,2.75720179244612,0.09070087161392068,32.046231627464294,,1058362188.7915192,0.7702877806237758,41.0191764831543,25.72818374633789
SII,2020,2020-12-31,Financial Services,Asset Management,,0.29726075456869455,,,,,,,,,663829388.5768659,,25.72818183898925,19.832698822021484
SJM,2025,2025-04-30,Consumer Defensive,Packaged Foods,0.09150931607102183,0.05211999251776844,-0.20234768026830632,-0.1410481200077927,0.38788233002142997,1.2760497155821524,0.8094268476621418,-0.07007794662734224,,,12164094261.350096,,114.01861572265624,108.37035369873048
SJM,2024,2024-04-30,Consumer Defensive,Packaged Foods,-0.21639215208334375,-0.24496355079887808,0.09669998310349757,0.09096800224974629,0.3809162825387898,1.1057461105551152,0.5229587088883572,0.03669779073380784,15.199207022347256,,11561507709.662476,0.5880376344086021,108.37034606933594,143.5299530029297
SJM,2023,2023-04-30,Consumer Defensive,Packaged Foods,0.21283391693889098,0.1796908935247593,-0.01252263126131563,-0.010704403695540028,0.32849505229095344,0.6068744170735721,1.4389188100870791,-0.006090158357458276,,,15312514373.023682,,143.52993774414062,121.66741180419922
SJM,2022,2022-04-30,Consumer Defensive,Packaged Foods,0.09535025301408052,0.060678504162184684,0.07760346924484957,0.07897335883684006,0.33763392466464137,0.565951278239825,1.0293424825891029,0.039345998131423233,20.564379945627408,,12790519580.7843,0.6618648092448948,119.8903350830078,113.03173828125
SJM,2021,2021-04-30,Consumer Defensive,Packaged Foods,,0.1754465179706843,,,,,,,,,12058808269.670107,,113.03173065185548,96.16067504882812
SLB,2024,2024-12-31,Energy,Oil & Gas Equipment & Services,-0.22400744703302727,-0.24469933590019619,0.21112162801703738,0.12292981344208989,0.2055719363994599,0.5714150496923806,1.4495355553820934,0.09116174517216716,12.04406517494913,,55957961377.90781,0.34364492266308005,37.4570426940918,49.592227935791016
SLB,2023,2023-12-31,Energy,Oil & Gas Equipment & Services,0.008730910607902372,-0.008907479402226665,0.20818267373322105,0.12684472612041647,0.19806850762034103,0.5926494625786319,1.3227323628219485,0.08764101173968347,17.022355069819184,,74001586815.90002,0.31334760885082086,49.53505325317383,49.98025131225586
SLB,2022,2022-12-31,Energy,Oil & Gas Equipment & Services,0.7656829861367838,0.7451092398749135,0.19457167090754876,0.12249474920793137,0.18372432451674914,0.6913203279615493,1.2483774338492262,0.07977280630578416,20.14553437173117,,71929176950.94543,0.24643998837547224,48.1478271484375,27.590150833129883
SLB,2021,2021-12-31,Energy,Oil & Gas Equipment & Services,0.41962624702702017,0.39595259052754384,0.125366568914956,0.08203584979720005,0.15953595882942997,0.9460810450546521,1.2215464813205907,0.045313290453132905,20.90163086399888,,41217581272.26088,0.37161084529505584,27.59015274047852,19.76439094543457
SLB,2020,2020-12-31,Energy,Oil & Gas Equipment & Services,,-0.4381302861837624,,,,,,,,,29526496463.63111,,19.76439476013184,35.176116943359375
SLE,2020,2020-12-31,Communication Services,Internet Content & Information,,0.19915254237288135,,,,,,,,,3263112256.0,,2264.0,1888.0
SLE,2021,2021-12-31,Communication Services,Internet Content & Information,,-0.16607773851590105,-0.22876170104854626,-1.7775873886223441,0.43908498971898563,,3.9704830053667264,-0.21432777232580963,,,2721181952.0,,1888.0,2264.0
SLE,2022,2022-12-31,Communication Services,Internet Content & Information,,-0.8389830508474576,-4.449645907102687,-4.342684352289475,0.4327387304975352,0.035357217246406995,0.9349106892359488,-2.8285666997682886,,,438156416.0,,304.0,1888.0
SLE,2023,2023-12-31,Communication Services,Internet Content & Information,,-0.7559523755460638,-3.036036036036036,-1.2093783643685951,0.3900474500578173,0.08008008008008008,1.253309400942338,-1.1974889450410613,,,94549540.20074463,,65.5999984741211,268.79998779296875
SLE,2024,2024-12-31,Communication Services,Internet Content & Information,,-0.5934210588231973,-97.8529411764706,-1.0279940674823878,0.3770856507230256,29.264705882352942,0.5507898516036381,-1.4204593971479806,,,35629033.890335076,,24.71999931335449,60.79999923706055
SLG,2024,2024-12-31,Real Estate,REIT - Office,0.6573180719752602,0.5826563937704023,0.007757699997469187,0.0353433445713785,0.4757509581548083,1.1450975628274238,2.1730390691184533,0.002927670502447016,816.3215637207031,,4638545882.986694,7.138713992105178,65.30572509765625,41.26336288452149
SLG,2023,2023-12-31,Real Estate,REIT - Office,0.6295053923743998,0.512293582725613,-0.1471890215156425,-0.6099353186459598,0.476686257127535,1.1684104465687615,0.7443951741634373,-0.05847166264075774,,,2979524592.264694,,41.94849395751953,27.738327026367188
SLG,2022,2022-12-31,Real Estate,REIT - Office,-0.4384627620137386,-0.5037359119827153,-0.015622788320171305,-0.07790601813685079,0.5311478333880759,1.420129800592493,0.7891048505288436,-0.005797361140854242,,,1992989200.5875015,,28.059139251708984,56.54074096679688
SLG,2021,2021-12-31,Real Estate,REIT - Office,0.3569018046388454,0.2711035509796464,0.09592253817308152,0.5306556292159618,0.5776654166328036,1.043324946966091,0.9204257609543373,0.041300652619691146,8.698572598970854,,4015983780.397896,0.5930853565951004,56.54072189331055,44.48160171508789
SLG,2020,2020-12-31,Real Estate,REIT - Office,,-0.29140581109137154,,,,,,,,,3159447132.4670486,,44.48160934448242,62.77444839477539
SLM,2024,2024-12-31,Financial Services,Credit Services,0.5029703678119218,0.47250209450829894,0.28164237564354233,0.3289932668126876,,2.9817516389495906,,0.020228876523795635,10.16074579153488,,5677114495.92167,0.19310072740722475,27.23079872131348,18.492876052856445
SLM,2023,2023-12-31,Financial Services,Credit Services,0.23047949035032103,0.1938601134974613,0.30911948498429126,0.3213296199861938,,2.7794131955761308,,0.019931491379959348,7.717538572445944,,3877601051.206093,0.20457489022017886,18.599267959594727,15.5791015625
SLM,2022,2022-12-31,Financial Services,Credit Services,-0.1058378332919191,-0.13833807767728784,0.27158201937497467,0.25721679986881785,,3.031386764101287,,0.016278974277524068,8.814436739141291,,3234256846.1260223,0.2600988456634557,15.513408660888672,18.00405502319336
SLM,2021,2021-12-31,Financial Services,Credit Services,0.6333115109364275,0.6054254756079975,0.5398460537253612,0.5724666599250696,,2.758970857012873,,0.039713811891554346,4.987273387961771,,3753510634.4779587,0.05618032714842488,18.004056930541992,11.214508056640623
SLM,2020,2020-12-31,Financial Services,Credit Services,,0.4089417333729363,,,,,,,,,2338015916.846218,,11.214507102966309,7.959525108337402
SMCI,2021,2021-06-30,Technology,Computer Hardware,,0.2391686875699602,,,,,,,,,2090653430.6683035,,3.5179998874664307,2.83899998664856
SMCI,2022,2022-06-30,Technology,Computer Hardware,,0.14695849246260445,0.20003367062413413,0.054880209172304066,0.1539618471472541,0.41861284043280783,1.9090266553471236,0.08897227742110408,7.58458617934607,,2397892707.1010895,,4.034999847412109,3.5179998874664307
SMCI,2023,2023-06-30,Technology,Computer Hardware,,5.177199548854126,0.3245417734742052,0.08984342207925843,0.18011023260815426,0.14721159429108951,2.312895190928322,0.17416195860973693,21.80664850136531,,14812261748.505447,,24.924999237060547,4.034999847412109
SMCI,2024,2024-06-30,Technology,Computer Hardware,,2.2590573618761973,0.2127786907125186,0.07689950618613298,0.13752588438208152,0.4030478073014022,3.8077674199105522,0.11730665660366298,40.434047913539466,,48274010697.503876,,81.23200225830078,24.924999237060547
SMCI,2025,2025-06-30,Technology,Computer Hardware,,-0.4018429269313771,0.16644003444788566,0.047735845398438614,0.11059154174200105,0.7583425596899119,5.246373239076217,0.07481965347186907,29.17261804853167,,29125333827.611984,,49.0099983215332,81.93499755859375
SNA,2024,2024-12-31,Industrials,Tools & Accessories,0.2350623003161166,0.2067381911582189,0.19352626017315214,0.20434969853574506,0.5196930545767755,0.2396692682745963,4.149141965678627,0.13219278695167663,17.064233073083514,,17314521637.83078,0.38930932081617015,332.9231872558594,275.8868408203125
SNA,2023,2023-12-31,Industrials,Tools & Accessories,0.328738550815281,0.29659317329044416,0.1993768856111845,0.19793277607031692,0.5128124816475148,0.25212470175300217,3.878504672897196,0.1340110538244377,14.701026639958688,,14343229662.362549,0.3516961724854119,275.791259765625,212.7045440673828
SNA,2022,2022-12-31,Industrials,Tools & Accessories,0.12418927129287645,0.09336335515850956,0.2034454287818267,0.18827052142488385,0.5053381517811047,0.28230647356793787,3.4673734046932894,0.13075091785222578,12.695188216165187,,11105333090.764938,0.34342437205221016,213.53306579589844,195.2992706298828
SNA,2021,2021-12-31,Industrials,Tools & Accessories,0.3233114380723798,0.28832869184802007,0.19620268299098495,0.17830367038268466,0.5178086359388921,0.29988761089456945,3.1087354917532073,0.12138112638134828,13.089762424336039,,10157037155.76971,0.33613650213284585,195.2992553710937,151.59117126464844
SNA,2020,2020-12-31,Industrials,Tools & Accessories,,0.04029828365638949,,,,,,,,,7883885686.670624,,151.59115600585938,145.71893310546875
SNDK,2023,2023-06-30,Technology,Computer Hardware,,,,-0.3521196187972396,0.07065395990798554,,,,,,,,,
SNDK,2024,2024-06-30,Technology,Computer Hardware,,,-0.06063887384948565,-0.10085547050877983,0.16088848866876782,0.0888828731275943,1.6712199717381064,-0.04975566414926699,,,,,,
SNDK,2025,2025-06-30,Technology,Computer Hardware,,,-0.17805989583333334,-0.22311352821210062,0.3007477906186268,0.22157118055555555,3.5641205325858443,-0.12637658837119753,,,6639446300.504378,,45.34999847412109,
SNPS,2020,2020-10-31,Technology,Software - Infrastructure,,0.585451793552293,,,,,,,,,40080848433.196014,,215.77999877929688,136.10000610351562
SNPS,2021,2021-10-31,Technology,Software - Infrastructure,,0.5423173823834974,0.14305881037638876,0.18018107161112729,0.7950196387273372,0.12592063245955676,1.1636045650188689,0.08655090228123936,68.57380381245127,,61267341622.08804,,329.8399963378906,213.8600006103516
SNPS,2022,2022-10-31,Technology,Software - Infrastructure,,-0.12194611253968576,0.17850672395741268,0.2133134765282251,0.8054444014512164,0.118999950142547,1.085842525082907,0.10454288646940722,46.51033192257055,,54340772018.710144,,292.54998779296875,333.17999267578125
SNPS,2023,2023-10-31,Technology,Software - Infrastructure,,0.6046488532880021,0.20006936369545825,0.2312682892523412,0.8061601567803319,0.11022646010253594,1.1491141539419003,0.1190237499166516,59.272727580985645,,87197857506.60799,,469.4400024414063,292.54998779296875
SNPS,2024,2024-10-31,Technology,Software - Infrastructure,,0.08041983271503857,0.25174674903027594,0.36938451907127223,0.7967683383392336,0.07612942793566065,2.4412728480219763,0.17312651082593336,35.396966599005,,95402373218.60217,,513.6099853515625,475.3800048828125
SO,2024,2024-12-31,Utilities,Utilities - Regulated Electric,0.25788969680173157,0.21719017400394075,0.13252830643218502,0.16468343062415805,0.4992516090405628,1.9958142616237051,0.6686675420496467,0.030314092850254857,20.127753924606438,,88344519218.85457,0.6712110883890025,80.30973815917969,65.9796142578125
SO,2023,2023-12-31,Utilities,Utilities - Regulated Electric,0.07551441859237205,0.032773415251309536,0.12644701691896706,0.15744664000316794,0.4636280837920247,2.0191451469278716,0.774634291230415,0.02853636304914197,18.41615919250151,,73336306363.13,0.7633299798792756,66.66649627685547,64.55094146728516
SO,2022,2022-12-31,Utilities,Utilities - Regulated Electric,0.13415485983194772,0.08984249316168012,0.11625230202578268,0.12073499777997883,0.3629563851224427,1.9447184951328598,0.6624268633935385,0.02620634438176009,19.936771041776506,,71496342120.37613,0.8223479490806224,64.9938735961914,59.636024475097656
SO,2021,2021-12-31,Utilities,Utilities - Regulated Electric,0.21260055293194471,0.163354890272439,0.08549618320610687,0.10418379267079134,0.44334357288106263,1.9694656488549618,0.8208955223880597,0.01888123951260056,26.3876231370774,,65602458283.967545,1.1532392026578073,59.63602828979492,51.26211166381836
SO,2020,2020-12-31,Utilities,Utilities - Regulated Electric,,0.006276434492181434,,,,,,,,,56390753013.12784,,51.26211166381836,50.94237518310547
SOLV,2020,2020-12-31,Healthcare,Medical Instruments & Supplies,,,,,,,,,,,,,,
SOLV,2021,2021-12-31,Healthcare,Medical Instruments & Supplies,,,0.12107139895513724,0.1786807000367152,0.6024966344388691,,1.5568990042674253,0.10373001776198934,,,,,,
SOLV,2022,2022-12-31,Healthcare,Medical Instruments & Supplies,,,0.11437574518821325,0.16519065190651908,0.577490774907749,,1.7017543859649122,0.09879358540532587,,,,,,
SOLV,2023,2023-12-31,Healthcare,Medical Instruments & Supplies,,,0.11537802160123435,0.16420641698182262,0.5725265340978407,0.7117263843648208,1.4577546296296295,0.09653589614860504,,,,,,
SOLV,2024,2024-12-31,Healthcare,Medical Instruments & Supplies,,,0.16187901318012843,0.05803246910588805,0.556457475163557,2.7069956066238596,1.201997780244173,0.03313273846579512,23.93478172412817,,11453997512.569946,,66.05999755859375,
SPG,2020,2020-12-31,Real Estate,REIT - Retail,,-0.38641100107629683,,,,,,,,,21605805216.64614,,66.17707061767578,107.8524398803711
SPG,2021,2021-12-31,Real Estate,REIT - Retail,1.081703851272378,0.9571679058349684,0.669243826774858,0.43965678475309417,0.8102200422960572,7.683570373755151,0.6661620753129678,0.06660170405761796,18.935624061272158,,42286198299.88652,1.1960628209693056,129.51966857910156,66.17708587646484
SPG,2022,2022-12-31,Real Estate,REIT - Retail,-0.15737022332972825,-0.21867798826606347,0.6817010161464434,0.4043383596207238,0.8108354860211205,8.111532363620606,0.6599535668477062,0.06481225171739813,15.520944185783527,,33039133631.887093,1.2116988037120215,101.1965560913086,129.5196533203125
SPG,2023,2023-12-31,Real Estate,REIT - Retail,0.38066012552747924,0.29596936441787686,0.7552932116020926,0.4034621254265011,0.8182689867668899,8.772656388012045,1.0382990568319785,0.0665954856702912,18.779468263117835,,42795847511.14734,1.224935023297006,131.0806884765625,101.1448974609375
SPG,2024,2024-12-31,Real Estate,REIT - Retail,0.34057955870217277,0.2692108001300793,0.8058995385674346,0.39754800548241237,0.8250420285864813,8.424680438828318,0.833192943434259,0.07316295153218612,22.85336370967308,,54168856750.50932,1.2847290644549572,165.91542053222656,130.72329711914062
SPGI,2024,2024-12-31,Financial Services,Financial Data & Stock Exchanges,0.14789675804399346,0.13935326437391893,0.11616755631955125,0.27111486486486486,0.6909487612612613,0.35987213124641876,0.8540362953692116,0.0639643978014314,40.10903300544028,,151229304040.52734,0.29439252336448596,495.3465576171875,434.76116943359375
SPGI,2023,2023-12-31,Financial Services,Financial Data & Stock Exchanges,0.32697490748992736,0.31549951948217797,0.07678362573099415,0.21013043130351283,0.6686404737136913,0.3508771929824561,0.8396734693877551,0.04334120054795425,52.33112766270504,,131488185656.73828,0.4367859862909368,430.6851806640625,327.39288330078125
SPGI,2022,2022-12-31,Financial Services,Financial Data & Stock Exchanges,-0.27601964753146657,-0.2833564874199245,0.08926019566890184,0.2904928002861998,0.6643412932653608,0.3169451467516764,0.9446574429071511,0.052570244723553025,32.1193769866345,,100021667098.99902,0.31527093596059114,327.6176452636719,457.1556701660156
SPGI,2021,2021-12-31,Financial Services,Financial Data & Stock Exchanges,0.4545435415809142,0.446841271231778,1.4881889763779528,0.3644690852115222,0.7372544293117994,2.313976377952756,2.309305373525557,0.20125116464794357,36.5432214775055,,139569635418.70117,0.2457010582010582,457.15570068359375,315.9681091308594
SPGI,2020,2020-12-31,Financial Services,Financial Data & Stock Exchanges,,0.21396359531338083,,,,,,,,,96465063717.65137,,315.9681091308594,260.278076171875
SRE,2024,2024-12-31,Utilities,Utilities - Diversified,0.24454381463387798,0.21106985319289417,0.09160745150758594,0.21706484641638224,0.4620401971937808,1.1474297420139556,0.5461967755270773,0.02976444282668608,19.35724629535934,,55824906973.475784,0.5391334730957372,85.55902862548828,70.64747619628906
SRE,2023,2023-12-31,Utilities,Utilities - Diversified,0.047111851497742996,0.01400398781766387,0.10716152639832724,0.18391148325358853,0.39593301435406697,1.082976128245339,0.5421209117938554,0.03527144676018857,14.964074630578027,,46767864709.10925,0.49658536585365853,71.67791748046875,70.68800354003906
SRE,2022,2022-12-31,Utilities,Utilities - Diversified,0.23497870086779288,0.1965325521829108,0.07882808181315644,0.1481404529399543,0.36089756908373155,1.0657453473373872,0.5972320436407718,0.02722274543742205,21.241197845366784,,45874269393.624176,0.689107059373539,70.30836486816406,58.76009368896485
SRE,2021,2021-12-31,Utilities,Utilities - Diversified,0.11392882966088747,0.07387490893373164,0.05069035806315142,0.10251225013611262,0.4120712452360582,0.9478481596861659,0.43597409068261084,0.018294121729474633,29.306783699929863,,38339345859.19574,1.0849772382397571,58.760101318359375,54.71782684326172
SRE,2020,2020-12-31,Utilities,Utilities - Diversified,,-0.12780943276347884,,,,,,,,,35701875714.85567,,54.71783065795898,62.7360954284668
STE,2025,2025-03-31,Healthcare,Medical Devices,0.028238162278890897,0.018159744581490975,0.09307940373186258,0.11258161210290658,0.4401057603102107,0.33354610235174126,1.9573643600447281,0.06057479537166899,36.375830865675404,,22212601279.426025,0.3577291459567455,225.5301513671875,221.50762939453125
STE,2024,2024-03-31,Healthcare,Medical Devices,0.17729821544435287,0.1663910871774304,0.060017321034489104,0.07360595605776635,0.43165772828580606,0.5368262393679377,3.081344435291856,0.03418739685296877,57.15838655086326,,21448639332.925503,0.530273187058976,217.77345275878903,186.70706176757807
STE,2023,2023-03-31,Healthcare,Medical Devices,-0.193162558526384,-0.20113423495157853,0.017611734881766233,0.023594295396257625,0.4366423838460972,0.5345024137768755,2.3338817697866436,0.009890185947138929,174.49255257009344,,18388888652.273438,1.7144538914323086,186.70703125,233.71514892578125
STE,2022,2022-03-31,Healthcare,Medical Devices,0.288274202497278,0.27920651357536336,0.03733538098658432,0.05774679802045886,0.4458506564493135,0.5020981710121126,2.037467117461956,0.021349498240221074,94.23998555829448,,23018748151.927826,0.6690325067243981,233.7151641845703,182.70323181152344
STE,2021,2021-03-31,Healthcare,Medical Devices,,0.37348707123695785,,,,,,,,,17994553522.122803,,182.7032470703125,133.02145385742188
STI,2024,2024-12-31,Industrials,Electrical Equipment & Parts,,-0.9094805234438413,1.1321719937123396,-inf,,-0.10677940791197275,0.12601169279311483,-3.2591275735434135,,,252757385.48322296,,34.849998474121094,385.0
STI,2023,2023-12-31,Industrials,Electrical Equipment & Parts,,-0.3103448275862069,-1.5603481243291129,-766.794930875576,1.0,0.645429000026081,0.2536504529156445,-1.2019828134795016,,,2538453050.0,,350.0,507.5
STI,2022,2022-12-31,Industrials,Electrical Equipment & Parts,,,-0.15248766680685452,inf,inf,-0.03218184161648404,0.8371948014243517,0.004618951923601514,1259.8246600199207,,3706141453.0,,511.0,
STI,2021,2021-12-31,Industrials,Electrical Equipment & Parts,,,-0.5196069092501819,-334.23624470950364,-1.0068295498268565,,55.064835488899185,-0.5177690298804372,,,,,,
STLD,2024,2024-12-31,Basic Materials,Steel,-0.003257572108453178,-0.01994290962272757,0.17204887194691643,0.08763396937012233,0.1597790014931253,0.36164128150349323,2.5255188941789273,0.10291998792385763,11.460318216463415,,16600192499.378906,0.18385905197595004,112.76953125,115.06424713134766
STLD,2023,2023-12-31,Basic Materials,Steel,0.255592444213648,0.2359298607160267,0.2764152839409988,0.13039855249041835,0.21526017439664222,0.3463597252902049,2.9103621495727814,0.16439582464137714,7.913485771971322,,17054156797.882454,0.1107017800122568,115.85343170166016,93.73786926269533
STLD,2022,2022-12-31,Basic Materials,Steel,0.5874070613307829,0.559883959928691,0.47509279112836006,0.17351930350669748,0.27482561927092025,0.377667917903236,3.7583196542235973,0.27278802009945774,4.364744518272735,,13441318047.116974,0.06139865802809142,91.31045532226562,58.53669738769531
STLD,2021,2021-12-31,Basic Materials,Steel,0.7565602651617364,0.7141935695759423,0.5097936583542187,0.17459352431031813,0.29129597992270023,0.49263328395700884,3.098284568026223,0.25648439730676165,3.7619990370880356,,8616871603.454947,0.06626124043501284,58.53670501708984,34.14824676513672
STLD,2020,2020-12-31,Basic Materials,Steel,,0.12458553961162802,,,,,,,,,5026777507.050644,,34.14823913574219,30.365177154541016
STT,2024,2024-12-31,Financial Services,Asset Management,0.35186145056001705,0.30179825436937235,0.10609650161888969,0.20798823438346623,,1.3074310984758746,,0.007606726305061714,11.593053634216083,,26861201423.149582,0.3844436174171939,95.17897033691406,73.11345672607422
STT,2023,2023-12-31,Financial Services,Asset Management,0.08793194601964303,0.0392586531824214,0.08168410437413337,0.16274591879447467,,0.9453758561284088,,0.006539773530064792,13.151825115244876,,20711171051.407585,0.49897119341563784,73.3871841430664,70.61493682861328
STT,2022,2022-12-31,Financial Services,Asset Management,-0.08622392203167942,-0.12829027004269894,0.11011869318407368,0.2287835051546392,,0.6785359850740343,,0.0092021894178139,9.92636010776143,,20142035084.58925,0.35039653929343906,71.37052917480469,81.87419128417969
STT,2021,2021-12-31,Financial Services,Asset Management,0.3594516757235585,0.3103415560583229,0.09841757117275153,0.2239128627255342,,0.4971311625187297,,0.008559423311635476,11.387229993711426,,23106353543.458916,0.32157445228369846,81.87418365478516,62.48308563232422
STT,2020,2020-12-31,Financial Services,Asset Management,,-0.04759693283217843,,,,,,,,,17633841228.120323,,62.48308944702149,65.60572052001953
STX,2025,2025-06-30,Technology,Computer Hardware,0.46478242840621975,0.43665062023435075,-3.2428256070640176,0.16148180718918326,0.3517643179070023,-11.026490066225165,1.3795317220543806,0.18309859154929578,,,30641129317.900543,0.4084411164057182,143.87649536132812,100.1471710205078
STX,2024,2024-06-30,Technology,Computer Hardware,0.7600101727056316,0.7126540063096378,-0.22468142186452045,0.05113723095710578,0.23446802014959547,-3.805499664654594,1.0751855437237818,0.04328724641426541,62.87484953675089,,21156750428.512215,1.7462686567164178,99.3422622680664,58.00486373901367
STX,2023,2023-06-30,Technology,Computer Hardware,-0.04907635115261803,-0.09186175105354319,0.44120100083402836,-0.07164138678223185,0.1829631635969664,-4.54628857381151,1.1207561728395061,-0.07001058761249339,,,12353196700.527023,,58.00486755371094,63.87228775024414
STX,2022,2022-06-30,Technology,Computer Hardware,-0.12344095292753805,-0.16106211885447305,15.128440366972477,0.1414115427493354,0.2974873509990567,52.25688073394495,1.1344585091420534,0.18436940966010734,8.67829996606578,,13602771070.217701,0.3699211643420255,63.87228775024414,76.13470458984375
STX,2021,2021-06-30,Technology,Computer Hardware,,0.8909726777944406,,,,,,,14.204235930940998,,16214276856.403015,,76.13470458984375,40.26219177246094
STZ,2025,2025-02-28,Consumer Defensive,Beverages - Brewers,-0.26341140183245804,-0.2807433026021004,-0.011827956989247311,-0.007973591152644312,0.5205951786221557,1.7601714617843651,0.9209952418715305,-0.0037594158588233123,,,30368974421.877197,,173.52377319335938,241.2543029785156
STZ,2024,2024-02-29,Consumer Defensive,Beverages - Brewers,0.16557031658527768,0.14779718886697457,0.1772947008652277,0.1734023971571403,0.5036740348129856,1.2888710985210046,1.1870961581309483,0.06723572204252735,25.692684023271095,,42222720388.62475,0.37848790089151324,241.2543029785156,210.18896484375
STZ,2023,2023-02-28,Consumer Defensive,Beverages - Brewers,0.068058307929027,0.05155875155926138,-0.008438718265665114,-0.007511160950426338,0.504517275670186,1.540375106969668,1.1778122157463868,-0.0028788880193655903,,,37455617862.78235,,214.0157928466797,203.52243041992188
STZ,2022,2022-02-28,Consumer Defensive,Beverages - Brewers,0.036807938911419695,0.020393023590289557,-0.003443602485530903,-0.004580135363406532,0.5336651286179102,0.9337106521535301,1.2337705646954202,-0.0015625120862630434,,,35619142169.10998,,203.5224456787109,199.4549560546875
STZ,2021,2021-02-28,Consumer Defensive,Beverages - Brewers,,0.2841711334309772,,,,,,,,,35495744094.3131,,202.8173675537109,157.9364013671875
SUN,2024,2024-12-31,Energy,Oil & Gas Refining & Marketing,-0.008591913359661498,-0.08591596702786947,inf,0.031551579782311726,0.07623496232318336,inf,1.266050333846944,0.04980869565217391,8.163407643636068,,6690952402.498589,0.7905027932960894,48.980445861816406,53.58418273925781
SUN,2023,2023-12-31,Energy,Oil & Gas Refining & Marketing,0.4942094820835055,0.4184988647904249,inf,0.013481879660135252,0.05106641234610716,inf,1.4034959941733431,0.045561089950190446,13.940811157226562,,6950981218.394375,1.1929260450160772,50.88396072387695,35.87169647216797
SUN,2022,2022-12-31,Energy,Oil & Gas Refining & Marketing,0.21906796603525108,0.13558264354571647,inf,0.01543005946597225,0.046095845155272264,inf,1.4103840682788051,0.058125915080527085,7.638217241336139,,4883183736.686371,0.9042821158690176,35.746856689453125,31.47886848449707
SUN,2021,2021-12-31,Energy,Oil & Gas Refining & Marketing,0.6815448799926672,0.5526440119500219,inf,0.025346669697658558,0.06666287792680155,inf,1.3393258426966292,0.0766981943250215,5.961906187462084,,4300156551.954142,0.8004484304932735,31.478864669799805,20.27436065673828
SUN,2020,2020-12-31,Energy,Oil & Gas Refining & Marketing,,0.06283803592304729,,,,,,,,,2769571480.3807583,,20.274370193481445,19.07569122314453
SW,2024,2024-12-31,Consumer Cyclical,Packaging & Containers,0.40907278686091086,0.3763849299429333,0.01837557603686636,0.015112037519541427,0.19873039935572503,0.7831221198156681,1.3711986908495841,0.007289928928906054,63.92613387689358,,27369497079.84282,2.0376175548589344,52.419429779052734,38.08486175537109
SW,2023,2023-12-31,Consumer Cyclical,Packaging & Containers,0.12416356552029845,0.10173066330856659,0.13397206885352386,0.06822128504093278,0.2525427933515257,0.608476778174732,1.520292747837658,0.058714682229022847,11.425664916407117,,19202896053.653,0.47393939393939394,36.77834701538086,33.38233947753906
SW,2022,2022-12-31,Consumer Cyclical,Packaging & Containers,-0.2503650701307903,-0.26477772574801334,0.1918795343283582,0.07654156488267082,0.2422088977718558,0.7522388059701492,1.489593657086224,0.07724680820381348,8.78822587153353,,17803282096.556656,0.33752417794970985,34.09773635864258,46.3774528503418
SW,2021,2021-12-31,Consumer Cyclical,Packaging & Containers,0.18997548603217657,0.17340615566719725,0.15505823247316738,0.06718116157118827,0.3059265855347778,0.857273350079927,1.4446409621506897,0.0579994874861194,15.688051349570827,,24214831601.841614,0.44477172312223884,46.37745666503906,39.52378845214844
SW,2020,2020-12-31,Consumer Cyclical,Packaging & Containers,,0.31804650380577393,,,,,,,,,20636361776.373672,,39.5237922668457,29.986644744873047
SWK,2024,2024-12-31,Industrials,Tools & Accessories,-0.11720497117520148,-0.15188219466986655,0.033750387045723,0.019153048673343876,0.29379722368652256,0.7144118625213592,1.2970977648518376,0.013469785664266851,39.80030548878205,,12013518499.895264,1.669045191980972,77.610595703125,91.50921630859376
SWK,2023,2023-12-31,Industrials,Tools & Accessories,0.4030892561069669,0.35690641551620206,-0.03428628217444595,-0.019675434538783735,0.24919682404902066,0.8065944501496229,1.192769241229263,-0.013121307651349319,,,14179358128.505157,,91.60250854492188,67.50834655761719
SWK,2022,2022-12-31,Industrials,Tools & Accessories,-0.5648204484854313,-0.5833594473867052,0.10939961491335551,0.06269398255779647,0.2527880382831585,0.7795533406781232,1.2139529927540644,0.042562481723169614,10.128687119342873,,10598613531.334152,0.44385882352941175,68.46992492675781,164.33811950683594
SWK,2021,2021-12-31,Industrials,Tools & Accessories,0.09363717987735455,0.07281620901407462,0.14574004572710408,0.11054033361036038,0.33323081151472717,0.5790518096717139,0.9725118050961516,0.05994322214336409,16.175010260634533,,25438264424.27542,0.2922685294814113,164.33810424804688,153.183837890625
SWK,2020,2020-12-31,Industrials,Tools & Accessories,,0.09724988376142138,,,,,,,,,23711663385.346848,,153.1837921142578,139.60702514648438
SWKS,2024,2024-09-30,Technology,Semiconductors,0.0617872066089144,0.02975456326681925,0.09405526535894078,0.14265198659645764,0.4118717089516515,0.18943614184039012,5.543388086942094,0.07195199980684026,25.772909355680472,,14115763844.448486,0.7367449664429531,95.10203552246094,92.35408020019533
SWKS,2023,2023-09-30,Technology,Semiconductors,0.2162304048044192,0.1811939379554584,0.161572985680701,0.20593412119688206,0.4415598021959601,0.24812994229536225,3.326880820341111,0.11662928548542134,15.013961418612359,,13660617827.786135,0.4122914122914123,92.03558349609376,77.91741943359375
SWKS,2022,2022-09-30,Technology,Semiconductors,-0.45557729977431316,-0.4725919409101017,0.2331687694276833,0.2324674140916963,0.47476073284112663,0.4414883891022125,2.6325698915967073,0.14370393743379387,9.976624160356314,,11565095336.189209,0.29258155583437895,77.91743469238281,147.7365264892578
SWKS,2021,2021-09-30,Technology,Semiconductors,0.1643275270957856,0.14651918400368324,0.28285288176549434,0.29326104401949465,0.4917500146796892,0.4555511506295898,4.351404707668944,0.1744095358934662,16.470069842726623,,21928173331.568115,0.22732430087432423,147.7365264892578,128.8565673828125
SYF,2020,2020-12-31,Financial Services,Credit Services,,-0.0007676798270528507,,,,,,,,,11193826306.152344,,31.0853271484375,31.109209060668945
SYF,2021,2021-12-31,Financial Services,Credit Services,0.4123878832654916,0.3639683242870449,0.30911753936287073,0.4141483516483517,,1.0623947272061516,,0.04408447173831307,5.776483811214769,,15268020761.871338,0.12840559109215827,42.399391174316406,31.08531951904297
SYF,2022,2022-12-31,Financial Services,Credit Services,-0.2534644635445879,-0.28464073762909203,0.2342888215645149,0.2583518930957684,,1.102384836479453,,0.02884357905206381,4.9318369423470845,,10922120070.075989,0.15782493368700265,30.33079719543457,42.399391174316406
SYF,2023,2023-12-31,Financial Services,Credit Services,0.230837192321172,0.19040619120487381,0.1609724519887794,0.1642327731709107,,1.1495360713515068,,0.019050213229598482,7.057781623737432,,13190422174.453737,0.20017873100983022,36.62988662719727,30.77091407775879
SYF,2024,2024-12-31,Financial Services,Credit Services,0.7755427925514695,0.7401254698910045,0.21103739445114597,0.2169922480620155,,0.9325693606755127,,0.029289403413609236,7.500210589135599,,23092060873.413086,0.1343240925978851,64.12680053710938,36.85182571411133
SYK,2024,2024-12-31,Healthcare,Medical Devices,0.22424024491624905,0.21342198183915023,0.14505185615973637,0.13246293427749503,0.6390794423545032,0.6589609382572453,1.9494485294117647,0.06965162551488213,46.087559965467946,,136728177649.25354,0.40728366187771464,357.63946533203125,294.7362670898437
SYK,2023,2023-12-31,Healthcare,Medical Devices,0.2371588673692804,0.224644828853468,0.17022535362770935,0.15440530783491072,0.6370377597814421,0.6989189479911795,1.580356015654589,0.07929945880938064,35.34026914654356,,111464453166.06464,0.3598736176935229,291.5572204589844,238.07492065429688
SYK,2022,2022-12-31,Healthcare,Medical Devices,-0.05766792908582122,-0.06835843858201707,0.14191141068849303,0.12781180551791424,0.627567889858529,0.7852672123254695,1.6301761066158973,0.06393015941871814,38.82892923957911,,91591077244.60895,0.4457167090754877,239.57449340820312,257.153076171875
SYK,2021,2021-12-31,Healthcare,Medical Devices,0.11289732468092885,0.10224614336535358,0.13403239900517577,0.1165536591068506,0.6411035772737901,0.8388115883578678,2.2020224225104417,0.05757847015679594,49.35760790921905,,98311521057.84338,0.4764292878635908,257.15313720703125,233.2991943359375
SYK,2020,2020-12-31,Healthcare,Medical Devices,,0.18167102137225666,,,,,,,,,89191984612.14917,,233.2991943359375,197.4315948486328
SYY,2021,2021-06-30,Consumer Defensive,Food Distribution,,0.461523233661089,,,,,,,,,33097876853.31665,,69.16899108886719,47.32664489746094
SYY,2022,2022-06-30,Consumer Defensive,Food Distribution,0.1507818353685412,0.12180716397108045,0.98317248563946,0.01980010490121802,0.17949763972259455,8.239874553267837,1.1980747775956582,0.06153306159174213,29.391765594482422,,37129431270.877075,0.7056659308314938,77.5942611694336,69.16898345947266
SYY,2023,2023-06-30,Consumer Defensive,Food Distribution,-0.08022462538793965,-0.10704970898980319,0.8810353409656545,0.02319030461840812,0.18283655420897477,5.557989049278248,1.2421545667447307,0.07756014197449718,19.967668956569703,,33154733198.459473,0.5627118644067797,69.28781127929688,77.59425354003906
SYY,2024,2024-06-30,Consumer Defensive,Food Distribution,-0.0016173461867769795,-0.03202025173728678,1.0510752688172043,0.024795799299883313,0.18527725635431994,6.959677419354839,1.1950005410669842,0.078460488822892,17.241435308382872,,32093103227.512207,0.5156010230179028,67.06918334960938,69.28779602050781
SYY,2025,2025-06-30,Consumer Defensive,Food Distribution,0.12109313649465513,0.09059286252494335,0.9989071038251366,0.02246528204497972,0.1839621482118717,7.920218579234973,1.2069382815651473,0.06827519235078808,20.03371006042644,,35756821843.89404,0.5470459518599562,74.72573852539062,68.5184555053711
T,2024,2024-12-31,Communication Services,Telecom Services,0.5173455360611642,0.4410037071884244,0.10489403288238225,0.08949123724823436,0.5976572717760921,1.35019928716514,0.6649598907663424,0.027730847655112148,14.626657882792838,,154931557224.27368,0.7497259773474607,21.793720245361328,15.12398624420166
T,2023,2023-12-31,Communication Services,Telecom Services,0.07353932120395182,-6.61803991812767e-05,0.139403854903821,0.11762015225275264,0.5905920214330055,1.4995498417185398,0.7130870186007393,0.03537562030167543,7.892183603974163,,110527900484.08508,0.565,15.547601699829102,15.548630714416504
T,2022,2022-12-31,Communication Services,Telecom Services,0.17873175229883023,0.08376902527273371,-0.08742564102564103,-0.07059739442277271,0.5788671619416769,1.586451282051282,0.589393480853791,-0.02115908284163206,,,112516554176.33055,,15.82733917236328,14.603978157043455
T,2021,2021-12-31,Communication Services,Telecom Services,0.07756233780713427,-0.059009509956013645,0.12072842267272683,0.14981572389919276,0.5493292946776287,1.1773561311112715,1.6075308293325803,0.036403551707509856,5.2912960881772255,,103819673938.75122,0.7503610377969224,14.60397720336914,15.519792556762695
T,2020,2020-12-31,Communication Services,Telecom Services,,-0.19649398039967536,,,,,,,,,110330184947.01385,,15.519789695739746,19.315088272094727
TAP,2024,2024-12-31,Consumer Defensive,Beverages - Brewers,0.00018926550289363666,-0.034253853865345046,0.08572912529406373,0.09653392964651243,0.3899028124193687,0.47300724084201523,0.9353737028766583,0.04306273331721934,10.437291938567832,,10351950801.578854,0.32893799002138274,55.83951187133789,57.820072174072266
TAP,2023,2023-12-31,Consumer Defensive,Beverages - Brewers,0.27912902366597436,0.23870761686880013,0.07190815398605638,0.08108800984438691,0.37333470060929236,0.4752046074568051,0.6960123149098373,0.03597711477871174,13.417034891159092,,10869725388.53049,0.37380124354515754,58.632442474365234,47.33356094360352
TAP,2022,2022-12-31,Consumer Defensive,Beverages - Brewers,0.1406854866780481,0.09775699886861659,-0.013814353373208193,-0.01638164657508644,0.34157555368657133,0.5206584868042585,0.7815370030218641,-0.006776633949660395,,,8420780655.777375,,45.42257690429688,41.37762451171875
TAP,2021,2021-12-31,Consumer Defensive,Beverages - Brewers,0.06122573540244619,0.04116495266814678,0.0749565852531471,0.09783359436559433,0.39431111802873625,0.5371876187849833,0.767130473193087,0.036413338643687315,8.956194956065257,,7670896098.2486925,0.14696231480560804,41.37762069702149,39.74165725708008
TAP,2020,2020-12-31,Consumer Defensive,Beverages - Brewers,,-0.15195100250636767,,,,,,,,,7367608122.307297,,39.74165344238281,46.862449645996094
TDC,2020,2020-12-31,Technology,Software - Infrastructure,,-0.16062760817630556,,,,,,,,,2123414935.1119993,,22.46999931335449,26.770000457763672
TDC,2021,2021-12-31,Technology,Software - Infrastructure,,0.8900757685142486,0.31956521739130433,0.07668231611893583,0.6186750130412102,1.2434782608695651,1.0706679574056148,0.0677731673582296,32.66923170823317,,4013415115.3564453,,42.470001220703125,22.46999931335449
TDC,2022,2022-12-31,Technology,Software - Infrastructure,,-0.21403343280707818,0.12790697674418605,0.01838440111420613,0.6022284122562674,2.4689922480620154,1.0208540218470705,0.016320474777448073,107.67742280037173,,3154410100.9368896,,33.380001068115234,42.470001220703125
TDC,2023,2023-12-31,Technology,Software - Infrastructure,,0.30065356440168944,0.45925925925925926,0.03382433169667212,0.6082924168030551,4.7407407407407405,0.8724899598393574,0.03310197544046983,71.77048980212604,,4137209884.643555,,43.77999877929688,33.65999984741211
TDC,2024,2024-12-31,Technology,Software - Infrastructure,,-0.2840726081316792,0.8571428571428571,0.06514285714285714,0.6045714285714285,4.330827067669173,0.8053763440860215,0.06690140845070422,26.853447947008863,,2943674963.9511113,,31.14999961853028,43.5099983215332
TDG,2024,2024-09-30,Industrials,Aerospace & Defense,0.8050734246170658,0.7548904073311838,-0.2724960254372019,0.2158690176322418,0.5884130982367758,-3.9585055643879175,1.5821107430194037,0.06698976002501368,49.36534396193159,,71268465779.30115,1.189031505250875,1264.7401123046875,720.6946411132812
TDG,2023,2023-09-30,Industrials,Aerospace & Defense,0.572289237202233,0.5707860249175646,-0.6542338709677419,0.19711465451784357,0.5834472285497343,-9.962701612903226,4.267257758074731,0.06499749624436656,31.986718993808157,,39708209915.29755,0.029275808936825885,704.6674194335938,448.608154296875
TDG,2022,2022-09-30,Industrials,Aerospace & Defense,-0.09850925365018808,-0.13580614814925424,-0.22952557646435198,0.1595137226008473,0.5708233560508381,-5.251258945136496,3.961430575035063,0.04782680731208925,33.47821819248484,,25279195628.278656,1.2598152424942264,448.6081237792969,519.1058959960938
TDG,2021,2021-09-30,Industrials,Aerospace & Defense,0.3178327925336074,0.31455222730034815,-0.23319615912208505,0.14172571904960402,0.523759899958316,-6.864883401920439,4.227300060132291,0.0352057986021227,49.86607444389409,,29251761745.211792,0.10735294117647058,519.1058349609375,394.8917541503906
TDY,2024,2024-12-31,Technology,Scientific & Technical Instruments,,0.03997399896102518,0.08578549437661005,0.14447971781305113,0.4294179894179894,0.277399627201709,2.334020291693088,0.057688109573606566,26.968623177385965,,21762358805.687744,,464.1300048828125,446.2900085449219
TDY,2023,2023-12-31,Technology,Scientific & Technical Instruments,,0.09599655867397548,0.09605040558712533,0.15716440422322775,0.43286309999112765,0.35189563180497113,1.6881263801596738,0.060965452680704024,23.704704585882578,,20551228101.030643,,438.2999877929688,399.9100036621094
TDY,2022,2022-12-31,Technology,Scientific & Technical Instruments,,-0.08267532885555,0.09653332027615923,0.14446927783680796,0.4269043344447294,0.4799245948195662,1.8497439936983064,0.054939389717152017,24.24500840978051,,18791502828.327576,,400.7699890136719,436.8900146484375
TDY,2021,2021-12-31,Technology,Scientific & Technical Instruments,,0.1145721781809833,0.058422986092889005,0.09650434518778579,0.39906377998829723,0.5378378378378378,1.6213294180459157,0.030858679306736518,45.77404107776469,,20485116578.063232,,436.8900146484375,391.9800109863281
TDY,2020,2020-12-31,Technology,Scientific & Technical Instruments,,0.13112483788582777,,,,,,,,,18379353961.172424,,391.9800109863281,346.5400085449219
TE,2024,2024-12-31,Industrials,Electrical Equipment & Parts,,0.37967910006803823,-1.8982782104859217,-153.00883752549285,0.4174031271244052,3.008294783184404,1.408541533824126,-0.3369789631439552,,,434626129.2475414,,2.5799999237060547,1.870000004768372
TE,2023,2023-12-31,Industrials,Electrical Equipment & Parts,,-0.7811060012261527,-0.11362218589849889,-inf,,0.0,6.342591086532206,-0.09826068548249418,,,320073511.4836067,,1.899999976158142,8.680000305175781
TE,2022,2022-12-31,Industrials,Electrical Equipment & Parts,,-0.24239713454143438,-0.13769644089176325,-inf,,0.020072339031716274,9.259723864616959,-0.11935633528170903,,,1426854085.133605,,8.470000267028809,11.18000030517578
TE,2021,2021-12-31,Industrials,Electrical Equipment & Parts,,0.11133199193263592,-0.17118344225780727,-inf,,0.0,22.59142535953793,-0.14892039174971652,,,1883380000.509834,,11.18000030517578,10.0600004196167
TE,2020,2020-12-31,Industrials,Electrical Equipment & Parts,,,,,,,,,,,1694705105.3885221,,10.0600004196167,
TECH,2021,2021-06-30,Healthcare,Biotechnology,,0.7117561928393157,,,,,,,,,17215156762.685112,,110.57085418701172,64.59497833251953
TECH,2022,2022-06-30,Healthcare,Biotechnology,-0.22490553077898934,-0.2278206942729409,0.15986355382924838,0.24606661185475023,0.6842408504349226,0.1915482115679557,3.4403072413048665,0.11855081368569442,51.51163276683871,,13293188714.223305,0.18446908851649138,85.38053131103516,110.57086181640624
TECH,2023,2023-06-30,Healthcare,Biotechnology,-0.05057021244984268,-0.05435297677231082,0.14506009612939838,0.2509567151285033,0.6772355463437207,0.23135585980485285,4.8360970826945975,0.10810772913246411,45.87491208856756,,12570664336.809181,0.17627592782800433,80.7398452758789,85.38053131103516
TECH,2024,2024-06-30,Healthcare,Biotechnology,-0.11476245327242644,-0.11877329974906291,0.0812552867535104,0.1450356323227443,0.6640941797663624,0.20278802233124682,3.873904341224377,0.06217206689530217,67.76200067429315,,11077604006.726273,0.29992564171202524,71.15010070800781,80.73983764648438
TECH,2025,2025-06-30,Healthcare,Biotechnology,-0.27381679365672945,-0.278363162595539,0.038252915351614125,0.06018193967867436,0.6479577906504815,0.23142388399464667,3.459217851679566,0.028695773198616974,111.68088498322861,,7998471387.4034815,0.6865258855585831,51.37320709228516,71.18983459472656
TEL,2024,2024-09-30,Technology,Electronic Components,0.2650909384834176,0.24355641144582602,0.25843787940105223,0.20151467339854845,0.3443357526033449,0.35054633751517605,1.6078803202697007,0.13971296053207316,14.378485444208312,,43887793358.49893,0.2380206702160977,148.52975463867188,119.4394989013672
TEL,2023,2023-09-30,Technology,Electronic Components,0.16032892081292996,0.13691474702338605,0.1653536490347156,0.11912186603467631,0.31526755644255955,0.37477274694831614,1.768317275375308,0.08796978629329404,19.757840487099013,,35203599281.39114,0.3795811518324607,119.13977813720705,104.79218292236328
TEL,2022,2022-09-30,Technology,Electronic Components,-0.16546464288802826,-0.18352695011219936,0.22477319014997224,0.1491308887660463,0.32209323751612307,0.4010368450286984,1.569084628670121,0.11683187373688769,14.028405696353119,,30964152709.389507,0.28212520593080725,104.7921905517578,128.34739685058594
TEL,2021,2021-09-30,Technology,Electronic Components,0.44974570965019656,0.4254274798610834,0.21261989843896933,0.15151109026335188,0.3274810694900489,0.3958999435772052,1.5599226804123711,0.10534898891063274,18.902419347299567,,37924289204.75932,0.286156567890314,128.34742736816406,90.0413589477539
TER,2024,2024-12-31,Technology,Semiconductor Equipment & Materials,0.16956687327485462,0.1651056296517968,0.19237865933811799,0.19233868107862745,0.5847507695362923,0.027177371356091277,2.908194159585897,0.14624260592755334,37.791787572653895,,19958754790.85553,0.14090513522084475,125.46873474121094,107.688720703125
TER,2023,2023-12-31,Technology,Semiconductor Equipment & Materials,0.20960742100547483,0.20466318289181484,0.17766045092099955,0.16767639478114918,0.5742066092789369,0.032706796832966664,3.276053828238763,0.12869935505778324,38.08331332363925,,16538468748.585297,0.1512594929939031,103.96744537353516,86.30416107177734
TER,2022,2022-12-31,Technology,Semiconductor Equipment & Materials,-0.4694784830345665,-0.4722027947981827,0.29188706046683915,0.22677996668827227,0.5917985321920923,0.05421014370369283,3.02562903426808,0.20435575616950735,20.118760384654546,,13505528795.641418,0.09742963322203603,84.90116882324219,160.8594512939453
TER,2021,2021-12-31,Technology,Semiconductor Equipment & Materials,0.37160296386131636,0.3680755360556113,0.39571232891672087,0.27399989359636456,0.5959294938184619,0.07199070498869715,3.1998049980127186,0.26633652060350316,28.931555988119662,,25588481072.90985,0.06502830210065356,160.8594512939453,117.58082580566406
TER,2020,2020-12-31,Technology,Semiconductor Equipment & Materials,,0.7672766845058374,,,,,,,,,18703997256.383728,,117.58082580566406,66.53221130371094
TFC,2024,2024-12-31,Financial Services,Banks - Regional,0.3096869116736033,0.23718241793216074,0.07566073587839005,0.36285585178490737,,0.8258609588718416,,0.009070439929514888,12.445519084022159,,53494158500.694275,0.6506849315068494,41.81694412231445,33.80014419555664
TFC,2023,2023-12-31,Financial Services,Banks - Regional,-0.005088322609395648,-0.07128092480492164,-0.01845992453596386,-0.054490060932973726,,1.0100336711730766,,-0.0020379229250451574,,,43929673830.41382,,34.34028625488281,36.97596740722656
TFC,2022,2022-12-31,Financial Services,Banks - Regional,-0.1763424764182904,-0.22466272904486517,0.10344713619988763,0.3134231212136384,,1.04018904716264,,0.011274099287714653,8.463102215837948,,47960906181.40411,0.47747603833865815,37.49154281616211,48.35514068603516
TFC,2021,2021-12-31,Financial Services,Banks - Regional,0.318949263036887,0.2608185786200293,0.09296819736975069,0.2888410477215644,,0.555095205785971,,0.0118985812235215,10.817703998062168,,61858115422.11151,0.44285714285714284,48.35513687133789,38.352176666259766
TFC,2020,2020-12-31,Financial Services,Banks - Regional,,-0.11159768742036667,,,,,,,,,49061873471.54236,,38.35218048095703,43.16983413696289
TFX,2024,2024-12-31,Healthcare,Medical Instruments & Supplies,-0.27576176498124055,-0.28161163799916394,0.01628628329133689,0.022864322927263394,0.5587456404373148,0.41023084798533943,2.2654983368239496,0.009816264327801097,119.30358474319046,,7803095002.239716,0.9119626838894869,176.56930541992188,245.78530883789065
TFX,2023,2023-12-31,Healthcare,Medical Instruments & Supplies,0.015178640733843616,0.009267645006458283,0.08023619969250086,0.11979469414746532,0.5536853557031141,0.4337710437407172,2.319600491145374,0.04730512100423947,32.78481330213002,,10909865007.440687,0.1793179317931793,246.86964416503903,244.60275268554688
TFX,2022,2022-12-31,Healthcare,Medical Instruments & Supplies,-0.23094497994662144,-0.23545267524617464,0.09028888345208116,0.13010880169800443,0.5485720202605407,0.4554884573920031,2.426487380737826,0.05241566076982845,31.877386569976807,,10819211605.441864,0.17566000897727868,244.81832885742188,320.21343994140625
TFX,2021,2021-12-31,Healthcare,Medical Instruments & Supplies,-0.19534600905002295,-0.19894892132323627,0.12926939437746554,0.17275782746284743,0.5515455606441286,0.5236396690270558,2.1012763942780603,0.07063353261380481,31.301414512119685,,14151135300.928802,0.1311318694450053,320.2134704589844,399.74163818359375
TFX,2020,2020-12-31,Healthcare,Medical Instruments & Supplies,,0.09754702145501566,,,,,,,,,17665706366.21228,,399.7415771484375,364.213623046875
TGNA,2024,2024-12-31,Communication Services,Broadcasting,0.2701470013660127,0.23530755326309738,0.1996256548876199,0.19336673360260298,0.433871238641496,1.0449819849742772,2.9175859998284293,0.08186943895184057,5.07456425566849,,2884935589.8748627,0.13564781316999489,17.913211822509766,14.50101375579834
TGNA,2023,2023-12-31,Communication Services,Broadcasting,-0.22299095310929767,-0.24950582918270148,0.17624641757539727,0.16377034143727262,0.4095162027255894,1.163283881825092,2.4808395453643604,0.06810287401945442,6.439075135348136,,2364400266.9104004,0.17522507782280733,14.68109130859375,19.561899185180664
TGNA,2022,2022-12-31,Communication Services,Broadcasting,0.19456656994385346,0.16330010417376067,0.20524936826965462,0.19226041360130153,0.48365523161581403,1.025098951011843,3.3340869102663775,0.086025098459577,6.968101148503529,,3153431678.3466334,0.13443325524331887,19.58036422729492,16.83173942565918
TGNA,2021,2021-12-31,Communication Services,Broadcasting,0.3950026906164118,0.3557592571980201,0.1892931720468938,0.15947381107842518,0.4654933831880186,1.3178824924421784,2.0994983099282387,0.0689542367446961,7.865297014468184,,2710763071.6681137,0.16449651048949582,16.831735610961914,12.41498851776123
TGNA,2020,2020-12-31,Communication Services,Broadcasting,,-0.1464488584673981,,,,,,,,,1999442789.917225,,12.41498851776123,14.5451021194458
TGT,2025,2025-01-31,Consumer Defensive,Discount Stores,0.016354046984558987,-0.016747377052674324,0.27894449747715805,0.03838935495373759,0.28211624720830286,1.3551752352379653,0.9353334294918025,0.07081652789558414,15.095685351782944,,60774873742.21057,0.5001222195062331,133.74777221679688,136.02584838867188
TGT,2024,2024-01-31,Consumer Defensive,Discount Stores,-0.1377350761547683,-0.16591414062069626,0.30807027992852887,0.03852455963951886,0.2754254645663427,1.4626265634306135,0.9064442602569416,0.07475251101958234,14.65282056155621,,59524568859.97412,0.485983566940551,130.9962158203125,157.0536346435547
TGT,2023,2023-01-31,Consumer Defensive,Discount Stores,-0.1820316281875724,-0.20254759126816843,0.2475071225071225,0.025476539589442817,0.24572947214076246,1.6980947293447293,0.9151794871794872,0.05212337114465173,26.263152157582564,,71365044705.91528,0.660431654676259,157.05364990234375,196.94422912597656
TGT,2022,2022-01-31,Consumer Defensive,Discount Stores,0.25474509788922095,0.23340985284058363,0.541513993919077,0.0655252110749493,0.29283524362058394,1.2837764091369768,0.9919988963995033,0.12908141458066194,13.967674742353724,,89491282984.77979,0.22286207889432766,196.9442138671875,159.67459106445312
TGT,2021,2021-01-31,Consumer Defensive,Discount Stores,,0.6911819698005356,,,,,,,,,73517165768.33698,,161.7898406982422,95.6667251586914
THC,2024,2024-12-31,Healthcare,Medical Care Facilities,,0.6703718918445235,0.767202109805802,0.15485119767723204,0.8235180256472296,3.158235435147447,1.782366589327146,0.11058888581697539,3.860244750976562,,11152547026.58844,,126.2300033569336,75.56999969482422
THC,2023,2023-12-31,Healthcare,Medical Care Facilities,,0.5583110750690813,0.37997512437810943,0.02973525403932256,0.8252871325676465,9.32960199004975,1.505672268907563,0.021580955072054254,13.315236213537107,,6717326422.149658,,76.02999877929688,48.790000915527344
THC,2022,2022-12-31,Healthcare,Medical Care Facilities,,-0.40041623113711877,0.35989492119089317,0.021435276937519558,0.8293000938771252,13.204028021015763,1.3362377122430742,0.015134776844896156,12.92348272882225,,4327431939.556122,,48.97999954223633,81.69000244140625
THC,2021,2021-12-31,Healthcare,Medical Care Facilities,,1.0458302483613424,0.8891050583657587,0.04690787785476007,0.8292019502181165,15.219844357976653,1.384811117635545,0.03314115812756083,9.701900527482927,,7217393405.700684,,81.69000244140625,39.93000030517578
THC,2020,2020-12-31,Healthcare,Medical Care Facilities,,0.04996059918132943,,,,,,,,,3527855456.9625854,,39.93000030517578,38.02999877929688
TJX,2025,2025-01-31,Consumer Cyclical,Apparel Retail,0.31910499580907326,0.303491059344815,0.5795305611819374,0.08630234208658623,0.3060326472675656,1.5224591921839628,1.180141715116279,0.15320167564332735,29.01830180709911,,137579224221.74457,0.33881578947368424,123.6179656982422,94.83606719970705
TJX,2024,2024-01-31,Consumer Cyclical,Apparel Retail,0.1944321690499849,0.17750131942071054,0.6127088468912627,0.08252024272829556,0.3000165999594223,1.717611613256642,1.2117500717634677,0.15040172118196793,24.02470050080453,,103208757757.7305,0.3316942333482342,92.73534393310548,78.75604248046875
TJX,2023,2023-01-31,Consumer Cyclical,Apparel Retail,0.17554755362731683,0.157859451718173,0.549654305468259,0.07004966356936879,0.2760933995514258,2.0025141420490256,1.2087336244541484,0.12339059578821122,26.517188589179554,,87650659964.2086,0.38279016580903374,78.75605010986328,68.01866149902344
TJX,2022,2022-01-31,Consumer Cyclical,Apparel Retail,0.15940977018434357,0.14054645751096512,0.5468932200566383,0.06762100926879505,0.2849845520082389,2.083624854239547,1.2666220863584257,0.11535083096166684,25.19209685149016,,75700604105.39627,0.3813585135546756,68.01866149902344,59.636905670166016
TJX,2021,2021-01-31,Consumer Cyclical,Apparel Retail,,0.08920733690752848,,,,,,,,,66403317471.17519,,59.66484451293945,54.77822494506836
TKO,2020,2020-12-31,Communication Services,Entertainment,,-0.25075262984781327,,,,,,,,,3697880037.175827,,45.02094268798828,60.08822250366211
TKO,2021,2021-12-31,Communication Services,Entertainment,0.10858942641271369,0.03582368028388497,0.21806529307578237,0.26390966951695055,0.674784678238354,2.2834776746107748,5.062235746316464,0.06339127246911497,,,3830351709.3557744,0.9880259969156202,46.63375854492188,45.02094268798828
TKO,2022,2022-12-31,Communication Services,Entertainment,0.686370367313059,0.40025984966086453,0.6807243951655428,0.3396711125846053,0.7144350684604704,4.892435790169375,1.1656145869084495,0.10815532028385273,,,5363488147.430466,2.8297824543283197,65.29938507080078,46.63376235961914
TKO,2023,2023-12-31,Communication Services,Entertainment,0.2759875958457041,0.22064175918138623,0.05066366835565031,0.12428655353415707,0.6927714439917658,0.7366536220667903,1.0429745414495701,0.016403772861454325,,,6541169114.961319,1.424693528552763,79.63741302490234,65.24224853515625
TKO,2024,2024-12-31,Communication Services,Entertainment,0.7520966818509672,0.7419710125456821,0.00229966930031926,0.0033547988636189394,0.6791135600128515,0.7419603849697252,1.2965897619796707,0.000740791134695482,7043.361663818359,,11570395880.756378,7.148809523809524,140.8672332763672,80.8665771484375
TMC,2024,2024-12-31,Basic Materials,Other Industrial Metals & Mining,,0.018181800448205245,4.786949409977801,-inf,,-0.6878724150017526,0.09776449228850703,-1.3007238325026191,,,455160073.45783246,,1.1200000047683716,1.100000023841858
TMC,2023,2023-12-31,Basic Materials,Other Industrial Metals & Mining,,0.3896104921516937,-6.75773951273127,-inf,,,0.281483372694198,-1.0709039712029726,,,434840446.786157,,1.0700000524520874,0.7699999809265137
TMC,2022,2022-12-31,Basic Materials,Other Industrial Metals & Mining,,-0.6514422834448551,-4.119118178532707,-inf,,,1.1919546306531457,-1.8038553657532945,,,294634877.4141623,,0.7250000238418579,2.0799999237060547
TMC,2021,2021-12-31,Basic Materials,Other Industrial Metals & Mining,,,-1.523422928054684,-inf,,,3.332668498099575,-1.0614009389671362,,,845297244.6746807,,2.0799999237060547,
TMC,2020,2020-12-31,Basic Materials,Other Industrial Metals & Mining,,,,,,,,,,,,,,
TMO,2020,2020-12-31,Healthcare,Diagnostics & Research,,0.4371954101712768,,,,,,,,,173720186608.95676,,460.0492858886719,320.10211181640625
TMO,2021,2021-12-31,Healthcare,Diagnostics & Research,0.4376691837967896,0.43539541265190734,0.1893707253695487,0.19701104281961695,0.5008288490474612,0.8548035202118011,1.496948496576362,0.0812106430621406,33.93385006001895,,249357192025.9704,0.0511326860841424,660.3527221679688,460.0493469238281
TMO,2022,2022-12-31,Healthcare,Diagnostics & Research,-0.16728620555183857,-0.16911089708869956,0.15803356223566328,0.15473672492485807,0.4223755983524435,0.7842102869616626,1.4831863609641387,0.07153591205714639,31.121947342066083,,207188192736.95142,0.06546762589928058,548.679931640625,660.352783203125
TMO,2023,2023-12-31,Healthcare,Diagnostics & Research,-0.006695957526111078,-0.00923164632720937,0.12827645233764845,0.13988379961266537,0.39900133000443333,0.7471274205627474,1.7548529831572937,0.06072361890484776,35.02704114204086,,204351515354.1048,0.08723936613844871,541.1677856445312,546.210205078125
TMO,2024,2024-12-31,Healthcare,Diagnostics & Research,-0.014303316818190085,-0.017228052767082974,0.12776041141474237,0.14774131859418363,0.41283612024534155,0.6307351013411314,1.6604410441044104,0.06509386463353233,31.3845468879972,,195900093290.01947,0.0920284135753749,518.7865600585938,527.8809204101562
TMUS,2024,2024-12-31,Communication Services,Telecom Services,0.4157884054874982,0.39703318529938253,0.18365429779239079,0.1392997542997543,0.6357125307125308,1.852966424256167,0.9122633092098741,0.05450525152017689,22.61034094769022,,245809404808.2268,0.29103095511067995,218.4158935546875,156.34266662597656
TMUS,2023,2023-12-31,Communication Services,Telecom Services,0.16643182483973795,0.16154859420366646,0.12851734528316464,0.10587082155859365,0.6157234145472136,1.7588812485513405,0.9085913608562691,0.040046802322781946,22.782598498235707,,177684992689.22098,0.0898160394372971,157.88340759277344,135.9249267578125
TMUS,2022,2022-12-31,Communication Services,Telecom Services,0.19882712149755097,0.19882712149755097,0.037182726541862866,0.032549546945495215,0.5449849819657916,1.6049155851613643,0.7706329318567617,0.01225524988407196,65.53050661549985,,151923516212.62906,0.0,134.9928436279297,112.60409545898438
TMUS,2021,2021-12-31,Communication Services,Telecom Services,-0.13993334024063758,-0.13993334024063758,0.04376139619692628,0.03774432711750168,0.5431114106692628,1.5747301091140633,0.8890165538959105,0.014639601477515335,46.72368156464763,,126726767027.5128,0.0,112.60407257080078,130.92481994628906
TMUS,2020,2020-12-31,Communication Services,Telecom Services,,0.7195869082117229,,,,,,,,,147345284914.27585,,130.92481994628906,76.13736724853516
TPL,2020,2020-12-31,Energy,Oil & Gas E&P,,-0.03195681814299523,,,,,,,,,5245872578.539582,,228.2857818603516,235.8218994140625
TPL,2021,2021-12-31,Energy,Oil & Gas E&P,0.7487546359776773,0.7325010948512847,0.4142633774786677,0.5986810301624541,0.934605883474736,0.002217240463947977,7.795572993781462,0.353347363571638,34.06592080759448,,9088479378.28949,0.3158159863693607,395.5053405761719,228.2857666015625
TPL,2022,2022-12-31,Energy,Oil & Gas E&P,0.7429605521726078,0.7157523681862802,0.5775255632453385,0.6687852662932897,0.9507972467194669,0.002529477142195431,11.14848191498724,0.5087169644882138,35.23918092177017,,15593578813.296509,0.5539920512946891,678.5891723632812,395.50531005859375
TPL,2023,2023-12-31,Energy,Oil & Gas E&P,-0.3044004853686432,-0.3101507935624368,0.38884830846744045,0.6422549260206303,0.9234905279490813,0.0011215533801893411,13.67622853337139,0.35078320785750233,29.67130954866046,,11993375405.584717,0.24645194689938246,521.9183349609375,756.5687255859375
TPL,2024,2024-12-31,Energy,Oil & Gas E&P,1.1826959646746806,1.1531453049550058,0.40086007073066277,0.6431640793796745,0.8990030078362422,0.0004000123624129664,8.333923841059603,0.3637441707664941,55.84398621719701,,25305923786.896973,0.7650652039827297,1101.243408203125,511.4580078125
TPR,2021,2021-06-30,Consumer Cyclical,Luxury Goods,,2.2740963752927823,,,,,,,,,7977866911.367294,,38.53939437866211,11.771001815795898
TPR,2022,2022-06-30,Consumer Cyclical,Luxury Goods,-0.24640926571424138,-0.2795509534318558,0.3746663749726537,0.12810232627720847,0.6956990051611938,1.4269962809013346,1.7523148148148149,0.11786161617551925,8.758887281929281,,5747647178.854317,0.3087702907859395,27.76567268371582,38.539398193359375
TPR,2023,2023-06-30,Consumer Cyclical,Luxury Goods,0.4956119309912237,0.4463222004766023,0.41092282026516813,0.14052155114173762,0.707847287904037,1.445254192642023,1.8371550719005052,0.13151978417266186,10.350028755738563,,8312950286.337524,0.30267094017094015,40.158111572265625,27.765674591064453
TPR,2024,2024-06-30,Consumer Cyclical,Luxury Goods,0.05688391746556665,0.01822135382702101,0.2816804169974801,0.12231682455929968,0.7329266099052644,3.025475508301978,5.143549894835242,0.06091234146742011,11.682814461844307,,8464424298.903397,0.39387254901960783,40.88985061645508,40.15811538696289
TPR,2025,2025-06-30,Consumer Cyclical,Luxury Goods,1.1340605050746881,1.0993618290675238,0.21356959664257402,0.026131484730483403,0.7544039824839175,4.545581720680811,1.866272721433618,0.02783982980016716,106.68057697575267,,18108442965.091003,1.6337336244541485,87.47807312011719,41.668888092041016
TRGP,2024,2024-12-31,Energy,Oil & Gas Midstream,1.1354354404776599,1.101247016013782,0.506094738466286,0.08009034581692763,0.2597747459023899,5.502623051998149,0.7237912122549328,0.05771066371661953,29.928260215067247,,37829106156.17706,0.4691310975609756,175.79246520996094,83.66101837158203
TRGP,2023,2023-12-31,Energy,Oil & Gas Midstream,0.2325447267829013,0.2038235433032981,0.49125816695258606,0.08380291775371568,0.2524423578638008,4.748841113990583,0.7948857256691658,0.0651080215559361,22.739791870117188,,17909909611.447723,0.31748272531391636,83.2276382446289,69.13607788085938
TRGP,2022,2022-12-31,Energy,Oil & Gas Midstream,0.4180425527775679,0.3813655469114751,0.44847507221367744,0.05711951380328527,0.141028581257346,4.338447687286641,0.7684481690416408,0.06111963190184049,17.127650546044418,,14300635664.678986,0.317607695524885,66.45528411865234,48.1083984375
TRGP,2021,2021-12-31,Energy,Oil & Gas Midstream,1.0377074296922093,1.0014580064543008,0.035391191967392384,0.004200639535569741,0.13862700444843007,3.2964012327269114,0.7699804220143572,0.00468168488052498,,,10352533714.735992,2.633426966292135,48.10839080810547,24.03667259216309
TRGP,2020,2020-12-31,Energy,Oil & Gas Midstream,,-0.3248234096906963,,,,,,,,,5172496501.4711,,24.03667449951172,35.6005744934082
TRIP,2024,2024-12-31,Consumer Cyclical,Travel Services,,-0.3139804929534854,0.005302226935312832,0.0027247956403269754,0.9286103542234332,0.9575821845174973,2.1019108280254777,0.001952362358453729,369.2500114440918,,1715293192.231739,,14.770000457763672,21.530000686645508
TRIP,2023,2023-12-31,Consumer Cyclical,Travel Services,,0.17130144616916762,0.011481056257175661,0.005592841163310962,0.9334451901565995,1.0470723306544203,2.2674825174825175,0.003941663381947182,300.8571352277483,,2445773364.437971,,21.059999465942383,17.979999542236328
TRIP,2022,2022-12-31,Consumer Cyclical,Travel Services,,-0.32831990784273635,0.023228803716608595,0.013404825737265416,0.9477211796246648,1.0789779326364692,2.382739212007505,0.007785130400934216,130.785710471017,,2126405989.187971,,18.309999465942383,27.26000022888184
TRIP,2021,2021-12-31,Consumer Cyclical,Travel Services,-0.05281446912782663,-0.05281446912782663,-0.18757921419518378,-0.164079822616408,0.917960088691796,1.2078580481622307,2.6330532212885154,-0.06465705548274356,,,3165801717.24087,,27.26000022888184,28.780000686645508
TRIP,2020,2020-12-31,Consumer Cyclical,Travel Services,-0.05266617900988513,-0.05266617900988513,,,,,,,,,3342324828.7226086,,28.780000686645508,30.3799991607666
TRMB,2024,2024-12-31,Technology,Scientific & Technical Instruments,,0.32819553851083827,0.2618488155535829,0.4084380854125377,0.650585073168083,0.2635197465754617,1.2697986577181208,0.1585531654774828,11.60262785913126,,16814896982.848846,,70.66000366210938,53.20000076293945
TRMB,2023,2023-12-31,Technology,Scientific & Technical Instruments,,0.03738131602676052,0.06917624052798826,0.081949087845842,0.614104825334983,0.7085398102264394,1.0008746515060405,0.03263342173954064,41.960000610351564,,12481479109.40601,,52.45000076293945,50.560001373291016
TRMB,2022,2022-12-31,Technology,Scientific & Technical Instruments,,-0.4196582514362758,0.11103155399733347,0.12232407583711884,0.5727497755895874,0.4012394449656807,1.038369468572601,0.06186545604622369,28.111110263400604,,12041235742.687979,,50.59999847412109,87.19000244140625
TRMB,2021,2021-12-31,Technology,Scientific & Technical Instruments,,0.30582607196312206,0.12492711739802774,0.1346779262660217,0.5560656992156541,0.3586077521738028,1.2204273935722698,0.06941236125978928,44.943300227528994,,20748525799.64923,,87.19000244140625,66.7699966430664
TRMB,2020,2020-12-31,Technology,Scientific & Technical Instruments,,0.6015830856921583,,,,,,,,,15889195540.763557,,66.7699966430664,41.68999862670898
TROW,2020,2020-12-31,Financial Services,Asset Management,,0.28112246085189224,,,,,,,,,27040678167.61005,,123.07147216796876,96.06534576416016
TROW,2021,2021-12-31,Financial Services,Asset Management,0.412004892316768,0.3490663820674735,0.3416826448845689,0.40184308971701926,0.609848929209192,0.02761922706063595,5.072509333857339,0.24645455272204014,12.65484647053044,,36479669864.22861,0.5520451522916734,166.03158569335938,123.07147216796876
TROW,2022,2022-12-31,Financial Services,Asset Management,-0.39158060401700784,-0.4219372383868243,0.17624300016969285,0.2401054189014241,0.5495962024536095,0.03728717687652017,5.531919593549812,0.13380227255159619,14.324877155360888,,21087538704.45293,0.7108286796328391,95.97667694091795,166.03158569335938
TROW,2023,2023-12-31,Financial Services,Asset Management,0.08887133071861213,0.03563488137379075,0.18818318586863894,0.27686711554833215,0.4962618992338054,0.03245626032340533,5.8771212430995705,0.1456738443496107,12.798303427155485,,21820982817.855484,0.6271034829764633,99.31483459472656,95.89753723144533
TROW,2024,2024-12-31,Financial Services,Asset Management,0.14897408153748803,0.09682611344672849,0.2029984340866472,0.29605559941355586,0.5193554753580693,0.02693950934714946,8.005447117566954,0.15588628266033255,11.880767488740181,,23885029082.28965,0.5407361554211704,108.70902252197266,99.11235809326172
TRV,2020,2020-12-31,Financial Services,Insurance - Property & Casualty,,0.053085211738547855,,,,,,,,,28431542096.043564,,127.45945739746094,121.0343246459961
TRV,2021,2021-12-31,Financial Services,Insurance - Property & Casualty,0.17019318635284028,0.13962853554660581,0.1267698272579361,0.10518152573529412,,0.25236265448125456,,0.030398618697391796,10.024596873112923,,32401390863.853577,0.2373020207536865,145.25640869140625,127.45943450927734
TRV,2022,2022-12-31,Financial Services,Insurance - Property & Casualty,0.24880126632475394,0.22179625559048377,0.1318181818181818,0.0770273200346921,,0.3382189239332096,,0.024559917730324843,15.078483847307774,,39587902191.98059,0.3078817733990148,177.4737548828125,145.2564239501953
TRV,2023,2023-12-31,Financial Services,Insurance - Property & Casualty,0.06726331312457161,0.044372279885223166,0.12001926086433129,0.07229352476252629,,0.3222583363428434,,0.02374224070869517,14.5203436045464,,41426265919.08153,0.3035773988632564,185.71519470214844,177.82470703125
TRV,2024,2024-12-31,Financial Services,Insurance - Property & Casualty,0.310652775640795,0.2875842528765716,0.17940712029859315,0.10767209442577755,,0.28829313809933965,,0.03753312961280586,11.083476222499781,,53080669143.87178,0.1902380476095219,237.9622344970703,184.8129425048828
TSCO,2024,2024-12-31,Consumer Cyclical,Specialty Retail,0.2756428299730558,0.2543044667084631,0.48505638377436977,0.07399199810847523,0.3625931089828546,2.38927312016646,1.4271848009199752,0.11230857015231781,25.690342398250802,,27773865255.51433,0.4290545203588682,52.40829849243164,41.78275680541992
TSCO,2023,2023-12-31,Consumer Cyclical,Specialty Retail,0.0012490692536429571,-0.018538230028217313,0.515045851587292,0.07606799269099389,0.3591860421259213,2.342593273115815,1.4992264875645473,0.12050585585717953,20.853312920531625,,22301418436.585464,0.4060778919570169,42.08198547363281,42.87684631347656
TSCO,2022,2022-12-31,Consumer Cyclical,Specialty Retail,-0.030054094822666647,-0.047364220821266775,0.5330510532624108,0.07664439918091998,0.35003893424979887,2.090761137789755,1.328911309260285,0.12823478001740873,21.90303507843175,,22541862092.194035,0.3762271381228461,42.53569412231445,44.65053176879883
TSCO,2021,2021-12-31,Consumer Cyclical,Specialty Retail,0.733019534883953,0.7156900891604349,0.49789355683551667,0.07832108838942103,0.3516704166684667,1.957048233229222,1.574183399988958,0.12837054859711666,25.92946538803331,,23662627875.822826,0.23969776775774887,44.65053939819336,26.02482795715332
TSCO,2020,2020-12-31,Consumer Cyclical,Specialty Retail,,0.5233285981338459,,,,,,,,,13791898989.726078,,26.02482414245605,17.084182739257812
TSLA,2024,2024-12-31,Consumer Cyclical,Auto Manufacturers,,0.6252414813331915,0.09778777447094482,0.07298597604667827,0.17862626676220697,0.18683910962379824,2.024912390270983,0.05840910952732039,197.96078251857384,,1342828921625.1738,,403.8399963378906,248.47999572753903
TSLA,2023,2023-12-31,Consumer Cyclical,Auto Manufacturers,,1.0167234742124545,0.23947057508701344,0.15499157822946483,0.18248891736331416,0.15284031037455695,1.7258939752330598,0.14067981016338704,57.63805061924486,,826033977011.5869,,248.4199981689453,123.18000030517578
TSLA,2022,2022-12-31,Consumer Cyclical,Auto Manufacturers,,-0.6931244095915257,0.28147369362920543,0.15446465836831896,0.25598438535759005,0.12857909806728704,1.53195552061103,0.15282129757827492,29.861878031525162,,359448805702.8224,,108.0999984741211,352.260009765625
TSLA,2021,2021-12-31,Consumer Cyclical,Auto Manufacturers,,0.4975555924013577,0.18298055583159428,0.10263270349107259,0.25279155751258753,0.2939150021531021,1.3752854605430094,0.08890891825336789,216.11043543903375,,1171317683574.5366,,352.260009765625,235.22332763671875
TSLA,2020,2020-12-31,Consumer Cyclical,Auto Manufacturers,,7.434369946079431,,,,,,,,,782153056299.1036,,235.22332763671875,27.8886661529541
TSN,2024,2024-09-30,Consumer Defensive,Farm Products,0.2734988330869794,0.2226667118168217,0.043501903208265365,0.01500684687388621,0.06803729201448161,0.5321914083741164,2.0369751410068937,0.0215633423180593,25.588299221462673,,16452274860.574821,0.855,57.573673248291016,47.08860778808594
TSN,2023,2023-09-30,Consumer Defensive,Farm Products,-0.18843544863112144,-0.22785771901756,-0.035735951028511556,-0.012253928632211947,0.04975321949282351,0.5242375778966525,1.3420526234805354,-0.017875368955339165,,,13122920704.135818,,45.922813415527344,59.47454833984375
TSN,2022,2022-09-30,Consumer Defensive,Farm Products,-0.11373720452055398,-0.14652925648531978,0.16434879707643893,0.06077099207987688,0.12514545249802936,0.42234290934930463,1.8125352907961603,0.08793894788300155,6.66755111762761,,16995471833.049911,0.20166769610870908,59.47455596923828,69.6855239868164
TSN,2021,2021-09-30,Consumer Defensive,Farm Products,0.4038426902933106,0.360393947066621,0.17192348925125542,0.06476226912367956,0.1387064549724755,0.5274502059470744,1.5528853754940712,0.08391858767798617,8.35557841568542,,19913361954.34282,0.2087298982605842,69.6855239868164,51.224517822265625
TT,2020,2020-12-31,Industrials,Building Products & Equipment,,0.43415303473818595,,,,,,,,,30313955654.81183,,136.23309326171875,94.99201965332033
TT,2021,2021-12-31,Industrials,Building Products & Equipment,0.42866184716160705,0.4101522226327828,0.22752921242347224,0.10069041623044056,0.3161766786451996,0.7740053389600218,1.361606767107146,0.07881593373127056,32.72732892272013,,42747296731.3354,0.39419699311507655,192.1094207763672,136.2331085205078
TT,2022,2022-12-31,Industrials,Building Products & Equipment,-0.12158040659714187,-0.13608892522083252,0.288489964852347,0.10983822858107643,0.3104610516705541,0.7943205334559669,1.1217556446507702,0.09714295195115477,22.18789697330903,,36929865996.32213,0.35308852832337034,165.96546936035156,192.10943603515625
TT,2023,2023-12-31,Industrials,Building Products & Equipment,0.47306533925160704,0.4541729847366188,0.289326967063129,0.11448952346472371,0.33133457030366115,0.6832971180237878,1.1348641281903031,0.10436831873101655,26.967207626986532,,52625418863.25833,0.33781313305993377,236.50241088867188,162.63705444335938
TT,2024,2024-12-31,Industrials,Building Products & Equipment,0.5439016827508208,0.5297004821372923,0.3443425322498458,0.1294421872952183,0.3569124214898529,0.6396733445973127,1.2090823707755936,0.1274600803109194,32.62403494946898,,81595081060.62032,0.29498812259044355,366.6941528320313,239.71630859375
TTD,2024,2024-12-31,Communication Services,Advertising Agencies,,0.6332684863062651,0.13328473167646895,0.16077839327135496,0.8069347124606977,0.10586627649708645,1.8571508614164431,0.06431268837070192,150.67948561448316,,52379234091.46298,,117.52999877929688,71.95999908447266
TTD,2023,2023-12-31,Communication Services,Advertising Agencies,,0.5746150670239645,0.08268109650640716,0.09194705362464801,0.8121400530285903,0.10899682518266404,1.718133149171711,0.0366028751687314,196.0833231608073,,31459627168.388947,,70.58999633789062,44.83000183105469
TTD,2022,2022-12-31,Communication Services,Advertising Agencies,,-0.5196420695007542,0.025237089657969714,0.033835194052459286,0.8218253955678653,0.12336415108878529,1.8950245968729473,0.012186466983771238,400.1818223433061,,19618258594.67013,,44.02000045776367,91.63999938964844
TTD,2021,2021-12-31,Communication Services,Advertising Agencies,,0.14406992678352817,0.09019934446666221,0.11514065995969801,0.814826484976184,0.18633986902428198,1.714434884836453,0.03850961887883176,327.2857121058872,,40840917468.10649,,91.63999938964844,80.0999984741211
TTD,2020,2020-12-31,Communication Services,Advertising Agencies,,2.083378108325476,,,,,,,,,35697920653.26623,,80.0999984741211,25.97800064086914
TTWO,2025,2025-03-31,Communication Services,Electronic Gaming & Multimedia,,0.3957168316593606,-2.095195771155915,-0.7950333712013633,0.5435600681624538,1.920709173410675,0.7787764810000554,-0.4878604028015293,,,38231451437.0,,207.25,148.49000549316406
TTWO,2024,2024-03-31,Communication Services,Electronic Gaming & Multimedia,,0.2573344188006696,-0.6605973993895446,-0.6999027964707641,0.4190593689247794,0.6235113534113164,0.9390375664893617,-0.30647709320695105,,,27670531800.0,,150.0,119.3000030517578
TTWO,2023,2023-03-31,Communication Services,Electronic Gaming & Multimedia,,-0.22401457792934457,-0.12437931987835223,-0.2102282285650199,0.42716686293201744,0.3856234448437932,0.651183923564233,-0.0709048612730975,,,22007296854.558407,,119.3000030517578,153.74000549316406
TTWO,2022,2022-03-31,Communication Services,Electronic Gaming & Multimedia,,-0.12993770148056888,0.10971992545344778,0.1192650079890436,0.5619150878794795,0.06567446255610677,1.839002375296912,0.0638528634495822,42.94413561261566,,28360451406.20514,,153.74000549316406,176.6999969482422
TTWO,2021,2021-03-31,Communication Services,Electronic Gaming & Multimedia,,0.48975631092628863,,,,,,,,,32595885897.44159,,176.6999969482422,118.61000061035156
TXN,2024,2024-12-31,Technology,Semiconductors,0.16392958368703903,0.1313643503766629,0.2839140980890966,0.3068218144619909,0.5814206252797136,0.804354256640833,4.124622563821027,0.13514883550649132,35.23742382343,,166585389035.96878,0.999166493019379,183.234603881836,161.95896911621094
TXN,2023,2023-12-31,Technology,Semiconductors,0.08953119428175943,0.05659882340132497,0.38527549269101025,0.37159655231462985,0.628974256521491,0.6642007456945019,4.554819277108434,0.2012489180165698,22.74664375704451,,146206322518.38397,0.7,160.8187713623047,152.20419311523438
TXN,2022,2022-12-31,Technology,Semiconductors,-0.0815483413319227,-0.109540684580253,0.6001920834190848,0.43683842620331537,0.6875873776712602,0.5992316663236605,4.69715242881072,0.321571654353659,15.977953141604676,,136691081715.24316,0.4911418447822608,150.3525390625,168.84829711914062
TXN,2021,2021-12-31,Technology,Semiconductors,0.20506259115847486,0.17530971039457313,0.582689567239181,0.42351722634103794,0.6746620148277366,0.609315232880822,5.3269754768392374,0.3148403306856865,20.441682459944385,,153506262833.36636,0.500193075041833,168.84829711914062,143.66281127929688
TXN,2020,2020-12-31,Technology,Semiconductors,,0.31701301410855515,,,,,,,,,130609215409.37352,,143.66282653808594,109.08231353759766
TXT,2020,2020-12-31,Industrials,Aerospace & Defense,,0.08597828903147961,,,,,,,,,8568114308.899899,,48.080020904541016,44.27346420288086
TXT,2021,2021-12-31,Industrials,Aerospace & Defense,0.6013959503887317,0.5992951382470015,0.10946441672780631,0.06024874818284607,0.1683895978032628,0.5527512839325018,2.5656887755102042,0.047134643331016614,23.30125750917377,,13702944645.367813,0.024128686327077747,76.89414978027344,48.08002471923828
TXT,2022,2022-12-31,Industrials,Aerospace & Defense,-0.08759173790686416,-0.0888323470425813,0.12104597216364403,0.06690496542077862,0.20747532830833787,0.5000702938282019,2.1896457765667576,0.05284477996685693,17.472186766360466,,12485681149.947395,0.019744483159117306,70.06346893310547,76.89415740966797
TXT,2023,2023-12-31,Industrials,Aerospace & Defense,0.1385349420386902,0.1372632481663758,0.13181623014169172,0.06730980048235036,0.2081414894394504,0.5544582796622298,1.9198264047510278,0.05463929757949691,17.590709492066672,,14308641699.709053,0.01737242128121607,80.29302215576172,70.60196685791016
TXT,2024,2024-12-31,Industrials,Aerospace & Defense,-0.04714820488422973,-0.0479869632375539,0.11438089950027762,0.060137206247263174,0.18260108013428697,0.4980566352026652,1.7639963586709149,0.048936928376291725,17.65201261564968,,13620319125.136642,0.014563106796116505,76.43049621582031,80.28303527832031
TYL,2020,2020-12-31,Technology,Software - Application,,0.4549696853491309,,,,,,,,,18884644825.91156,,436.5199890136719,300.0199890136719
TYL,2021,2021-12-31,Technology,Software - Application,,0.23236054647243787,0.06947322584198497,0.10140006167229902,0.4456759365616877,0.5973119130889764,1.162543505071121,0.03411929560300252,140.82461052540086,,23272691217.598267,,537.9500122070312,436.5199890136719
TYL,2022,2022-12-31,Technology,Software - Application,,-0.40639468477347895,0.06258218579638918,0.08876858984198499,0.4236630122948605,0.39863526329366566,0.9522836477669314,0.03503848708147792,82.5142084166061,,13814793206.391907,,319.3299865722656,537.9500122070312
TYL,2023,2023-12-31,Technology,Software - Application,,0.26608978496470964,0.0564735474362618,0.08501033174826092,0.44119306202481773,0.23719883798304625,0.8596067674985866,0.035478074858077226,105.2061887131524,,17659471370.09827,,408.2000122070313,322.4100036621094
TYL,2024,2024-12-31,Technology,Software - Application,,0.379125661012268,0.07762492393214304,0.12303565857097216,0.43772087512273117,0.1883968407713089,1.3520735130306014,0.05077707303936379,95.31239911544422,,24946490752.11792,,576.6400146484375,418.1199951171875
UA,2020,2020-12-31,Consumer Cyclical,Apparel Manufacturing,,-0.2241918729049496,,,,,,,,,3058374141.1217165,,14.880000114440918,19.18000030517578
UA,2021,2021-12-31,Consumer Cyclical,Apparel Manufacturing,,0.21236564360101523,,0.06335218685217787,0.5034778073802149,,,,23.42857261756798,,3707867733.973732,,18.040000915527344,14.880000114440918
UA,2022,2022-03-31,Consumer Cyclical,Apparel Manufacturing,,-0.15709636016695397,,,,0.8537543508965536,2.181453801993693,,,,3198138612.446294,,15.5600004196167,18.459999084472656
UA,2023,2023-03-31,Consumer Cyclical,Apparel Manufacturing,,-0.45179951780609806,0.1904532061946538,0.06343359875592161,0.44786669523891,0.7736863011768703,2.1691465279857103,0.07756704069328706,10.154761586870466,,1753221129.4659948,,8.529999732971191,15.5600004196167
UA,2024,2024-03-31,Consumer Cyclical,Apparel Manufacturing,,-0.1770222507989119,0.10776181148254342,0.04069570750273725,0.46129582897146715,0.6700401154328779,2.4571238334015466,0.04874080341392735,13.499999963320219,,1442861978.979714,,7.019999980926514,8.529999732971191
UA,2025,2025-03-31,Consumer Cyclical,Apparel Manufacturing,,-0.1666666777973195,-0.10647481481559855,-0.03897267979652654,0.4792012872968509,0.6874396252826304,2.099906865030028,-0.04679679999702386,,,1222938536.0471392,,5.949999809265137,7.139999866485596
UAA,2020,2020-12-31,Consumer Cyclical,Apparel Manufacturing,,-0.2050926030990353,,,,,,,,,3242286422.0269203,,17.170000076293945,21.600000381469727
UAA,2021,2021-12-31,Consumer Cyclical,Apparel Manufacturing,,0.23412932090279687,,0.06335218685217787,0.5034778073802149,,,,27.51948121306184,,4001400740.188442,,21.190000534057617,17.170000076293945
UAA,2022,2022-03-31,Consumer Cyclical,Apparel Manufacturing,,-0.23194943253795633,,,,0.8537543508965536,2.181453801993693,,,,3213961336.161522,,17.020000457763672,22.15999984741211
UAA,2023,2023-03-31,Consumer Cyclical,Apparel Manufacturing,,-0.4424207099953807,0.1904532061946538,0.06343359875592161,0.44786669523891,0.7736863011768703,2.1691465279857103,0.07756704069328706,11.297618775140672,,1792038279.919239,,9.489999771118164,17.020000457763672
UAA,2024,2024-03-31,Consumer Cyclical,Apparel Manufacturing,,-0.22971547744112997,0.10776181148254342,0.04069570750273725,0.46129582897146715,0.6700401154328779,2.4571238334015466,0.04874080341392735,14.057692197652964,,1380379350.8548098,,7.309999942779541,9.489999771118164
UAA,2025,2025-03-31,Consumer Cyclical,Apparel Manufacturing,,-0.15311654429784824,-0.10647481481559855,-0.03897267979652654,0.4792012872968509,0.6874396252826304,2.099906865030028,-0.04679679999702386,,,1180214912.5,,6.25,7.380000114440918
UAL,2024,2024-12-31,Industrials,Airlines,,1.3533689390250296,0.24844181459566075,0.055184620507158756,0.28901389692094703,2.653491124260355,0.8099425238054387,0.042506377981453236,10.27513211366361,,31434958237.91503,,97.0999984741211,41.2599983215332
UAL,2023,2023-12-31,Industrials,Airlines,,0.08010611131691138,0.2807807807807808,0.048736898933298585,0.28294580858945956,3.94026169026169,0.8326352294734946,0.03681930693069307,5.16096339932866,,13182611307.267975,,40.720001220703125,37.70000076293945
UAL,2022,2022-12-31,Industrials,Airlines,,-0.15006852165402781,0.10687354988399073,0.016394171949727504,0.23668112557001447,5.283207656612529,1.0033013205282113,0.010941536268891595,16.686098244158142,,12046290274.299019,,37.209999084472656,43.77999877929688
UAL,2021,2021-12-31,Industrials,Airlines,,0.012254307035766061,-0.39053489759395504,-0.07972720630023544,0.02926849070390517,7.827798767150527,1.192854020979021,-0.02880821415474881,,,14173248763.232027,,43.77999877929688,43.25
UAL,2020,2020-12-31,Industrials,Airlines,,-0.5090248405266803,,,,,,,,,14001668024.25,,43.25,88.08999633789062
UBER,2024,2024-12-31,Technology,Software - Application,,-0.020302095276850864,0.4571852676500603,0.224112056028014,0.39399245077083994,0.5160961128119491,1.06700941094458,0.19233471235656857,13.228070108514084,,125792453899.90073,,60.31999969482422,61.56999969482422
UBER,2023,2023-12-31,Technology,Software - Application,,1.3606955984130982,0.1677482442883812,0.0506155950752394,0.39762881896944824,0.9977775802293537,1.194943939073408,0.048760949895346135,67.10344950358073,,121746744532.34746,,58.380001068115234,24.729999542236328
UBER,2022,2022-12-31,Technology,Software - Application,,-0.3951824367809233,-1.2453678474114442,-0.28675847789942593,0.383285754619318,1.517574931880109,1.0447305997966791,-0.2846865364850976,,,52886218896.19854,,25.36000061035156,41.93000030517578
UBER,2021,2021-12-31,Technology,Software - Application,,-0.1778431312710631,-0.034306266426891684,-0.028415926668576338,0.464279576052707,0.768086872319823,0.9772828014184397,-0.012792077165110641,,,87441605721.09927,,41.93000030517578,51.0
UBER,2020,2020-12-31,Technology,Software - Application,,0.7148621517317013,,,,,,,,,106356352476.0,,51.0,29.739999771118164
UDR,2020,2020-12-31,Real Estate,REIT - Residential,,-0.14538155746338208,,,,,,,,,10527839017.06564,,31.7728328704834,37.17779922485352
UDR,2021,2021-12-31,Real Estate,REIT - Residential,0.6528502439455004,0.6112457868879992,0.043572898688711816,0.1162223701101748,0.17666937565029164,1.628080202760833,0.08560345027836065,0.013922314347178062,106.65383338928223,,16962935242.983444,2.919721896331058,51.19384002685547,31.77283096313477
UDR,2022,2022-12-31,Real Estate,REIT - Residential,-0.3080001540065739,-0.33676906116211025,0.021210882643966634,0.05728535784566353,0.2181607053182249,1.3851691704784064,0.11293045082528708,0.007874642047312716,130.58973459097055,,11250340951.699936,5.6141571947908515,33.953330993652344,51.19382858276367
UDR,2023,2023-12-31,Real Estate,REIT - Residential,0.0888328310995438,0.040598444881552606,0.11133474512570832,0.273027789230237,0.24118141862892864,1.499456045685147,0.31061791161517405,0.03907003825294494,26.46266026283378,,11749559819.97947,1.225651677832714,35.459964752197266,34.07651138305664
UDR,2024,2024-12-31,Real Estate,REIT - Residential,0.23125678030554117,0.18287349275361217,0.02601791063848943,0.05358460907190991,0.24942967098565536,1.745246071610607,0.3898050396855976,0.008220627944574148,159.86429361196664,,13772352128.370491,6.288251381369649,41.56471633911133,35.13876724243164
UHS,2020,2020-12-31,Healthcare,Medical Care Facilities,,-0.040047711232301574,,,,,,,,,7558221484.768402,,134.0395050048828,139.6314239501953
UHS,2021,2021-12-31,Healthcare,Medical Care Facilities,-0.042916248316596864,-0.05163470247069457,0.16283164391335878,0.07843543925435906,0.8871127359444625,0.7487106020956165,1.1408425645970055,0.07573122110646446,10.75451781503642,,7167954151.209123,0.06645488558779335,127.11840057373048,134.03948974609375
UHS,2022,2022-12-31,Healthcare,Medical Care Facilities,0.11522865615449558,0.10707444516332706,0.11411192345617373,0.050420952626877236,0.8899695284181272,0.8903310519134774,1.3253838370805973,0.05006666573787174,15.397101471147598,,7935457436.094452,0.08651305710847547,140.72950744628906,127.11837768554688
UHS,2023,2023-12-31,Healthcare,Medical Care Facilities,0.1237481829604109,0.11667142616006342,0.1167335962378279,0.050258801723234936,0.8926739549205236,0.872764209991184,1.3963564154614183,0.05138999521893593,15.176273767316562,,8754424162.254425,0.07729226311133401,155.25328063964844,139.03219604492188
UHS,2024,2024-12-31,Healthcare,Medical Care Facilities,0.1881080223268568,0.18185572283242746,0.1713263629527256,0.07215704385948009,0.8996845766677712,0.7433656050584688,1.2741043953011346,0.07892998005701413,10.631970418052356,,10083854019.851746,0.04670881720204151,178.82974243164062,151.3126678466797
ULTA,2025,2025-01-31,Consumer Cyclical,Specialty Retail,,-0.18146249823402058,0.48269598405049446,0.10633452476501139,0.3884018579180984,0.7728943602455118,1.7020766764185902,0.20012986335688945,16.264798496309567,,18480131448.928345,,412.1499938964844,503.5199890136719
ULTA,2024,2024-01-31,Consumer Cyclical,Specialty Retail,,-0.023173075084663066,0.5663972012803774,0.11519319143954616,0.3909147455012147,0.8384453663535919,1.7106099357673512,0.22621386221263634,19.287360268650357,,22511100098.856693,,502.0499877929688,513.9600219726562
ULTA,2023,2023-01-31,Consumer Cyclical,Specialty Retail,,0.4129873969631091,0.6339427628480502,0.12170233274363329,0.3961873247797441,0.9711018052250957,1.6109788764846664,0.23134318770015927,21.40608171481284,,23045126546.65796,,513.9600219726562,363.739990234375
ULTA,2022,2022-01-31,Consumer Cyclical,Specialty Retail,,0.30018579331301154,0.6420830638548418,0.1142219532657644,0.3902905019401825,1.2028060933727505,1.4641645432314299,0.20691825734266733,20.230255296683815,,16309506083.485352,,363.739990234375,279.760009765625
ULTA,2021,2021-01-31,Consumer Cyclical,Specialty Retail,,0.05337608748273554,,,,,,,,,12653834321.299683,,282.2099914550781,267.9100036621094
UNH,2024,2024-12-31,Healthcare,Healthcare Plans,-0.007772111548036816,-0.02410357606046363,0.15546418010317511,0.03598748869535673,0.2233422771174034,0.829976904314792,0.8266341585637329,0.04829387350055988,32.045204265897006,,450138917789.1998,0.5229434224227699,497.0211181640625,509.2969970703125
UNH,2023,2023-12-31,Healthcare,Healthcare Plans,0.04736681261428629,0.032592475645167436,0.25216323403488217,0.06022517504345814,0.2447594598812772,0.7045946189553383,0.7918610051083248,0.08176603828730089,21.867026547274467,,472532726336.8454,0.3020865913051249,521.7472534179688,505.2789611816406
UNH,2022,2022-12-31,Healthcare,Healthcare Plans,0.060086677918482004,0.04608689148562336,0.25870493236640435,0.062067731566315607,0.24560867714291001,0.7409221827907216,0.7739950917220435,0.08188681549012027,23.33715941345388,,447657297984.272,0.29776341948310137,494.2810363769531,472.5047607421875
UNH,2021,2021-12-31,Healthcare,Healthcare Plans,0.46995235717646816,0.4520366636787584,0.24087235228539577,0.060101461419973086,0.2421861145978574,0.641067447045708,0.7888162264343739,0.08145387029584461,26.134111184989457,,427935071852.16907,0.30546716806479607,472.5047302246094,325.40826416015625
UNH,2020,2020-12-31,Healthcare,Healthcare Plans,,0.21250138017149264,,,,,,,,,294713626928.9551,,325.408203125,268.3775939941406
UNM,2020,2020-12-31,Financial Services,Insurance - Life,,-0.16219268362508807,,,,,,,,,3331090719.8735046,,19.558612823486328,23.345001220703125
UNM,2021,2021-12-31,Financial Services,Insurance - Life,0.19061273596844208,0.11874438408846356,0.08592901440033636,0.08287082794799666,,0.30151361199677656,,0.013991180279424266,5.443056780307447,,3726639035.7476807,0.24403669724770644,21.881088256835938,19.558612823486328
UNM,2022,2022-12-31,Financial Services,Insurance - Life,0.7708035941514425,0.7025919912245399,0.16109902690326275,0.11850105263157895,,0.39265025758443045,,0.023012829423452744,5.731471135066106,,6344945223.36731,0.18064241046048893,37.25456237792969,21.881086349487305
UNM,2023,2023-12-31,Financial Services,Insurance - Life,0.19208268625822436,0.14924036564986987,0.13301697163105872,0.10430021042027184,,0.35543030026731876,,0.020295564633421442,6.714483994704026,,7433175906.430206,0.2158435893441346,43.64414596557617,37.97651672363281
UNM,2024,2024-12-31,Financial Services,Insurance - Life,0.7034606296258982,0.6631484775787326,0.16231035206320535,0.13909977248027772,,0.34118838437748034,,0.028714010648925987,7.592419388430314,,12232627100.263367,0.16665729863414086,71.82428741455078,43.185733795166016
UNP,2024,2024-12-31,Industrials,Railroads,-0.028077686144335572,-0.05102426585958216,0.3994671403197158,0.2782268041237113,0.4552164948453608,1.9220248667850799,0.7653216596878569,0.0996381894705752,20.200919589016006,,132876405618.18677,0.47621164962205426,224.0281982421875,236.0736846923828
UNP,2023,2023-12-31,Industrials,Railroads,0.23280079613554294,0.20524318456748558,0.4313632675142007,0.2644802852522907,0.4365438036402836,2.3112658912631865,0.8123775949862906,0.09502174819758089,22.38936136784166,,138772426456.05002,0.4974133876783195,233.9688262939453,194.12582397460935
UNP,2022,2022-12-31,Industrials,Railroads,-0.13420243592860504,-0.15726687183960167,0.5753514757872236,0.2813266331658291,0.45045226130653265,2.874044232508427,0.7159420289855073,0.10692294763861938,17.35985353522594,,115424195160.54245,0.45141468991140327,194.6039581298828,230.92002868652344
UNP,2021,2021-12-31,Industrials,Railroads,0.2583428813179667,0.23313354988875493,0.4606313113480686,0.29916529077233533,0.48220509998165473,2.223571781653838,0.6182103064066853,0.10268398268398268,23.208044617619347,,136964121773.08081,0.4292503449333129,230.9200439453125,187.26280212402344
UNP,2020,2020-12-31,Industrials,Railroads,,0.17635014062577,,,,,,,,,111069973422.70808,,187.2627868652344,159.18966674804688
UPS,2020,2020-12-31,Industrials,Integrated Freight & Logistics,,0.4864320640612048,,,,,,,,,102584373694.35193,,139.37281799316406,93.7633285522461
UPS,2021,2021-12-31,Industrials,Integrated Freight & Logistics,0.33369428709049614,0.30019015896431117,0.9043710096120116,0.13249457789838315,0.20845539486262296,1.7910615309057742,1.4192042802663782,0.18572148980620992,12.344084903394823,,133379193140.91374,0.26664080682699765,181.211166381836,139.37281799316406
UPS,2022,2022-12-31,Industrials,Integrated Freight & Logistics,-0.11682856340052349,-0.15517037256093372,0.5836450015162236,0.1150909924455341,0.2094321194363053,1.1887698372586677,1.2247519294377067,0.16236432146673416,11.5979223540335,,112682703537.7472,0.4428472462764115,153.0925750732422,181.211181640625
UPS,2023,2023-12-31,Industrials,Integrated Freight & Logistics,-0.004873080876520723,-0.052941672447696625,0.3876112330983474,0.07374832340200972,0.1895160403702808,1.5444932393389577,1.0982688391038697,0.09466954570472924,18.43544397598658,,105840366220.79285,0.800834824090638,143.7964630126953,151.83485412597656
UPS,2024,2024-12-31,Industrials,Integrated Freight & Logistics,-0.1079356197278968,-0.15930653424209598,0.34585476731666465,0.06348962336664105,0.17959811134292303,1.5343940662758704,1.174502767471565,0.08251748251748252,17.783891465928818,,88355523053.27068,0.9337599446558285,120.04126739501952,142.78839111328125
URBN,2021,2021-01-31,Consumer Cyclical,Apparel Retail,,0.05976557642570769,,,,,,,,,2433504358.672514,,27.1299991607666,25.600000381469727
URBN,2022,2022-01-31,Consumer Cyclical,Apparel Retail,,0.047028763901810704,0.17792798469416982,0.06828581748488545,0.32842994897733735,0.680167149747385,1.3100176978887856,0.08192761042447447,9.175718630464694,,2576124057.209329,,28.71999931335449,27.43000030517578
URBN,2023,2023-01-31,Consumer Cyclical,Apparel Retail,,-0.046309190651255064,0.0890837922822942,0.033303623340126175,0.29763156994722273,0.6232936888451556,1.3901113464678887,0.0433621547297356,16.111764346852024,,2456825837.102738,,27.38999938964844,28.71999931335449
URBN,2024,2024-01-31,Consumer Cyclical,Apparel Retail,,0.3873676833436301,0.13617446296874852,0.05582394134017123,0.33287892639131483,0.5105219309456862,1.2899784249727169,0.06997309064073366,12.459016393442624,,3408520770.0,,38.0,27.38999938964844
URBN,2025,2025-01-31,Consumer Cyclical,Apparel Retail,,0.4044601990564376,0.16284092601104427,0.07250697483869503,0.34710609501634576,0.44440874868096514,1.387770887039721,0.08905051023569083,13.009389241536459,,4971058285.058212,,55.41999816894531,39.459999084472656
URI,2020,2020-12-31,Industrials,Rental & Leasing Services,,0.3905978889275935,,,,,,,,,14481718157.592316,,225.0768280029297,161.8561553955078
URI,2021,2021-12-31,Industrials,Rental & Leasing Services,0.43284051383825245,0.43284051383825245,0.2313470205307962,0.14265129682997119,0.396562371346233,1.7539642797529629,0.8263542066845947,0.06830277942046127,16.937981934106652,,20749991079.466736,0.0,322.4991760253906,225.07681274414065
URI,2022,2022-12-31,Industrials,Rental & Leasing Services,0.07349002408482036,0.07349002408482036,0.2980741999433588,0.1808108572410239,0.42913588730458685,1.7308128009062589,1.1137014314928426,0.08704461812016706,11.67620962828046,,22274906315.81781,0.0,346.1996154785156,322.4991455078125
URI,2023,2023-12-31,Industrials,Rental & Leasing Services,0.6364349873469057,0.6181420468192983,0.2981549815498155,0.1691320122802121,0.4055958693831984,1.5574415744157442,0.8064338740720374,0.09472820352495213,15.821267471832483,,35913617606.59277,0.1674917491749175,558.17431640625,344.9476623535156
URI,2024,2024-12-31,Industrials,Rental & Leasing Services,0.251605380624668,0.2396540214405745,0.298654604500116,0.16780710329097426,0.40078201368523947,1.715263279981443,0.9777309659945832,0.09143202073642723,18.0835998961093,,45016624219.717896,0.16854368932038835,699.6544799804688,564.3949584960938
USB,2020,2020-12-31,Financial Services,Banks - Regional,,-0.17854571360941432,,,,,,,,,59077867340.08789,,37.96778106689453,46.22019958496094
USB,2021,2021-12-31,Financial Services,Banks - Regional,0.29209233184609196,0.2432246233457041,0.14499799701372956,0.35046872936930595,,0.7596416475472523,,0.01389014868721262,9.25538829728669,,73447059371.94824,0.36255180208464144,47.20248031616211,37.96778106689453
USB,2022,2022-12-31,Financial Services,Banks - Regional,-0.1303313053423607,-0.1721981993310731,0.11474215025804672,0.2408617267614952,,1.3668203128077847,,0.008632123354154163,10.589239849307672,,60799603088.37891,0.5278969957081545,39.07429504394531,47.20247650146485
USB,2023,2023-12-31,Financial Services,Banks - Regional,0.11890198968103265,0.06315818717111565,0.09816294796224641,0.1938028772355692,,1.1379416338191155,,0.00818247723028647,12.41089590463434,,63148127670.288086,0.609872904770676,40.5836296081543,38.17271041870117
USB,2024,2024-12-31,Financial Services,Banks - Regional,0.21164426884842769,0.15624768145759257,0.10753183789135853,0.2304371684653375,,1.120318208201031,,0.009286204995297191,12.203553735738067,,71967285232.54396,0.5473884743610097,46.25146865844727,40.00135040283203
Uber,2024,2024-12-31,Technology,Software - Application,,-0.020302095276850864,0.4571852676500603,0.224112056028014,0.39399245077083994,0.5160961128119491,1.06700941094458,0.19233471235656857,13.228070108514084,,125792453899.90073,,60.31999969482422,61.56999969482422
Uber,2023,2023-12-31,Technology,Software - Application,,1.3606955984130982,0.1677482442883812,0.0506155950752394,0.39762881896944824,0.9977775802293537,1.194943939073408,0.048760949895346135,67.10344950358073,,121746744532.34746,,58.380001068115234,24.729999542236328
Uber,2022,2022-12-31,Technology,Software - Application,,-0.3951824367809233,-1.2453678474114442,-0.28675847789942593,0.383285754619318,1.517574931880109,1.0447305997966791,-0.2846865364850976,,,52886218896.19854,,25.36000061035156,41.93000030517578
Uber,2021,2021-12-31,Technology,Software - Application,,-0.1778431312710631,-0.034306266426891684,-0.028415926668576338,0.464279576052707,0.768086872319823,0.9772828014184397,-0.012792077165110641,,,87441605721.09927,,41.93000030517578,51.0
Uber,2020,2020-12-31,Technology,Software - Application,,0.7148621517317013,,,,,,,,,106356352476.0,,51.0,29.739999771118164
V,2024,2024-09-30,Financial Services,Credit Services,0.21574837488948426,0.20479394910640644,0.504458696374275,0.5495462895952792,0.803985971162946,0.5323862329764673,1.2834408115548517,0.2088963189470009,28.06090681305402,,463795746485.4215,0.213594691789495,273.0326232910156,226.6218414306641
V,2023,2023-09-30,Financial Services,Credit Services,0.3250238443000896,0.31230651974257656,0.44595048150156197,0.5289866168499066,0.7988852479098398,0.5283091937107892,1.451727422287644,0.19086398744737512,27.519721800578388,,387067400324.10004,0.21715972905690964,227.86329650878903,173.63572692871094
V,2022,2022-09-30,Financial Services,Credit Services,-0.18809491213718715,-0.19681699440007447,0.42036480143897026,0.5103036506311839,0.8044012282497441,0.6309547230263343,1.4484726418261162,0.1749336265072923,24.805101667131698,,294951949476.90625,0.21414722203650466,173.63571166992188,216.1844940185547
V,2021,2021-09-30,Financial Services,Credit Services,0.1290128446279057,0.12047568470427072,0.32751602862539575,0.5107239161999585,0.7938187098112425,0.5580621990475937,1.754050447931889,0.14851138776298012,38.39866407811112,,367228796677.81647,0.2272764194622695,216.1844787597656,192.93991088867188
VFC,2021,2021-03-31,Consumer Cyclical,Apparel Manufacturing,,0.516215940699317,,,,,,,,,26683834824.169983,,68.31210327148438,45.05433654785156
VFC,2022,2022-03-31,Consumer Cyclical,Apparel Manufacturing,-0.23845013915277183,-0.2674266713901711,0.3928616243975464,0.11712208575694318,0.5451388466657209,1.9257216342265864,1.383870468604514,0.10395138495817184,14.176664271368184,,19547865697.21707,0.5574894678288406,50.04362487792969,68.31210327148438
VFC,2023,2023-03-31,Consumer Cyclical,Apparel Manufacturing,-0.5394607132082625,-0.5754158377886361,0.040740533333241714,0.010693494547340383,0.5227021688088554,2.8003355191666097,1.4532005214106063,0.008476044581146848,68.54107149185671,,8299714812.739108,5.92698846387371,21.247732162475582,50.04362869262695
VFC,2024,2024-03-31,Consumer Cyclical,Apparel Manufacturing,-0.2671801822625432,-0.30370433207389996,-0.5842392959330425,-0.09771212820747104,0.5155774521923766,4.4316432148531835,1.222728573126999,-0.08343107611726654,,,5779054950.362912,,14.794702529907228,21.247730255126957
VFC,2025,2025-03-31,Consumer Cyclical,Apparel Manufacturing,0.05711089458622296,0.0329201729620969,-0.12755225873511372,-0.019960249102259086,0.5348795663109932,3.607782653683475,1.4033744610992518,-0.020230900739810542,,,5984908523.722585,,15.321699142456056,14.833381652832031
VICI,2024,2024-12-31,Real Estate,REIT - Diversified,0.0261189705517317,-0.030705716080567425,0.1009425933535572,0.6959385119784475,0.9930128429117181,0.6650883611792996,27.916755158771014,0.05904502066832507,10.953439027071001,,29901865839.70365,0.6543916888469133,28.04080390930176,28.92909240722656
VICI,2023,2023-12-31,Real Estate,REIT - Diversified,0.11433112930407041,0.0611511712582043,0.0995227616039971,0.6958882476907454,0.9925002519388215,0.6979953342444593,28.222806991155768,0.0570483220763325,11.998744146061329,,31603892384.346123,0.6301232524646514,29.636898040771484,27.92900657653809
VICI,2022,2022-12-31,Real Estate,REIT - Diversified,0.15367598967043425,0.1074171602770648,0.0509552975641933,0.42974441082525183,0.9913092528656741,0.6642296943274844,28.96607285457725,0.02974345793489676,21.55015750194159,,29185154572.43732,1.0908006639019,27.36870002746582,24.71399307250977
VICI,2021,2021-12-31,Real Estate,REIT - Diversified,0.27338133638781,0.23774427834833414,0.08373212419810992,0.6716166479416628,0.9862463963200068,0.4122673862190695,9.99370584306098,0.05761376996441458,14.04203935102983,,26354251238.3479,0.748423584925201,24.7139892578125,19.96695899963379
VICI,2020,2020-12-31,Real Estate,REIT - Diversified,,0.060097987103356953,,,,,,,,,21292165703.65246,,19.96696281433105,18.83501625061035
VLO,2024,2024-12-31,Energy,Oil & Gas Refining & Marketing,0.006574521662729642,-0.029575308099340853,0.11300587467362924,0.021327214912111855,0.03664893248435106,0.470789817232376,1.5319135204904808,0.04605689772708378,13.9389669422781,,37152810467.718994,0.4996389891696751,119.5963363647461,123.2412338256836
VLO,2023,2023-12-31,Energy,Oil & Gas Refining & Marketing,0.10414761606759373,0.06399828140104886,0.3353450239125484,0.061029523506900794,0.08903333655692636,0.47965535565171186,1.560588025235091,0.1401135498604415,4.970583295745605,,38479479608.45435,0.16434634974533108,123.86693572998048,116.4164810180664
VLO,2022,2022-12-31,Energy,Oil & Gas Refining & Marketing,0.7310477955271049,0.6554835562907848,0.4892831373880565,0.06535777257445445,0.09496946984686733,0.5399601035609694,1.3821086993872058,0.18903938867206715,3.793317358684277,,34220754963.722412,0.13549618320610687,110.1579360961914,66.54124450683594
VLO,2021,2021-12-31,Energy,Oil & Gas Refining & Marketing,0.5112325808756444,0.4025369567823564,0.050461204557786216,0.008159540960018249,0.027040543267501337,0.8206728160607705,1.2560085454869148,0.016065505804311774,29.313326932260118,,20671156024.06372,1.7225806451612904,66.54125213623047,47.4434928894043
VLO,2020,2020-12-31,Energy,Oil & Gas Refining & Marketing,,-0.3569074827745467,,,,,,,,,14738402622.502686,,47.44348907470703,73.77397155761719
VLTO,2020,2020-12-31,Industrials,Pollution & Treatment Controls,,,,,,,,,,,,,,
VLTO,2021,2021-12-31,Industrials,Pollution & Treatment Controls,,,0.2693149827963716,0.18319148936170213,0.5772340425531914,0.04222708789490147,1.0749330954504905,0.1778925619834711,,,,,,
VLTO,2022,2022-12-31,Industrials,Pollution & Treatment Controls,,,0.26120556414219476,0.1735112936344969,0.5667351129363449,0.03802163833075734,1.1398040961709706,0.17512953367875647,,,,0.0,,
VLTO,2023,2023-12-31,Industrials,Pollution & Treatment Controls,,,0.6066522053506869,0.16709818761202946,0.5777733519219279,2.007953723788865,1.6387351778656127,0.14737396803091515,23.660783206715305,,19963712245.630264,0.0,80.44666290283203,
VLTO,2024,2024-12-31,Industrials,Pollution & Treatment Controls,0.2472758351949129,0.2428849491756063,0.40873405299313054,0.16040824186404776,0.5979202772963604,1.3577036310107948,1.917269076305221,0.1300343428036216,30.394082440587574,,25192355253.6438,0.10684273709483794,101.5162353515625,81.67790222167969
VMC,2020,2020-12-31,Basic Materials,Building Materials,,0.04145267317771088,,,,,,,,,18854687486.856995,,142.70431518554688,137.0242919921875
VMC,2021,2021-12-31,Basic Materials,Building Materials,0.42131963616994683,0.41090312833141046,0.10249045072574485,0.12081697345196499,0.2473614062893988,0.6909854851031322,2.20538151566359,0.04902576995600252,40.1079610999362,,26602137558.917633,0.2927847346451998,201.3419647216797,142.70431518554688
VMC,2022,2022-12-31,Basic Materials,Building Materials,-0.13585052486773022,-0.14384236445735438,0.08307594607857287,0.07868547681539807,0.21294017935258092,0.6529601939785815,1.9882918670290612,0.0404366824498054,39.9954634310198,,22775621466.762543,0.36935371785962473,172.3804473876953,201.34194946289065
VMC,2023,2023-12-31,Basic Materials,Building Materials,0.29798094159955124,0.2878959779013217,0.12470267525456344,0.11991929991390278,0.2503887225484779,0.5859903252532271,3.1656218655967905,0.06415641736045705,31.627502004191662,,29167724362.19101,0.24474924989284183,220.7599639892578,171.4113311767578
VMC,2024,2024-12-31,Basic Materials,Building Materials,0.1494468595737337,0.1411936005943208,0.11232232158253887,0.12293568087142914,0.26957143049732396,0.7179562978838716,1.828504559761117,0.05331252046209251,37.33896297259923,,33793646446.93277,0.268011843403882,255.7718963623047,224.12664794921875
VNO,2024,2024-12-31,Real Estate,REIT - Office,0.5513041431972499,0.5132150341201784,0.01364554047677484,0.03937324563709734,,1.7433526771330232,1.7550921440461125,0.0043995702626128475,1051.0000228881836,,8073383720.698349,2.8871098356230553,42.040000915527344,27.78190803527832
VNO,2023,2023-12-31,Real Estate,REIT - Office,0.46725742776122214,0.4172677325571651,0.0191491694414877,0.05824655207731165,0.5002338276565942,1.6308234937913229,1.9963731643625342,0.006516937433533496,122.7150129235309,,5420238681.986473,1.8122547253872259,28.22445297241211,19.91469383239746
VNO,2022,2022-12-31,Real Estate,REIT - Office,-0.3956397942672584,-0.46100217664598314,-0.05933478408583413,-0.1924999791666088,0.5144925402570563,1.562574832252461,2.1701447695219294,-0.021008374574639818,,,3864859459.8372498,,20.125228881835938,37.33823776245117
VNO,2021,2021-12-31,Real Estate,REIT - Office,0.2553349644336052,0.17780685126963552,0.02822149380422446,0.11074621981991052,0.4982947502218083,1.4409323985551796,2.202360475976759,0.010193038717319252,70.44951240971403,,7170455403.037689,2.6817709191529495,37.33824157714844,31.70149803161621
VNO,2020,2020-12-31,Real Estate,REIT - Office,,-0.4043413265716435,,,,,,,,,6087971863.885322,,31.70149612426757,53.22090911865234
VNT,2024,2024-12-31,Technology,Scientific & Technical Instruments,0.06135949522160167,0.05834666534150776,0.4016744363048235,0.14172541121181603,0.47804632426988924,2.0903815050899057,1.5068191816981962,0.09794687391253915,13.235309947620738,,5339454915.6188965,0.03600189483657035,36.39710235595703,34.39052963256836
VNT,2023,2023-12-31,Technology,Scientific & Technical Instruments,0.7724120948881573,0.766902321410419,0.42329290206648695,0.12176919100542775,0.46239338330317914,2.635557053009883,1.3948497854077253,0.08777363763390778,14.001192140185143,,4970619226.455688,0.041124966834704166,33.88288497924805,19.176433563232425
VNT,2022,2022-12-31,Technology,Scientific & Technical Instruments,-0.3547953784357511,-0.3583664440432927,0.6960971379011275,0.12602060042708202,0.44853033538500187,4.576062445793582,1.4894074631680825,0.09239518338590473,7.820903058032915,,2856842931.7474375,0.03962123099925243,19.47404861450196,30.350732803344727
VNT,2021,2021-12-31,Technology,Scientific & Technical Instruments,-0.0752894381212965,-0.07791954406503304,0.7246885418494473,0.138094760423981,0.44574848697629316,4.625197403053167,1.5836725948146562,0.09494689411007402,12.490013499318817,,4452452502.250671,0.030750605326876512,30.350732803344727,32.91549301147461
VNT,2020,2020-12-31,Technology,Scientific & Technical Instruments,,,,,,,,,,,4828702824.783325,,32.91549301147461,
VRSK,2024,2024-12-31,Industrials,Consulting Services,0.16669437849013932,0.15999203247187394,9.565434565434565,0.3322691466842489,0.6873026338619564,32.425574425574425,0.7358140285737348,0.22451755105869112,40.85489605649217,,38300952545.04089,0.23112271540469975,274.1363525390625,236.32606506347656
VRSK,2023,2023-12-31,Industrials,Consulting Services,0.36546248024489114,0.3573423513169625,1.9819354838709677,0.22913403445961064,0.6731185201760275,9.98516129032258,1.0501685247601762,0.14072055152195323,56.464120695630996,,32896642049.662537,0.3203125,235.45538330078125,173.4679412841797
VRSK,2022,2022-12-31,Industrials,Consulting Services,-0.21299761811805784,-0.21925321809183487,0.5455324987137712,0.3821786143372046,0.6697637164597517,2.261190190361859,0.3988875474301483,0.13709040237893436,29.062090555826824,,24362454835.24031,0.20454783611023786,174.37254333496094,223.34071350097656
VRSK,2021,2021-12-31,Industrials,Consulting Services,0.11520105753779454,0.1085153019330934,0.23657021125510386,0.2705786802030457,0.6533197969543147,1.270051482336233,0.491017316017316,0.0853344603680793,54.740367216222424,,31204039178.026978,0.2824553504427435,223.3406982421875,201.47732543945312
VRSK,2020,2020-12-31,Industrials,Consulting Services,,0.39886660600399426,,,,,,,,,28149398680.930756,,201.47732543945312,144.0289764404297
VRSN,2024,2024-12-31,Technology,Software - Infrastructure,,0.004855330593477556,-0.401297308340569,0.5044946706048542,0.8771028637472711,-0.9201184943051228,0.4335445104826595,0.5586206896551724,25.72542381286621,,19223805347.311615,,205.8033905029297,204.80897521972656
VRSN,2023,2023-12-31,Technology,Software - Infrastructure,,-0.01888632109128502,-0.5171410499683744,0.5475855602437881,0.8678588172259059,-1.1369386464263125,0.8315523769457299,0.46746712407089763,25.371337118028084,,18722217331.950623,,200.43356323242188,204.29188537597656
VRSN,2022,2022-12-31,Technology,Software - Infrastructure,,-0.20447567090206356,-0.4313148124439892,0.4728752894939996,0.8591480103866938,-1.149020611957496,0.9299847792998478,0.38871581862236065,32.17813296195788,,18755656342.934418,,200.7915496826172,252.40151977539065
VRSN,2021,2021-12-31,Technology,Software - Infrastructure,,0.17292059631278575,-0.6226100753669179,0.5911419102139198,0.8554534498342874,-1.418643395477985,1.1812849162011174,0.3956043956043956,36.05735996791295,,23576471085.682438,,252.40151977539065,215.1906280517578
VRSN,2020,2020-12-31,Technology,Software - Infrastructure,,0.12310572365517412,,,,,,,,,20100654008.291656,,215.1906280517578,191.60317993164065
VRTX,2020,2020-12-31,Healthcare,Biotechnology,,0.0794245244669234,,,,,,,,,60595365518.4094,,236.33999633789065,218.9499969482422
VRTX,2021,2021-12-31,Healthcare,Biotechnology,,-0.0708301197163523,0.2318910891089109,0.30921261089987323,0.8806242078580482,0.09578217821782178,4.463398692810458,0.1743606923506421,24.372919656328037,,56303388524.48434,,219.6000061035156,236.33999633789065
VRTX,2022,2022-12-31,Healthcare,Biotechnology,,0.3024589301643601,0.23877464474904225,0.3719753210834537,0.879035237999261,0.06466753397974513,4.826519820575472,0.1830212275975296,22.31045156112885,,73332851182.22818,,286.0199890136719,219.6000061035156
VRTX,2023,2023-12-31,Healthcare,Biotechnology,,0.4229171182182587,0.20588837569111054,0.36675718396627893,0.8721071616747051,0.04598302655229688,3.987201894345154,0.15924188964461378,29.58315361138296,,105353483341.3406,,410.9100036621094,288.7799987792969
VRTX,2024,2024-12-31,Healthcare,Biotechnology,,-0.010297629065747542,-0.032639430577223086,-0.04860209979945736,0.8611174127276522,0.10661442082683308,2.692139370476351,-0.023769371416398913,,,103248518287.4687,,402.7000122070313,406.8900146484375
VST,2024,2024-12-31,Utilities,Utilities - Independent Power Producers,2.6524363640933446,2.6152914624037558,0.47737881508078994,0.1543776126335346,0.43689038550859266,3.117414721723519,0.9628795066413662,0.07039978819168652,18.9102988844994,,46523459221.144775,0.17976682963520121,137.31011962890625,37.98037338256836
VST,2023,2023-12-31,Utilities,Utilities - Independent Power Producers,0.7488391092408745,0.6874097134288796,0.2813265498398342,0.10102172000811963,0.3735029433655863,2.765592613529301,1.184668634836608,0.04528908572468604,9.82317976104819,,12718189508.30406,0.3101138647019424,37.53667831420898,22.245147705078125
VST,2022,2022-12-31,Utilities,Utilities - Independent Power Producers,0.071785849986893,0.008632802631896646,-0.2503059975520196,-0.08937937062937062,0.12252331002331002,2.7205222358221133,1.0753603560027087,-0.03742336901820844,,,7234974062.674438,,21.353424072265625,21.17066192626953
VST,2021,2021-12-31,Utilities,Utilities - Independent Power Producers,0.2440836361533473,0.1957409121695105,-0.15366059582680014,-0.1054897739504844,0.11169992547818167,1.3278253527921844,1.3491357179531063,-0.04292019000774854,,,7173051825.650071,,21.1706657409668,17.705060958862305
VST,2020,2020-12-31,Utilities,Utilities - Independent Power Producers,,-0.11870615272234547,,,,,,,,,5998833844.272995,,17.705059051513672,20.089847564697266
VTR,2024,2024-12-31,Real Estate,REIT - Healthcare Facilities,0.25693351501981604,0.22238136916011225,0.0075342111564034205,0.016480222636226394,0.4258902748145612,1.2756673843476352,1.0358376239869893,0.003098991534165968,303.315594321803,,26191157943.68747,9.122595591044076,57.62996292114258,47.14564895629883
VTR,2023,2023-12-31,Real Estate,REIT - Healthcare Facilities,0.20633405981360187,0.1674779137583609,-0.0043183757940771445,-0.0091095099922696,0.43055924560904635,1.4424058116002243,0.7343487263463107,-0.001657119614447197,,,21740168224.613373,,47.836185455322266,40.97395324707031
VTR,2022,2022-12-31,Real Estate,REIT - Healthcare Facilities,-0.04337182574187384,-0.07875617221392353,-0.004673214768331782,-0.011490622986137969,0.4471273200356583,1.2299083381332434,0.6116777101156471,-0.0019640414871528247,,,18753756927.832825,,41.26500701904297,44.79270935058594
VTR,2021,2021-12-31,Real Estate,REIT - Healthcare Facilities,0.1136006248273485,0.07725186755407251,0.00451504161682122,0.012802484425968918,0.4544166194053459,1.1262524776852858,0.6158861098051102,0.0019827018487820875,344.5592440091647,,20356992544.13031,14.015834149526608,44.792701721191406,41.580528259277344
VTR,2020,2020-12-31,Real Estate,REIT - Healthcare Facilities,,-0.09802511260322891,,,,,,,,,18897152241.98346,,41.580528259277344,46.09943008422852
VTRS,2024,2024-12-31,Healthcare,Drug Manufacturers - Specialty & Generic,0.24606393073384075,0.19683255634742916,-0.034031820986826215,-0.0430278235737111,0.38153779351800965,0.7676692334522819,1.6473509360833305,-0.015281596302730785,,,13973596349.12775,,11.985530853271484,10.014375686645508
VTRS,2023,2023-12-31,Healthcare,Drug Manufacturers - Specialty & Generic,0.12365638041776422,0.07334237065687049,0.0026725426776239287,0.0035457544937738624,0.41736188087042764,0.8975834742077645,1.6684367526422712,0.0011470992230342557,210.6440544128418,,12279201587.91018,10.522851919561242,10.53220272064209,9.812528610229492
VTRS,2022,2022-12-31,Healthcare,Drug Manufacturers - Specialty & Generic,-0.08009285925330702,-0.12366564747053826,0.09864134432406524,0.12781395463237963,0.3995031575322671,0.9266999805431775,1.5765023272360736,0.04155355022370068,5.867212975931445,,11697118322.797142,0.279803714038295,10.032934188842772,11.44875144958496
VTRS,2021,2021-12-31,Healthcare,Drug Manufacturers - Specialty & Generic,-0.23910045171310448,-0.26118554475021044,-0.06192936997077008,-0.07095374672235175,0.3117190251756931,1.1398205214539812,1.1030411557605924,-0.023140685741792906,,,13347780204.02195,,11.44875144958496,15.496111869812012
VTRS,2020,2020-12-31,Healthcare,Drug Manufacturers - Specialty & Generic,,-0.0676615756429574,,,,,,,,,18066483794.025375,,15.496110916137695,16.62069320678711
VZ,2020,2020-12-31,Communication Services,Telecom Services,,-0.0013090433361504466,,,,,,,,,183582742665.1488,,43.54093933105469,43.5980110168457
VZ,2021,2021-12-31,Communication Services,Telecom Services,-0.018592966957938977,-0.0754883129408186,0.2697762562660472,0.1651411165081242,0.5786263312701608,2.175449321432938,0.7787955894826124,0.06018887276456917,7.566558866572559,,169724331656.91434,0.47337412191253114,40.254093170166016,43.540924072265625
VZ,2022,2022-12-31,Communication Services,Telecom Services,-0.12193909879737165,-0.1856011493152723,0.23321337663477573,0.1553403734424672,0.5678517923046005,1.9346418853682086,0.7545594068286461,0.05598398651495996,6.4788320790166445,,138223313733.4179,0.5083270605946556,32.78289031982422,40.25409698486328
VZ,2023,2023-12-31,Communication Services,Telecom Services,0.1405009898227393,0.059281168290813625,0.1256518446391864,0.0866884619403765,0.5903160314687924,1.89269717624148,0.6916934408056667,0.030542662160918332,12.401124434037644,,143789713645.40167,0.9492853452729464,34.10309219360352,32.19456100463867
VZ,2024,2024-12-31,Communication Services,Telecom Services,0.21210719483602833,0.13142624249647808,0.17640597760915788,0.12987803068522422,0.5986512152417129,1.6965144049094592,0.6256349292121474,0.045504287634094163,9.03721777137351,,157749920306.82608,0.6425796869644693,37.41408157348633,33.06806945800781
WAB,2024,2024-12-31,Industrials,Railroads,0.5079148927665874,0.5014047202068218,0.10464770587652364,0.10166554346779628,0.32405891980360063,0.39441086116341295,1.3035337552742616,0.05646454924606994,31.268641490809966,,32287417714.242767,0.13257575757575757,188.8625946044922,125.79059600830078
WAB,2023,2023-12-31,Industrials,Railroads,0.27677442291772564,0.2694553280389948,0.0777152665204539,0.0842203162137026,0.3042265164823809,0.38800419567083055,1.196992110453649,0.04292184537602697,27.54733525627759,,21333649574.969482,0.150920245398773,124.7894287109375,98.30155181884766
WAB,2022,2022-12-31,Industrials,Railroads,0.09732871522084056,0.09012479174147552,0.0626608592357949,0.07569959339870844,0.30375508251614447,0.39615917640071274,1.2480530718200173,0.034186649384316266,28.396619675476426,,16796937423.045624,0.17535545023696683,98.25230407714844,90.12940979003906
WAB,2021,2021-12-31,Industrials,Railroads,0.2728337957294442,0.26527904236100613,0.054700519556906184,0.0713372538992585,0.3028637177192534,0.39780413684932847,1.3168384879725086,0.030237346916657633,30.449122351569095,,15408268969.246107,0.16487455197132617,90.12940216064452,71.23282623291016
WAB,2020,2020-12-31,Industrials,Railroads,,-0.05229918693641433,,,,,,,,,12177763523.6053,,71.23282623291016,75.16383361816406
WAT,2024,2024-12-31,Healthcare,Diagnostics & Research,,0.1268110397193825,0.34882775947808786,0.21560194795339488,0.5943056131601444,0.9310010844913363,2.1134461442619132,0.1400664720304713,34.63865648798582,,22082262401.351624,,370.9800109863281,329.2300109863281
WAT,2023,2023-12-31,Healthcare,Diagnostics & Research,,-0.04074958258582724,0.5582988000949284,0.21723397519158333,0.5957189380655497,2.1230782872209195,2.2199992401023327,0.13880576305195713,30.31549770453759,,19560819309.954834,,328.6199951171875,342.5799865722656
WAT,2022,2022-12-31,Healthcare,Diagnostics & Research,,-0.07249063157052414,1.402917413298235,0.23814450819594907,0.5800132976396689,3.297234027370324,2.244902556453368,0.215683418290617,29.462062773903718,,20570943868.716125,,345.5899963378906,372.6000061035156
WAT,2021,2021-12-31,Healthcare,Diagnostics & Research,,0.5059413501777407,1.8850100937549312,0.24869861307438887,0.5848581091607158,4.356908100578418,2.393714695492191,0.2238637230155622,33.3572073503595,,22178691201.306458,,372.6000061035156,247.4199981689453
WAT,2020,2020-12-31,Healthcare,Diagnostics & Research,,0.05893432327056482,,,,,,,,,14727460135.608063,,247.4199981689453,233.6499938964844
WB,2020,2020-12-31,Communication Services,Internet Content & Information,,-0.11564186727883644,,,,,,,,,4921122611.820603,,31.34407997131348,35.442745208740234
WB,2021,2021-12-31,Communication Services,Internet Content & Information,-0.24420599675281832,-0.24420599675281832,0.11918206276829035,0.18976661469693404,0.8210783564450221,0.6942240584603406,2.224519561893619,0.05696093448493136,12.73638202298072,,3719355411.9181824,0.0,23.68967056274414,31.344083786010746
WB,2022,2022-12-31,Communication Services,Internet Content & Information,-0.3489348006193132,-0.3489348006193132,0.025690263493731703,0.04659015907798807,0.781855895339187,0.7467835748066962,3.731548652472503,0.01200021768847937,42.84311135609945,,2421542872.828148,0.0,15.4235200881958,23.68967056274414
WB,2023,2023-12-31,Communication Services,Internet Content & Information,-0.32699154606650666,-0.4141762261671292,0.1008016217798681,0.19467609481792622,0.7873216595182733,0.7960423510511999,2.5107678269892535,0.04705785072657141,5.98958155491969,,1344748842.8659058,0.5841569419552946,8.565101623535156,14.620611190795898
WB,2024,2024-12-31,Communication Services,Internet Content & Information,0.09923812114551893,-0.039780032601721915,0.08636829696813256,0.17142813178721783,0.7894079651126674,0.5471269859545747,3.6067050497037605,0.04624506822124194,7.372776393232675,,1342757883.4170609,0.6462777716829399,8.552420616149902,8.906730651855469
WBD,2024,2024-12-31,Communication Services,Entertainment,,-0.07117754055106101,-0.33231483385727295,-0.2876579944558887,0.4158337783881387,1.160648705820137,0.8904490828589501,-0.10817712318286152,,,26168912265.194263,,10.56999969482422,11.380000114440918
WBD,2023,2023-12-31,Communication Services,Entertainment,,0.2299578492027564,-0.06911953301198426,-0.07565160572106193,0.4064519251712204,0.9655729005439349,0.9273415079572137,-0.02546494293604438,,,28867504430.34713,,11.65999984741211,9.479999542236328
WBD,2022,2022-12-31,Communication Services,Entertainment,,-0.5947323878156565,-0.15651343030045653,-0.21796729455599254,0.39551113345358846,1.0404289202675443,0.9322101618166079,-0.05500705218617771,,,23618867475.836784,,9.539999961853027,23.540000915527344
WBD,2021,2021-12-31,Communication Services,Entertainment,,-0.2176802659968486,0.08673161479437883,0.08251989172340252,0.6210319087851693,1.2724372790757823,2.1000289100896214,0.029221250762482935,15.285714880212561,,58279681784.91722,,23.540000915527344,30.09000015258789
WBD,2020,2020-12-31,Communication Services,Entertainment,,-0.08094078772212833,,,,,,,,,74495988343.15286,,30.09000015258789,32.7400016784668
WDAY,2021,2021-01-31,Technology,Software - Application,,0.2819693234132612,,,,,,,,,51361730529.78516,,236.69000244140625,184.6300048828125
WDAY,2022,2022-01-31,Technology,Software - Application,,0.11198521453979617,0.006394592203624984,0.005643121229811247,0.7221249270286048,0.4636643835767468,1.028850470267993,0.0027622980605333807,2108.4166208903002,,54903168807.98341,,253.009994506836,227.52999877929688
WDAY,2023,2023-01-31,Technology,Software - Application,,-0.2829137322048388,-0.06571172784243509,-0.05904118404118404,0.724903474903475,0.5817367949865712,1.7519446845289541,-0.027213406495625092,,,39370308410.64453,,181.42999267578125,253.00999450683597
WDAY,2024,2024-01-31,Technology,Software - Application,,0.6043103074162949,0.17087354615194258,0.19024659043945447,0.7560270009643202,0.40781984657263054,1.9661721068249258,0.08394116216873329,55.867563785838534,,63162191589.35547,,291.07000732421875,181.42999267578125
WDAY,2025,2025-01-31,Technology,Software - Application,,-0.108639464086416,0.05822448527783927,0.06227800142079091,0.7550319677954062,0.37214965685189283,1.9006849315068493,0.029259609501029092,134.38974233774036,,56867019470.21483,,262.0599975585937,294.0
WDC,2021,2021-06-30,Technology,Computer Hardware,,0.6120045615389255,,,,,,,,,18384785223.464172,,53.631927490234375,33.27033233642578
WDC,2022,2022-06-30,Technology,Computer Hardware,-0.3700998229782333,-0.3700998229782333,0.12650355944685376,0.08226467301654872,0.31256318842122066,0.5745847312003928,1.8050410540385717,0.05887505236299935,7.112160130550987,,11580579466.767242,0.0,33.78276062011719,53.631927490234375
WDC,2023,2023-06-30,Technology,Computer Hardware,-0.1539148430055322,-0.1539148430055322,-0.14222972972972972,-0.269224620303757,0.22238209432454037,0.5971283783783784,1.4512329775487671,-0.06860588283223336,,,9798157502.619392,,28.58309555053711,33.78276443481445
WDC,2024,2024-06-30,Technology,Computer Hardware,1.0137095354567605,1.0137095354567605,-0.07223680637277088,-0.12632578755738483,0.28067120468576856,0.6729428804200235,1.3241333990471498,-0.03299156606581776,,,19730643192.93187,,57.55805206298828,28.58309555053711
WDC,2025,2025-06-30,Technology,Computer Hardware,0.12164240164439824,0.11939441454917643,0.3359205776173285,0.19548319327731092,0.3878151260504202,0.8503610108303249,1.080841638981174,0.13290958434509356,12.483514845371246,,21909980864.593735,0.023643202579258463,63.91559600830078,57.09836959838867
WEC,2020,2020-12-31,Utilities,Utilities - Regulated Electric,,0.024873970375753136,,,,,,,,,25261703853.192368,,78.48506164550781,76.58020782470703
WEC,2021,2021-12-31,Utilities,Utilities - Regulated Electric,0.1204239034897709,0.0865861160168878,0.11892795789319785,0.1565055315055315,0.36069023569023567,1.4245860594319968,0.7078870237143619,0.0333816381753594,20.749577060523112,,27449011337.268066,0.6567806377257012,85.28076171875,78.48504638671875
WEC,2022,2022-12-31,Utilities,Utilities - Regulated Electric,0.03316491251340268,-0.0002752748521437667,0.12354369570362837,0.14684185300185468,0.3438952216225228,1.5160905735800758,0.6913250921708957,0.03365725626371737,19.158938975816362,,27441452859.76097,0.6513162562974526,85.25727844238281,85.28075408935547
WEC,2023,2023-12-31,Utilities,Utilities - Regulated Electric,-0.010195965028891607,-0.04621442027950717,0.11339390536470828,0.1498819296075565,0.4049589564826268,1.5991952086842598,0.5465902870102448,0.030334754219987846,19.187612669162842,,26062077371.984634,0.7383899767424413,80.97172546386719,84.89510345458984
WEC,2024,2024-12-31,Utilities,Utilities - Regulated Electric,0.20268113724570114,0.16111963707419868,0.12300610040723035,0.1777229967790323,0.44022604914010627,1.635923189595506,0.6013548400421322,0.032269779068981826,18.98056567332266,,29507466179.44893,0.6910494634912326,91.67613220214844,78.95494079589844
WELL,2024,2024-12-31,Real Estate,REIT - Healthcare Facilities,0.45726506172311016,0.43068097195653915,0.029780754963167094,0.12117727141809036,0.3849699590685465,0.5244162886910737,5.2774536765634545,0.018644194373249216,79.19796500236365,,83162356069.08658,1.6237338180901144,124.34080505371094,86.91022491455078
WELL,2023,2023-12-31,Real Estate,REIT - Healthcare Facilities,0.4497429182755676,0.4189940379133942,0.013387221162212368,0.052497973598039344,0.390608948646629,0.6344882865849568,4.510600751689665,0.007727272500062824,131.78438128847063,,58172936551.058044,3.7065575987815134,86.97769165039062,61.295318603515625
WELL,2022,2022-12-31,Real Estate,REIT - Healthcare Facilities,-0.17318141659459863,-0.19493728249558087,0.006958132259797995,0.024448119378095965,0.38387671336279283,0.7373268855777638,2.6334800683507806,0.0037266284457702515,208.68147532145184,,41871475292.94593,8.012852833288484,62.60444259643555,77.76343536376953
WELL,2021,2021-12-31,Real Estate,REIT - Healthcare Facilities,0.3971153780305616,0.36983194829624966,0.019059763038117315,0.07137474384120034,0.41085610070409034,0.8322123592530982,1.9279926596197026,0.009628612738494987,99.69674134865785,,52010218218.54022,3.081787837138318,77.76345825195312,56.76861190795898
WELL,2020,2020-12-31,Real Estate,REIT - Healthcare Facilities,,-0.17187985002343315,,,,,,,,,37968307578.530624,,56.768592834472656,68.55115509033203
WFC,2024,2024-12-31,Financial Services,Banks - Diversified,0.5067286867965494,0.46478076077146696,0.1101049575703439,0.23964712744240305,,1.0420332737829388,,0.010219473584666126,12.869194499607193,,217615376161.13516,0.3159922928709056,69.10757446289062,47.179466247558594
WFC,2023,2023-12-31,Financial Services,Banks - Diversified,0.28118154732266865,0.23211130998891966,0.10306081244784236,0.2317517585384457,,1.1816351253129458,,0.009905468033623325,9.789836085854601,,148897182186.83185,0.3097899905965939,47.28490829467773,38.377140045166016
WFC,2022,2022-12-31,Financial Services,Banks - Diversified,-0.06998239985660477,-0.10855955689583699,0.07588763059918881,0.1839097461273666,,1.0841438852114278,,0.007271055065868518,12.370020872468402,,122310575155.9613,0.3870000731154493,38.84186553955078,43.572025299072266
WFC,2021,2021-12-31,Financial Services,Banks - Diversified,0.6540577220790863,0.6114591330185465,0.11784804323955524,0.2792739307278377,,0.9269799473364392,,0.011349193149315116,8.73186803294088,,137205536717.4685,0.16405083902483153,43.572021484375,27.038862228393555
WFC,2020,2020-12-31,Financial Services,Banks - Diversified,,-0.4164811220303872,,,,,,,,,85143659077.37378,,27.03886032104492,46.33759307861328
WHR,2024,2024-12-31,Consumer Cyclical,"Furnishings, Fixtures & Appliances",0.06930383583114968,0.005971467716207718,-0.12038762579202385,-0.019449629674233755,0.1554163906786295,2.734625419306746,0.7154171787518776,-0.01981230448383733,,,6099456803.856445,,109.1246337890625,108.47686767578124
WHR,2023,2023-12-31,Consumer Cyclical,"Furnishings, Fixtures & Appliances",-0.024846826909608148,-0.08242472946496869,0.20364098221845894,0.024723721408378307,0.16294011822153687,3.3204911092294664,0.8933506044905009,0.027784195933456563,12.555448724589214,,6119516138.099547,0.7983367983367984,109.48351287841795,119.31829071044922
WHR,2022,2022-12-31,Consumer Cyclical,"Furnishings, Fixtures & Appliances",-0.32474373894916925,-0.3614924082261006,-0.6502568493150684,-0.07701277631312108,0.15580004055972418,3.509845890410959,1.0780644073512056,-0.0887059098341509,,,6776244301.943727,,121.2329559326172,189.86924743652344
WHR,2021,2021-12-31,Consumer Cyclical,"Furnishings, Fixtures & Appliances",0.3750271432908721,0.33258582503658024,0.3679323153115972,0.08110075051171253,0.20054582670002274,1.2445315724308708,1.1392479435957696,0.0878974611782105,6.694966949764193,,10612630035.750977,0.18956814357823892,189.8692626953125,142.48182678222656
WHR,2020,2020-12-31,Consumer Cyclical,"Furnishings, Fixtures & Appliances",,0.2651678530437866,,,,,,,,,7963937358.751099,,142.48182678222656,112.61891174316406
WM,2024,2024-12-31,Industrials,Waste Management,0.16004549618484173,0.14284694585047478,0.33276781386330584,0.12446176857181707,0.393418846031818,2.8962675714978188,0.7628635346756152,0.061615096371754885,29.309765427823287,,80404730491.48857,0.4406409322651129,199.59950256347656,174.651123046875
WM,2023,2023-12-31,Industrials,Waste Management,0.18402941760195116,0.16526757431790884,0.33376792698826596,0.11279741505923822,0.38284539312640753,2.3510068086339273,0.9001419782300047,0.07019468055936386,30.94495901370638,,70555112543.28842,0.4930555555555556,175.14846801757812,150.30751037597656
WM,2022,2022-12-31,Industrials,Waste Management,-0.027033903224643333,-0.04402203758458393,0.32676303109943056,0.11361559549192811,0.37587572342369785,2.18776463717331,0.8081474738279472,0.07134886983135141,27.913030224518785,,60606317545.33661,0.4812332439678284,150.45123291015625,157.37939453125
WM,2021,2021-12-31,Industrials,Waste Management,0.4602273964663511,0.4382220732346038,0.2549129702414374,0.10127711784061123,0.3803468852824717,1.8816676024705221,0.7518373346398824,0.06241193250163247,36.68516643675335,,63397178780.127106,0.5341409691629956,157.37936401367188,109.42633056640624
WMB,2024,2024-12-31,Energy,Oil & Gas Midstream,0.6818717299438456,0.6234949152606059,0.17891605017690576,0.21184423498048177,0.5870703608492811,2.1660501769057574,0.500941265060241,0.040801731093669774,28.980037144252233,,64409376293.41191,1.0408988764044944,52.74366760253906,32.48773193359375
WMB,2023,2023-12-31,Energy,Oil & Gas Midstream,0.20223609165450723,0.14079656441411578,0.25632962425415257,0.29146419730448336,0.6235445126982672,2.1336881148201905,0.7740994854202401,0.06040625534421495,12.74281721848708,,40459225933.368706,0.6854356715948412,33.131324768066406,29.042272567749023
WMB,2022,2022-12-31,Energy,Oil & Gas Midstream,0.37559767049639015,0.29803173692588475,0.17840661732694818,0.18686730506155952,0.5015047879616963,1.9964301262516326,0.7764826175869121,0.0423058658352776,16.994138249380146,,34657272895.83875,1.010736944851147,28.380210876464844,21.86403465270996
WMB,2021,2021-12-31,Energy,Oil & Gas Midstream,0.48681652776885803,0.38359078959509874,0.1328022410925326,0.14274960007527995,0.4472569869201092,2.074586360850915,0.914923572003218,0.031861715533899014,17.632282933881203,,26699860922.61299,1.3131179960448254,21.86403083801269,15.802382469177246
WMB,2020,2020-12-31,Energy,Oil & Gas Midstream,,-0.08195745112765791,,,,,,,,,19297509270.363132,,15.802379608154297,17.213123321533203
WMT,2025,2025-01-31,Consumer Defensive,Discount Stores,0.7858449704113941,0.7706001798327985,0.2135519101666795,0.028541010448100913,0.24851061330278934,0.6604990495863229,0.8226828460200447,0.07451796812397679,40.42635715848677,,776775118140.8877,0.3441037250463058,97.42752075195312,55.02513885498047
WMT,2024,2024-01-31,Consumer Defensive,Discount Stores,0.18274864188250212,0.16612571792562886,0.18496082803687053,0.023932111861137896,0.24375390549662487,0.731221902910769,0.8318671211383434,0.0614542846841707,28.23593086606857,,430731195464.73254,0.39584810779446844,54.02473831176758,46.328399658203125
WMT,2023,2023-01-31,Consumer Defensive,Discount Stores,0.06251626641117657,0.04521530482798507,0.15229551588802107,0.01910716535059522,0.24140463839525986,0.7682969762559816,0.8205709451398078,0.04802690822666398,32.54923454890959,,369369433195.3692,0.5234589041095891,46.328399658203125,44.32426452636719
WMT,2022,2022-01-31,Consumer Defensive,Discount Stores,0.028584850964732306,0.010985125232237268,0.16423432188629838,0.0238723780191845,0.25098733487675334,0.6885397523212377,0.9277972968333352,0.05584007187780773,27.304480674246868,,353390762160.87146,0.44993783368682805,44.32426452636719,43.84264755249024
WMT,2021,2021-01-31,Consumer Defensive,Discount Stores,,0.23674461848080552,,,,,,,,,346515400711.48413,,43.46191787719727,35.14219284057617
WRB,2024,2024-12-31,Financial Services,Insurance - Property & Casualty,0.3026508498488127,0.2718934887444989,0.20918305904472256,0.12826664099554105,,0.33840719914245326,,0.04328896390065015,13.28144860923837,,21997581480.52597,0.30291467244457226,57.9071159362793,45.52827453613281
WRB,2023,2023-12-31,Financial Services,Insurance - Property & Casualty,0.05180965679989609,0.02274390939931462,0.18528224592246914,0.11405690249282087,,0.3805334661403211,,0.03713129517312436,13.796695438528182,,17644860899.791718,0.36301642078561763,46.44887924194336,45.41594314575195
WRB,2022,2022-12-31,Financial Services,Insurance - Property & Casualty,0.3576748629343142,0.33941794647596724,0.20465234964729062,0.12311751650043874,,0.42042892969699774,,0.040786094981737006,13.792169476533989,,17254851682.445526,0.1702979301436141,45.42220687866211,33.91189956665039
WRB,2021,2021-12-31,Financial Services,Insurance - Property & Casualty,0.30911090930794466,0.27393226597667375,0.15368830744455406,0.10784404617521154,,0.49106607519512596,,0.031866758310853935,13.923677284346212,,12882349222.564697,0.34791147101683145,33.911895751953125,26.619857788085938
WRB,2020,2020-12-31,Financial Services,Insurance - Property & Casualty,,-0.03141480436362211,,,,,,,,,10112270267.848969,,26.619853973388672,27.483234405517575
WSM,2025,2025-01-31,Consumer Cyclical,Specialty Retail,1.2019360170516755,1.177950645732158,0.5252245242410565,0.14591778737868347,0.46453737326949307,0.6288755840944278,1.4407146749903503,0.2122471544948541,23.754608536200585,,25430188001.555817,0.24888491545441863,208.80300903320312,95.87132263183594
WSM,2024,2024-01-31,Consumer Cyclical,Specialty Retail,0.49817714874610086,0.4683983817541471,0.4463458844351205,0.1225396263436934,0.42623523801610497,0.6535300003148702,1.4464581732316129,0.18009924248342862,12.938014289357817,,11463399874.498932,0.24477184810510422,94.12405395507812,64.09980773925781
WSM,2023,2023-01-31,Consumer Cyclical,Specialty Retail,-0.11492029265225849,-0.1388940846639272,0.6630630122200921,0.13002649054109341,0.4239746601990658,0.8486859006578874,1.2442046844054604,0.24188293585096,7.855367660522461,,7806736000.613686,0.1926981374301359,64.09980010986328,74.43892669677734
WSM,2022,2022-01-31,Consumer Cyclical,Specialty Retail,0.291245853294554,0.26507635397832846,0.6768010229496692,0.13659298350120594,0.44045491015210403,0.7716876566436748,1.3116850277080703,0.2434996822047639,10.093413789393539,,9065941670.563103,0.16650345322936208,74.43892669677734,58.84144973754883
WSM,2021,2021-01-31,Consumer Cyclical,Specialty Retail,,0.8331699676911734,,,,,,,,,6970651664.453159,,57.2348518371582,31.221792221069336
WST,2024,2024-12-31,Healthcare,Medical Instruments & Supplies,-0.06518501035822254,-0.06753043985339961,0.18368564291839093,0.17029586616894787,0.34511959076455134,0.11270178578085971,2.794513081395349,0.13523082834714828,48.84279533352018,,23496315330.725098,0.11995128881672418,326.75830078125,350.4224853515625
WST,2023,2023-12-31,Healthcare,Medical Instruments & Supplies,0.4884389611021396,0.4850466078905995,0.20597014925373133,0.20116618075801748,0.3828056139399281,0.10725442554668518,2.88240547782078,0.15495495495495495,44.036675467708996,,24952489134.035492,0.09605662285136501,347.0090026855469,233.66876220703125
WST,2022,2022-12-31,Healthcare,Medical Instruments & Supplies,-0.4973742314799605,-0.4989938195715363,0.21822041789265895,0.20295126260002078,0.39357095846756035,0.11840292003426571,3.6984585741811173,0.16199402786994027,30.10808591854989,,16735387535.98099,0.09233657620754394,232.73550415039065,464.53619384765625
WST,2021,2021-12-31,Healthcare,Medical Instruments & Supplies,0.6613151672474442,0.6587776069324229,0.2833775798578402,0.23371945189998589,0.41524226585675944,0.13929091376209643,2.9321663019693656,0.19971030237189932,53.57972247377811,,33403555065.26642,0.07721365971592627,464.53619384765625,280.0473022460937
WST,2020,2020-12-31,Healthcare,Medical Instruments & Supplies,,0.8904943460836667,,,,,,,,,20137452377.98309,,280.0473022460937,148.13442993164062
WTW,2024,2024-12-31,Financial Services,Insurance Brokers,0.33020605366526323,0.3148439068909163,-0.01234256926952141,-0.00986908358509567,0.4459214501510574,0.746977329974811,1.198999841244642,-0.003540334525486796,,,30298808485.324585,,310.6041259765625,236.22889709472656
WTW,2023,2023-12-31,Financial Services,Insurance Brokers,0.010948476000289219,-0.004339816487759946,0.11081932773109243,0.11125171359274491,0.4364652536117262,0.6240546218487395,1.0635787806809185,0.036266758336198,23.61855971753298,,22924233355.05075,0.33364928909952607,235.00466918945312,236.02899169921875
WTW,2022,2022-12-31,Financial Services,Insurance Brokers,0.06460227794789813,0.04784985357726143,0.1007388178913738,0.11380554928942026,0.4287164448454771,0.5470247603833865,1.0714527369916773,0.03176052126286632,26.348329811690913,,23080635221.235996,0.3657086223984143,236.6080017089844,225.8033447265625
WTW,2021,2021-12-31,Financial Services,Insurance Brokers,0.16097814270656047,0.1415945287700048,0.31840120663650073,0.4692153811958213,0.4162036008001778,0.4137254901960784,1.2556370551480576,0.12073205604804117,6.888449053854533,,22026664127.62084,0.0885836096636665,225.8033599853516,197.7964630126953
WTW,2020,2020-12-31,Financial Services,Insurance Brokers,,0.05829803371210776,,,,,,,,,19294650570.72267,,197.79649353027344,186.9005584716797
WU,2024,2024-12-31,Financial Services,Credit Services,0.059817077236751066,-0.03789125820151178,0.964186190525338,0.22191605102501366,0.37750908615815854,3.2325317370213646,1.2652901458068304,0.11160623618660773,3.5773747158746647,,3165727459.1854753,0.3441447227574395,9.802006721496582,10.188044548034668
WU,2023,2023-12-31,Financial Services,Credit Services,0.05411700409447647,-0.0453824916841998,1.3068893528183716,0.14367684186366766,0.38680284599495063,5.567640918580376,1.023289378731221,0.07635263697126408,6.171150434584846,,3348373856.5197244,0.5575079872204473,10.36753273010254,10.86040496826172
WU,2022,2022-12-31,Financial Services,Credit Services,-0.07491961850643253,-0.16014388386541278,1.9058183340309753,0.20346330018992292,0.41316054072170705,5.476768522394307,0.8356733988551679,0.10717606487529865,4.749054786486504,,3589066989.405101,0.3999560729189545,11.112788200378418,13.231776237487791
WU,2021,2021-12-31,Financial Services,Credit Services,-0.07531001169771814,-0.15111224340833537,2.266029246344207,0.15890983671215586,0.42880807762088824,9.030933633295838,1.0412036853968127,0.09132430441434805,6.7166371999053185,,4273430486.216242,0.47356664184661207,13.231775283813477,15.587190628051758
WU,2020,2020-12-31,Financial Services,Credit Services,,-0.14723182997433612,,,,,,,,,5034153191.58176,,15.58719253540039,18.27834701538086
WY,2024,2024-12-31,Real Estate,REIT - Specialty,-0.13733991811968044,-0.16608287919930867,0.04073654973768131,0.05558674901740595,0.1843065693430657,0.5251517333607654,1.7891504605936541,0.023947750362844702,50.93435004905417,,19844834672.651287,1.7272727272727273,27.50454902648925,32.98235321044922
WY,2023,2023-12-31,Real Estate,REIT - Specialty,0.24141847191996474,0.1811005884409666,0.08196561156701837,0.10933020589001824,0.21918165233255146,0.4970691676436108,2.935279187817259,0.04940234351999058,28.696806534476906,,23810820816.42151,1.4493444576877235,33.00132751464844,27.941165924072266
WY,2022,2022-12-31,Real Estate,REIT - Specialty,-0.14419807281619346,-0.20801082483716854,0.174899990696809,0.18460329929300864,0.3554595443833464,0.4721369429714392,1.57816091954023,0.10841983852364476,10.994065326193105,,20068817840.94429,0.8601063829787234,27.814985275268555,35.12041091918945
WY,2021,2021-12-31,Real Estate,REIT - Specialty,0.3134981103183514,0.2692202600805765,0.24212872666480914,0.25556318008038426,0.4017253210469562,0.4758057026098263,3.2861635220125787,0.14768864717878993,10.12116028183819,,25339773812.09946,0.33908707326428844,35.12042617797852,27.670867919921875
WY,2020,2020-12-31,Real Estate,REIT - Specialty,,0.13039358100250514,,,,,,,,,19964835583.770752,,27.670867919921875,24.478967666625977
WYNN,2024,2024-12-31,Consumer Cyclical,Resorts & Casinos,-0.02894582305854418,-0.04395353828452725,-2.235348700264542,0.07029752267163078,0.4351226107999188,-54.27181356257333,1.897768415637459,0.03860991127806421,19.656819310681573,,8890738288.520393,0.2785274947213807,85.50716400146484,89.43829345703125
WYNN,2023,2023-12-31,Consumer Cyclical,Resorts & Casinos,0.16623386662325587,0.15608868520089383,-2.903923113031164,0.11175834524028777,0.4322379853815821,-53.18632996793724,1.9276117564829802,0.052156499649941276,14.693711679193036,,9655703381.233398,0.11607355676895975,92.8642578125,80.32624053955078
WYNN,2022,2022-12-31,Consumer Cyclical,Resorts & Casinos,0.006870513628914283,0.006702730684135578,0.5645105868376401,-0.11282292893600314,0.36376541361388937,-18.288919846891073,2.2245422521409965,-0.03159544095832308,,,8670043595.653984,,83.3846206665039,82.82943725585938
WYNN,2021,2021-12-31,Consumer Cyclical,Resorts & Casinos,-0.24616368236653471,-0.24629959196566334,3.5248253411560597,-0.2008112307581123,0.3201887841210055,-56.197394808271696,2.2330628629996583,-0.060314140504384946,,,8612318343.824394,,82.8294448852539,109.89704132080078
WYNN,2020,2020-12-31,Consumer Cyclical,Resorts & Casinos,,-0.18069539175864516,,,,,,,,,11426714710.256477,,109.89705657958984,134.13455200195312
XEL,2020,2020-12-31,Utilities,Utilities - Regulated Electric,,0.07768970458720584,,,,,,,,,33904713067.571182,,57.32704162597656,53.19438552856445
XEL,2021,2021-12-31,Utilities,Utilities - Regulated Electric,0.07158665500921156,0.044009364425112746,0.1022931078657443,0.11890402799493709,0.3914823914823915,1.5844222393031002,0.8400713436385255,0.027605400079514616,20.219581191604203,,35396833229.88707,0.5854727614276769,59.84996032714844,57.32703399658203
XEL,2022,2022-12-31,Utilities,Utilities - Regulated Electric,0.09243672408557317,0.06384659770548212,0.1041079460269865,0.11338994121489222,0.38275636838667537,1.5611394302848576,0.8463310299440605,0.028371576126037787,20.085545970062352,,37656803001.320595,0.5829493087557603,63.671180725097656,59.8499641418457
XEL,2023,2023-12-31,Utilities,Utilities - Regulated Electric,-0.0347538475092169,-0.06373603698847799,0.10053360581289737,0.12466563423905393,0.42087850204139093,1.5618755676657583,0.7199221514508138,0.027637759640443828,18.581645882389626,,35276846434.952255,0.616600790513834,59.6470832824707,63.707550048828125
XEL,2024,2024-12-31,Utilities,Utilities - Regulated Electric,0.15735656042050863,0.12320930281656388,0.09917016699108698,0.14403690201621902,0.4574064429729931,1.5473824403237373,0.6696082984982196,0.027643321196544585,18.996943983920787,,38649397445.52136,0.6069214876033058,65.3494873046875,58.1810417175293
XOM,2020,2020-12-31,Energy,Oil & Gas Integrated,,-0.36211027157072817,,,,,,,,,144883004855.4527,,33.98419189453125,53.27596664428711
XOM,2021,2021-12-31,Energy,Oil & Gas Integrated,0.6787626426781543,0.5757553920010345,0.13667344892838287,0.08326948375811372,0.23450623798302805,0.28298047776387053,1.0443302791165723,0.06798004266455802,9.935208463934226,,228300176110.29166,0.6477430555555556,53.55077362060547,33.98419189453125
XOM,2022,2022-12-31,Energy,Oil & Gas Integrated,0.8751310915197228,0.8096953166099338,0.2857743438828192,0.13981313099642567,0.25852386028720137,0.21119308481458504,1.414019842131943,0.151029487870766,7.308491035104697,,413153788919.087,0.26801219949766775,96.91059112548828,53.550777435302734
XOM,2023,2023-12-31,Energy,Oil & Gas Integrated,-0.005380487537797494,-0.040301173984969414,0.17582836105116162,0.10758984992396108,0.25139753269374987,0.20299118172674094,1.4791015983832445,0.0956906012749889,10.834019149248189,,410612207786.41986,0.4149125242988059,96.3144302368164,100.35901641845705
XOM,2024,2024-12-31,Energy,Oil & Gas Integrated,0.15426522595051465,0.11261611156247216,0.12771847329402172,0.09927869664285904,0.22621275943486605,0.15816916630325553,1.3084045685351386,0.07427090798831247,13.350683329056718,,446231325698.3769,0.49596199524940615,104.66935729980467,94.0749969482422
XRAY,2024,2024-12-31,Healthcare,Medical Instruments & Supplies,-0.4339816803850665,-0.4528090702753951,-0.4685890834191555,-0.23991563406274716,0.516214078565779,1.1699279093717816,1.0988042794210195,-0.1581783417347471,,,3662008252.1750507,,18.3574161529541,33.548465728759766
XRAY,2023,2023-12-31,Healthcare,Medical Instruments & Supplies,0.15597233404555064,0.13629880417388246,-0.04008502884907379,-0.03329129886506936,0.5261034047919294,0.6981475857880353,1.3845614035087719,-0.01791044776119403,,,6699898907.007572,,33.5861701965332,29.55751609802246
XRAY,2022,2022-12-31,Healthcare,Medical Instruments & Supplies,-0.3954006156294616,-0.4056120276082861,-0.24927840461821044,-0.2422233554309026,0.5423253442121366,0.5633691944371556,1.617948717948718,-0.12429674211696978,,,6053653427.844027,,30.346582412719727,51.05517578125
XRAY,2021,2021-12-31,Healthcare,Medical Instruments & Supplies,0.0828622445164768,0.07316813061408815,0.08226581265012009,0.09714015599149137,0.5547151973528717,0.4591673338670937,1.4686756542426644,0.044485333910596385,26.73045452976726,,10184682066.936363,0.22384428223844283,51.05516815185547,47.574249267578125
XRAY,2020,2020-12-31,Healthcare,Medical Instruments & Supplies,,-0.06594235722772562,,,,,,,,,9490296450.013985,,47.574256896972656,50.932891845703125
XRX,2024,2024-12-31,Technology,Information Technology Services,-0.42906517278261547,-0.49821607922792815,-1.024031007751938,-0.2123452821089857,0.3150618871564057,2.781395348837209,1.1206567392134403,-0.15791990436341902,,,1023146860.4799175,,8.13122272491455,16.20462989807129
XRX,2023,2023-12-31,Technology,Information Technology Services,0.42458008350085114,0.3162917585314653,0.0003633720930232558,0.00014522218995062446,0.33604414754574496,1.2569040697674418,1.1432169845268083,9.992006394884092e-05,,,2005646871.1570988,165.0,15.939414024353027,12.109332084655762
XRX,2022,2022-12-31,Technology,Information Technology Services,-0.21174663198136326,-0.2901731564127996,-0.0905257239246556,-0.045307443365695796,0.3261573096946672,1.111892043857183,1.2333333333333334,-0.027895694360218316,,,1574848199.3760948,,12.515741348266602,17.632104873657227
XRX,2021,2021-12-31,Technology,Information Technology Services,0.11446947121867634,0.01978285424189443,-0.10256988277727683,-0.06464904802500711,0.3414322250639386,1.0225428313796212,1.6617179215270415,-0.03440974060349391,,,2218637381.725685,,17.63210678100586,17.29006004333496
XRX,2020,2020-12-31,Technology,Information Technology Services,,-0.33610264524239986,,,,,,,,,2175597606.636162,,17.290058135986328,26.043270111083984
XYL,2024,2024-12-31,Industrials,Specialty Industrial Machinery,0.03853966261566783,0.025711776889668685,0.08363089644803608,0.10394767577668769,0.37514599392665265,0.19968051118210864,1.7542808219178083,0.053962287030861575,31.49978428670805,,27985837228.326416,0.39325842696629215,114.97421264648438,112.09212493896484
XYL,2023,2023-12-31,Industrials,Specialty Industrial Machinery,0.05288848444516895,0.04140676651177916,0.05990556757820185,0.08269961977186312,0.3689570885388376,0.23509738343497935,1.7614512471655328,0.03779791459781529,39.93398468126961,,27119689317.702274,0.4909688013136289,111.4158172607422,106.98587799072266
XYL,2022,2022-12-31,Industrials,Specialty Industrial Machinery,-0.05658563251456041,-0.06436876758311627,0.10160274756725815,0.06428830134009417,0.37739949293734154,0.5578133943903835,1.8943396226415095,0.044642857142857144,54.67841868497887,,26086143391.590393,0.6112676056338028,107.1697006225586,114.54267120361328
XYL,2021,2021-12-31,Industrials,Specialty Industrial Machinery,0.19801348927179546,0.1893538079577093,0.1326911124922312,0.0821944177093359,0.3801732435033686,0.7796768178993163,2.271746944644141,0.05159497341710972,48.74156546085438,,27880797717.426632,0.47540983606557374,114.5426788330078,96.30664825439452
XYL,2020,2020-12-31,Industrials,Specialty Industrial Machinery,,0.3090034380368366,,,,,,,,,23441971203.927914,,96.30664825439452,73.57249450683594
XYZ,2024,2024-12-31,Technology,Software - Infrastructure,,0.09877181047656444,0.1362166758855539,0.12010449958382828,0.36851774257118874,0.372326420829256,2.326040816689478,0.07877206217535432,18.63815742626525,,46708293085.98328,,84.98999786376953,77.3499984741211
XYZ,2023,2023-12-31,Technology,Software - Infrastructure,,0.14926799881188327,0.0005226994484590101,0.00044589195570666644,0.34244456568722687,0.32476244240784935,2.0059224067785775,0.0002958405401324101,3611.0000610351562,,39690234950.8667,,72.22000122070312,62.84000015258789
XYZ,2022,2022-12-31,Technology,Software - Infrastructure,,-0.5997770937518512,-0.031397015562845215,-0.0308441557515586,0.3417769309760719,0.367694855198135,1.8523179041927242,-0.017240821901560816,,,35524463024.56665,,64.63999938964844,161.50999450683594
XYZ,2021,2021-12-31,Technology,Software - Infrastructure,,-0.25790298217342394,0.050807017115026484,0.009415213674855557,0.2502560556039133,1.6854519983317318,1.9357362802993283,0.011940745225899276,489.4242257782907,,88761693721.09985,,161.50999450683594,217.63999938964844
XYZ,2020,2020-12-31,Technology,Software - Infrastructure,,2.478900169630852,,,,,,,,,119609285024.56665,,217.63999938964844,62.560001373291016
YUM,2024,2024-12-31,Consumer Cyclical,Restaurants,0.06867894544135078,0.04722091412851172,-0.19429916317991633,0.19684726453834944,0.4747648695191416,-1.6064330543933054,1.4743892828999212,0.22090084733164858,25.332434058646133,,36700017627.1272,0.506056527590848,132.2353057861328,126.27259826660156
YUM,2023,2023-12-31,Consumer Cyclical,Restaurants,0.046479949606106616,0.026372420673907018,-0.20323237465003818,0.22569248162803843,0.49406444318824194,-1.5310511580554849,1.259984338292874,0.2562991494142192,22.307212706755227,,34607957226.5365,0.4245460237946149,124.69731903076172,121.49324798583984
YUM,2022,2022-12-31,Consumer Cyclical,Restaurants,-0.05002916707260487,-0.06812365783611184,-0.1492789544840018,0.19365682548962293,0.48333820520315696,-1.4264308246958088,0.9663663663663664,0.22665070133424564,26.352484638372708,,33423861106.061157,0.489811320754717,120.43085479736328,129.23480224609375
YUM,2021,2021-12-31,Consumer Cyclical,Restaurants,0.3220152397292008,0.3005492859405618,-0.1881046219992834,0.23921628189550426,0.48086269744835963,-1.4483458736414667,1.0826855123674912,0.2639959772041569,24.805144385046784,,35867270788.79199,0.37587301587301586,129.23480224609375,99.36940002441406
YUM,2020,2020-12-31,Consumer Cyclical,Restaurants,,0.0984701339783989,,,,,,,,,27578553479.44885,,99.36939239501952,90.4616241455078
ZBH,2024,2024-12-31,Healthcare,Medical Devices,-0.11631912836660324,-0.12457811162518256,0.07248899190734755,0.11770374807907691,0.7146354804261194,0.4976379721048115,1.9060345179321883,0.04230223774063552,23.67377356535694,,20775280049.54199,0.21686213764107104,104.87481689453124,119.7991714477539
ZBH,2023,2023-12-31,Healthcare,Medical Devices,-0.03239047131467051,-0.04053353625758998,0.08204799487200032,0.13848692218225095,0.7181845230045171,0.4621529586154401,1.6131798138167566,0.04763477524666347,24.48647921202613,,23671285187.70508,0.19619140625,119.4940185546875,124.54215240478516
ZBH,2022,2022-12-31,Healthcare,Medical Devices,0.049052229437553274,0.040551628682964906,0.019250767451727494,0.03334341993400481,0.7090015706278189,0.47390664126519305,1.8774064964803663,0.010984524826735023,113.024770563299,,24628728455.222046,0.8694900605012964,124.3272476196289,119.4820556640625
ZBH,2021,2021-12-31,Healthcare,Medical Devices,-0.16318309900685807,-0.170198346983074,0.03172020504395492,0.05882266781890352,0.712858670338201,0.5583261589011665,1.4086334669396465,0.01712112685663614,62.5560500858966,,23668915387.115234,0.4982569721115538,119.4820556640625,143.9886932373047
ZBH,2020,2020-12-31,Healthcare,Medical Devices,,0.03766938307108382,,,,,,,,,28523587917.127686,,143.9887237548828,138.76165771484375
ZBRA,2024,2024-12-31,Technology,Communication Equipment,,0.4130173058000372,0.147239263803681,0.10600281068058623,0.4844408753262397,0.6586726157278304,1.431924882629108,0.06626506024096386,37.93909638710247,,19637414281.286835,,386.2200012207031,273.3299865722656
ZBRA,2023,2023-12-31,Technology,Communication Equipment,,0.045123073043068215,0.09749670619235837,0.06457242582897033,0.4631326352530541,0.7951251646903821,1.04630788485607,0.0405146454968519,46.84965227033709,,13625484123.581512,,267.9800109863281,256.4100036621094
ZBRA,2022,2022-12-31,Technology,Communication Equipment,,-0.5628360099621023,0.16941090376875229,0.08008994983566857,0.45390070921985815,0.8046103183315039,0.8074614065180102,0.061495550537920045,29.568183205344457,,13229908910.868347,,260.20001220703125,595.2000122070312
ZBRA,2021,2021-12-31,Technology,Communication Equipment,,0.548669198350766,0.2804959785522788,0.14874711213790653,0.46703394348676025,0.3837131367292225,0.9383333333333334,0.13467417538214,38.35051625045305,,30263034495.868347,,595.2000122070312,384.3299865722656
ZBRA,2020,2020-12-31,Technology,Communication Equipment,,0.5045802650288677,,,,,,,,,19541316201.09482,,384.3299865722656,255.44000244140625
ZION,2020,2020-12-31,Financial Services,Banks - Regional,,-0.13170588286456125,,,,,,,,,5453887855.0720215,,36.94044876098633,42.543704986572266
ZION,2021,2021-12-31,Financial Services,Banks - Regional,0.5389179228072245,0.4910621632040335,0.1512796462548573,0.3878392305049811,,0.13560230470320248,,0.0121137339055794,8.112005421971363,,8132087502.593994,0.23117803365810452,55.08051681518555,36.94045639038086
ZION,2022,2022-12-31,Financial Services,Banks - Regional,-0.17853499377139323,-0.2116138288532994,0.18536685060290212,0.287753807106599,,1.5840997343143266,,0.01012898542632196,7.499951772739234,,6411225773.620606,0.2965821389195149,43.42472076416016,55.08052062988281
ZION,2023,2023-12-31,Financial Services,Banks - Regional,-0.013805678605607339,-0.057164713811431504,0.11948690915480584,0.21829855537720708,,0.3632050606220348,,0.0077978968613465136,9.547991697815643,,6132044900.054932,0.4147058823529412,41.53376388549805,44.05198287963867
ZION,2024,2024-12-31,Financial Services,Banks - Regional,0.32932009184544925,0.2819005645108452,0.1280209013716525,0.2504792332268371,,0.5674395819725669,,0.008831315122500703,10.690197414822048,,7812588694.30542,0.36862244897959184,52.91647720336914,41.27970504760742
ZTS,2020,2020-12-31,Healthcare,Drug Manufacturers - Specialty & Generic,,0.25763649110067854,,,,,,,,,70367622964.48169,,158.7776336669922,126.25081634521484
ZTS,2021,2021-12-31,Healthcare,Drug Manufacturers - Specialty & Generic,0.4893624617791582,0.4826264080212586,0.44838212634822805,0.2619598765432099,0.7038323045267489,1.4842615012106537,3.8564273789649417,0.14654676258992805,55.130648110454494,,104328876024.47023,0.23269513991163476,235.40786743164065,158.77760314941406
ZTS,2022,2022-12-31,Healthcare,Drug Manufacturers - Specialty & Generic,-0.3879579243769321,-0.39381440612675167,0.47990919409761634,0.26163366336633664,0.6962871287128712,1.8365493757094211,2.370066308809599,0.14164154103852597,31.78192002736115,,63242645273.8396,0.2890255439924314,142.70082092285156,235.4078063964844
ZTS,2023,2023-12-31,Healthcare,Drug Manufacturers - Specialty & Generic,0.3645167619433212,0.35355237699098696,0.46908144886932157,0.2743445692883895,0.7002574906367042,1.3518110866519912,3.3578613022763366,0.16407671846563068,38.01940978161212,,85427340334.1565,0.295221843003413,192.75840759277344,142.40927124023438
ZTS,2024,2024-12-31,Healthcare,Drug Manufacturers - Specialty & Generic,-0.1571552137404869,-0.16631872246241047,0.5211740041928721,0.2685825410544512,0.7062445980985307,1.4138364779874213,1.7543962485345839,0.1746154386457821,29.49781958320241,,71509015163.24341,0.3161705551086082,161.3530731201172,193.5428771972656
